cid,epoch,activity,active_users,sentiment,internal_ratio,topic_0,topic_1,topic_2,topic_3,topic_4,topic_5,topic_6,topic_7,topic_novelty,growth
0,2,67,33,0.12139303482587065,0.8208955223880597,0.0036859380068848028,0.01443954365495378,0.013191107920675165,0.7842884753125171,0.015665841100637606,0.042343217375554715,0.009472731505712621,0.11691314512306424,0.0,0.0
0,3,71,41,0.19248826291079812,0.8309859154929577,0.0068003373239299,0.02497860781063964,0.02644260349979437,0.7924076129098886,0.025332786838425096,0.02717789781059112,0.01989863456586307,0.07696151924086822,0.0,0.05715841383994835
0,4,81,41,0.1580246913580247,0.8148148148148148,0.006234619251157437,0.02302110678892446,0.02236247130219439,0.7799440197528668,0.02361787582815888,0.024908368803099764,0.017139393343270266,0.10277214493032802,0.0,0.13005312824819804
0,5,71,35,0.24647887323943662,0.8591549295774648,0.006634406626307515,0.025146860878219095,0.024233753222952046,0.7533937954246193,0.025280204193357268,0.048827418428945925,0.01947378221582941,0.0970097790097695,0.06805079597757771,-0.13005312824819804
0,6,81,41,0.22633744855967078,0.8641975308641975,0.005644690992629575,0.02151937862488358,0.020212715721670427,0.7959899296982716,0.02172680807863876,0.02279709309699311,0.01599566845022452,0.09611371533668842,0.03696290769659738,0.13005312824819804
0,7,53,33,0.09622641509433962,0.9056603773584906,0.005016631072072757,0.018115930192718902,0.054103786787933685,0.7969604466799582,0.018326099402744,0.0189544951656941,0.01562785732827677,0.0728947533706015,0.097141873029604,-0.4177352006999788
0,8,74,35,0.26981981981981984,0.8783783783783784,0.01837515024424,0.01744082358864307,0.016880370782918586,0.7841239067634318,0.018102591722421502,0.019652445901342207,0.013336164263425786,0.11208854673357699,0.06261988746168985,0.3285040669720356
0,9,92,48,0.20652173913043478,0.9130434782608695,0.005122000231247032,0.019227147284112314,0.01743889517864966,0.7930193705633302,0.01964401504803788,0.04036392841413696,0.01538065597999252,0.08980398730049352,0.040546848490998676,0.21511137961694615
0,10,87,38,0.09770114942528736,0.8505747126436781,0.004720541329324709,0.017318509303980878,0.016189465196752805,0.8416449156225938,0.017759878480094488,0.019078382551189026,0.013706305149504137,0.06958200236656016,0.1130500935902258,-0.055262678675049415
0,11,73,40,0.2899543378995434,0.8767123287671232,0.003985781805526045,0.015179010756257086,0.04150297469587361,0.7995715814782033,0.01629167732409348,0.015151582779357018,0.009689124518631338,0.09862826664205812,0.0631877108476524,-0.17327172127403667
0,12,80,40,0.06916666666666667,0.85,0.007294945510595276,0.01736683004411261,0.016345886254582907,0.7909511922619572,0.01746255764598794,0.019208626550753928,0.014315111771647872,0.11705484996036222,0.05280809006731614,0.09038406146826894
0,13,60,27,0.21611111111111111,0.9,0.00415048716781397,0.015496160469678971,0.01457037288283028,0.8509872047829443,0.01514162959344768,0.016229557957990845,0.012698051234546736,0.07072653591074723,0.10132831154653257,-0.2835752904991278
0,14,80,39,0.225,0.8875,0.006112336298065569,0.04635817509979386,0.022044556783759214,0.7626724576325429,0.02369317504830398,0.02489337974330706,0.016750054759511152,0.09747586463471633,0.09918584351205902,0.2835752904991278
0,15,63,29,0.15873015873015872,0.9047619047619048,0.005347558905829835,0.02010847123159066,0.018748444910020427,0.755261470837573,0.020792872707851528,0.03733991790336144,0.015242282437075861,0.12715898106669732,0.10566555109104701,-0.23556607131276763
0,16,81,44,0.2037037037037037,0.8765432098765432,0.005272741405592856,0.019177708948305304,0.018598072337912358,0.7859743860129503,0.019791162006168785,0.02150111842640326,0.014486245831337584,0.1151985650313296,0.04214556259778217,0.24783616390458185
0,17,89,44,-0.09550561797752809,0.8876404494382022,0.004028900630073947,0.015380478650807043,0.017050944339524407,0.6923371064310715,0.015320987211552204,0.016521130296120786,0.1277286584558652,0.11163179398498495,0.25223169307749294,0.09309042306601167
0,18,79,38,-0.0628691983122363,0.7974683544303798,0.005727286000589662,0.020598624676075452,0.01887446676610383,0.5815727916380824,0.019562267823136234,0.02158730559975846,0.23220284377208433,0.09987441372416969,0.40774750469776216,-0.11778303565638382
0,19,84,43,-0.4257936507936508,0.8690476190476191,0.004689274774145313,0.01680644696871089,0.015736597985555503,0.43415117240820617,0.015857441232483057,0.019059491135825987,0.3916952660902992,0.10200430940477387,0.6595553183914359,0.060624621816435464
0,20,83,40,-0.6088353413654618,0.8674698795180723,0.0032632792496716024,0.011481688781029483,0.010907128432833937,0.23243269540968847,0.009992732344582906,0.012215445421189334,0.6321456510372218,0.08756137932378243,1.032633187051381,-0.011834457647003305
0,21,110,43,-0.6621212121212121,0.8727272727272727,0.0032806092682400386,0.011517536942082771,0.010421348148423583,0.2554127230086665,0.010171788959800757,0.012860219546664267,0.5994678043955312,0.09686796973059084,0.7902924652529496,0.27871340246902054
0,22,172,56,-0.6065891472868217,0.8662790697674418,0.0033563943512923675,0.01188583651922148,0.010568224949701627,0.2700991750088391,0.010203143798296583,0.012498680530430573,0.6224948869208718,0.05889365792134643,0.6698558446933393,0.4437613931854454
0,23,220,57,-0.6951515151515152,0.8818181818181818,0.0032206309251165345,0.011306395683160834,0.010447038491060563,0.2745493259182172,0.00974158954072391,0.012149249489127278,0.6031280717055241,0.07545769824706965,0.4576214701244164,0.24487110701997317
0,24,262,57,-0.6893129770992367,0.8625954198473282,0.003352182058296569,0.011939077074956188,0.011202599409513554,0.26619306173205154,0.01055331695572903,0.01310566269609849,0.6189984655520471,0.06465563452130757,0.3211788789962663,0.17399133066001227
0,25,296,60,-0.6199324324324325,0.8682432432432432,0.0037118999203358837,0.013195420927442747,0.012408221957811098,0.2581109345688682,0.011711504382720674,0.019481440187175066,0.6035082829423262,0.07787229511332018,0.1592340051468099,0.12157810662493507
0,26,197,61,-0.5222383369591491,0.8781725888324873,0.004479798729410668,0.021285855449399843,0.014918450464033048,0.3065274641014982,0.015316582762063838,0.027343105294679506,0.524216653306831,0.08591208989208392,0.11483481585600129,-0.4054651081081646
0,27,156,50,-0.4027777777777778,0.8717948717948718,0.005198218235350919,0.01865556252909238,0.017420179433207183,0.3478731000634157,0.017152769304238424,0.019635022829768378,0.4607157890253407,0.1133493585795863,0.2796997979094194,-0.2320212253462275
0,28,121,49,-0.28264462809917357,0.8347107438016529,0.004768955499516932,0.017311531007568284,0.01625342481242415,0.4688713013521208,0.016056114489694774,0.018510223423842183,0.3553939366521045,0.10283451276272841,0.4413635420810688,-0.25222476061505095
0,29,205,58,-0.21479674796747966,0.9024390243902439,0.00473751189248313,0.017390813994478515,0.01613626313054086,0.5292109927731551,0.016978941565646447,0.018955684118275362,0.3224060528790836,0.07418373964633702,0.45465793870415533,0.5238551240563245
0,30,142,47,-0.09765258215962441,0.9154929577464789,0.005023838394917378,0.018864666759571165,0.017618784595644192,0.5534223441054037,0.018913048148645688,0.02027881282647184,0.28682647605778683,0.07905202911155927,0.4347094413257907,-0.3650315385296743
0,31,172,54,-0.07403100775193798,0.9302325581395349,0.005483250132142639,0.020200142271100983,0.018816289385481515,0.6158910618391545,0.01993667049041431,0.0219262842342177,0.21462359096792602,0.08312271067956221,0.48162891557429277,0.19044696423787233
0,32,144,55,-0.012962962962962964,0.8819444444444444,0.005062582363045971,0.018589740387411183,0.017235047703214563,0.6389662355873157,0.017927653447217386,0.019923753326873517,0.1673751622350633,0.11491982494985835,0.4579225559463632,-0.1765578520772051
0,33,125,48,-0.10613333333333334,0.856,0.005113950251598756,0.018767746563209835,0.01698608522170126,0.6761120178236932,0.018451169231949924,0.019745441768126554,0.16340082849867396,0.08142276064104643,0.36584162368605844,-0.14045183546909623
0,34,85,38,0.08705882352941177,0.8588235294117647,0.004741633221746426,0.017698973069473076,0.016711551692812857,0.7038249308479416,0.017758561920882886,0.018780908992619864,0.12953947900642898,0.09094396124809431,0.3132649892546665,-0.38193461069797063
0,35,82,40,0.08292682926829269,0.8658536585365854,0.005194229664184573,0.019532430826823224,0.018185244230763436,0.7091310483158906,0.01941606418845041,0.021034881671105277,0.13375029882995698,0.07375580227282552,0.23242924503336437,-0.035506688456909075
0,36,105,42,0.10952380952380952,0.8761904761904762,0.009489683147445208,0.016145029072285575,0.014966115811469177,0.741325678768105,0.01677616727056138,0.017382552190330885,0.0873460518125541,0.09656872192724873,0.24924918032503884,0.24459848631546866
0,37,74,36,0.004954954954954952,0.8783783783783784,0.0042622445605285265,0.015442917054064849,0.01439894443553837,0.7933719556754513,0.016019371537841484,0.016546322230023357,0.06617664233418753,0.07378160217236462,0.26140867784018695,-0.3459509805757568
0,38,116,45,0.05775862068965516,0.9224137931034483,0.004056912890813642,0.01500821212053086,0.014618098999476723,0.7406877789923767,0.04087036494393829,0.015970318855674345,0.06692999344974969,0.10185831974743975,0.16128322141440377,0.4446858212614462
0,39,105,44,0.11428571428571428,0.8857142857142857,0.00406542349691667,0.015296597811380567,0.014045302004726732,0.8026306674916779,0.014773914777739159,0.015646138149650827,0.04125751768419405,0.09228443858371412,0.17935288673088348,-0.09873484068568938
0,40,88,38,0.134469696969697,0.8522727272727273,0.004752489711683885,0.01787682532197746,0.017042256960948705,0.7657688048805972,0.018379984131530223,0.019003142703742436,0.051848010809899446,0.10532848547962077,0.09843631718529958,-0.17480272437992728
0,41,67,35,0.16062544420753377,0.8656716417910447,0.006477507042531356,0.02453779445505943,0.022650626603202502,0.7460534178239256,0.02472863377314964,0.025671940139292308,0.04744673067096185,0.10243334949187731,0.07973937698137101,-0.2691286645560327
0,42,79,42,0.08270042194092826,0.8987341772151899,0.0047961327821901805,0.017963050210070976,0.016961970439893004,0.7870733576012034,0.018089720381099433,0.01969433576442366,0.03045659573980932,0.10496483708130999,0.08874888411632155,0.16251892949777424
0,43,70,39,0.18619047619047618,0.8714285714285714,0.005590237673536859,0.021658314750819457,0.02012197691582348,0.8029787686173959,0.022187975948504225,0.022411320125496785,0.03266225557068099,0.0723891503977423,0.09523470148741961,-0.11934675763256575
0,44,99,48,0.09932659932659933,0.8686868686868687,0.00452026678528493,0.016558654065692516,0.016513771090231708,0.803595938002507,0.020604620965934725,0.01823402187841457,0.028139737537829185,0.09183298967410544,0.05331623283854878,0.34249030894677635
0,45,123,49,0.205420054200542,0.8373983739837398,0.005591980501571743,0.020678612791211068,0.019452804780719184,0.8165075875415332,0.021817938256289277,0.022032618266595968,0.024051330295406508,0.06986712756667311,0.0912322440034993,0.21511137961694526
0,46,87,38,0.15593869731800766,0.8390804597701149,0.004679493869724252,0.014054855673426174,0.012407451358365343,0.8282211933547486,0.014419209405998475,0.014849440247508424,0.024460627791964843,0.08690772829826383,0.07798280329268578,-0.3429447511268302
0,47,66,35,0.1878787878787879,0.8787878787878788,0.005255479565433064,0.01934212791922373,0.018457237084447964,0.7978189252374751,0.01908299188375028,0.03314478539105435,0.026183126418108014,0.08071532650050749,0.037470550186311576,-0.27264419508724114
0,48,63,39,0.06507936507936507,0.7777777777777778,0.0055650227466959796,0.03240686670477109,0.01935749511587018,0.7328344880521018,0.02107407206930847,0.02222612505443655,0.019682268082478666,0.14685366217433712,0.15099653876949032,-0.04580953603129423
0,49,59,31,0.14350282485875707,0.8135593220338984,0.0046323090108800055,0.01719085662334829,0.01621757524401771,0.7985452335900051,0.01805270361697457,0.018354172926070226,0.0143628527112293,0.1126442962774748,0.04450446542070139,-0.06453852113757108
0,50,71,36,0.16103286384976526,0.8450704225352113,0.004623522420062032,0.017089379072991778,0.015944233209052364,0.8452731608743101,0.01746355584645661,0.018290166189297123,0.023107550935488764,0.05820843145234109,0.09611714049268708,0.1823215567939549
0,51,94,43,0.11879432624113474,0.8829787234042553,0.0034530377892960204,0.013314800223680817,0.012625885635122399,0.8337434163195104,0.013764227978251694,0.02390045554164859,0.0117506593031443,0.08744751720934564,0.06673692754915858,0.27721077258448545
0,52,138,53,0.19178743961352657,0.8333333333333334,0.004265845731365888,0.016124734908172327,0.015199064730368587,0.7973546070287385,0.01639978802521076,0.01745295451978577,0.01528322732460103,0.11791977773175716,0.0522269584695306,0.3805970415301507
0,53,103,46,0.0825242718446602,0.8446601941747572,0.005292822363868957,0.019680915546602725,0.018469937169029928,0.8089594020095753,0.01988960673627077,0.020655675672691914,0.01995241488489663,0.08709922561706372,0.024180151567296783,-0.290083033989319
0,54,70,39,0.2880952380952381,0.8714285714285714,0.0038026907939724243,0.01441451976544571,0.013168246202840694,0.820519705933783,0.015007714473266381,0.014671078708931657,0.01410622473313304,0.1043098193886271,0.04811120205209344,-0.38171102210005703
0,55,54,35,0.021604938271604937,0.9444444444444444,0.005972313300996824,0.029573499570935566,0.019898479529393606,0.8069386265464729,0.021964209594485043,0.02273472714769608,0.01907628632474669,0.0738418579852734,0.05645420684400961,-0.2553466918088443
0,56,87,39,0.16628352490421455,0.896551724137931,0.005367846983031978,0.04502580782862342,0.018632411364875087,0.7952469892385459,0.02000445261724659,0.021102674107666194,0.01633625905053156,0.0782835588094794,0.06896475556903453,0.4700036292457357
0,57,74,40,0.20270270270270271,0.8783783783783784,0.004612586268065854,0.01720339062205668,0.02810312246715305,0.7935726460941567,0.017286948074523724,0.017945998320483915,0.014029764052546658,0.10724554410101346,0.06468349141217009,-0.15984870094189674
0,58,97,42,0.10790378006872853,0.865979381443299,0.005813190076014066,0.02129414819150578,0.020080520746916384,0.8232596627605351,0.021322822198612184,0.02334359448440247,0.017024203393315115,0.06786185814869886,0.05354083569332696,0.2674793651342622
0,59,109,54,0.20642201834862386,0.8715596330275229,0.0044891178088447715,0.01670342363386617,0.015880965663592102,0.8397272118240108,0.016897063234458304,0.01817037773739861,0.01360346406496887,0.07452837603286039,0.06635395518750523,0.11551288712184427
0,60,89,41,0.1745318352059925,0.797752808988764,0.005081276271653339,0.019343654923029405,0.01841175364241037,0.8082581870896993,0.02000106168870031,0.020196881281070937,0.016244108167318142,0.09246307693611819,0.018479520701958362,-0.20067069546215155
0,61,78,39,0.1858974358974359,0.8205128205128205,0.005787578537612686,0.08645362817443838,0.02027143624180252,0.7203725033738686,0.021722688829911848,0.023523682004775226,0.019276732011107852,0.10259175082648286,0.18426157310574948,-0.13036181786324352
0,62,62,35,0.1870967741935484,0.7580645161290323,0.005070578040394065,0.041934202896974186,0.01782174006280458,0.7730758822735122,0.019861267443430523,0.01987621663707262,0.012261806522188551,0.1100983061236233,0.06623256781708577,-0.22631312607548892
0,63,71,43,0.31220657276995306,0.8873239436619719,0.005380166661666149,0.027964899510050795,0.01909672155625213,0.8105582996198334,0.021600842980864215,0.021378039066756567,0.013512989178682312,0.08050804142589447,0.040408700858326665,0.13353139262452274
0,64,84,42,0.16666666666666666,0.8928571428571429,0.005024390009788807,0.01893757464365175,0.017955516457993637,0.8246839250387384,0.019180992900605504,0.02013498488032776,0.016562796910366447,0.07751981915852758,0.0611284552051403,0.16598513747426136
0,65,73,40,0.2237442922374429,0.8767123287671232,0.004236543833809507,0.015662048225336445,0.014829114247875953,0.8386742379269978,0.01592984125612969,0.0167871695957711,0.014291317194900698,0.0795897277191788,0.07736685528822476,-0.13858616328614648
0,66,91,44,0.04322344322344322,0.8571428571428571,0.0052813873138291036,0.02983349179195836,0.01769260629266245,0.8031939599402073,0.019499627239976572,0.019844262601559127,0.016236466077992378,0.08841819874181471,0.005640430365711845,0.21772348384487028
0,67,81,39,0.21069958847736625,0.9012345679012346,0.004955057969248165,0.018111926735408845,0.01708233136965525,0.8070262793051012,0.019101772487362785,0.019330055924384092,0.015693626884183864,0.0986989493246559,0.03758281609729506,-0.11506932978478712
0,68,89,43,0.12397003745318352,0.8764044943820225,0.005221867557985488,0.03694152008006662,0.0183876475186575,0.8050456651856155,0.01956068649194263,0.021053320046316926,0.015310401776501224,0.07847889134291419,0.025352993218197818,0.09309042306601167
0,69,59,28,0.23163841807909605,0.9491525423728814,0.004976736623521819,0.0189909374418735,0.017376745388877988,0.8671297341988681,0.019270471913561543,0.01939665832448029,0.014276571766022905,0.03858214434279381,0.11651661791333995,-0.4054651081081646
0,70,44,27,0.15151515151515152,0.8181818181818182,0.0039043760273018077,0.014739307936049778,0.013548669165975706,0.8234870459800543,0.014907880245083731,0.015401759054909482,0.01353900541206481,0.10047195617856039,0.0484586119540462,-0.2876820724517808
0,71,100,41,0.13,0.85,0.004168442230778186,0.01548403894816013,0.015141799319610133,0.813464584469816,0.01567149822888515,0.016594000914614458,0.012939282576844752,0.10653635331129122,0.052569938963026655,0.80845802707094
0,72,73,40,0.21004566210045664,0.9178082191780822,0.0042427176823312185,0.01609823540699353,0.01530817542626298,0.8301013068092907,0.01653428247417779,0.01759739599154486,0.013083792986797791,0.08703409322260111,0.02032859207296396,-0.3110554236370895
0,73,94,47,0.2943262411347518,0.8723404255319149,0.0049844144195952764,0.02958113587443491,0.017626141213626618,0.8200100447902092,0.019717066008958947,0.0202987014853868,0.012780455199650867,0.07500204100813737,0.026914435099431276,0.24981179839637058
0,74,92,44,0.1923913043478261,0.8586956521739131,0.004448771456751805,0.021050925273968023,0.015358048628261933,0.8003019126724581,0.02598400260514292,0.01746989313357566,0.01263554748903567,0.10275089874080588,0.05473606366877576,-0.02127739844728449
0,75,69,36,0.20531400966183574,0.8985507246376812,0.004672843960623912,0.030391304307722147,0.016440929959842678,0.7698671984067824,0.017891770795422673,0.019075429733023435,0.013606382121775756,0.12805414071480695,0.10767811361675116,-0.2841042511038969
0,76,60,32,0.21388888888888888,0.8666666666666667,0.005406699810345859,0.020462429662339427,0.01800193765147514,0.7784860824404355,0.020801959009326933,0.02097184463070623,0.014420227348435533,0.12144881944693538,0.0794451793706448,-0.137621377876048
0,77,75,39,0.152,0.88,0.005057653204108787,0.0185717464648212,0.017781851070465756,0.8007676071283664,0.019745944259944772,0.020346085911102953,0.014106386755291253,0.10362272520589885,0.013757165093257405,0.2198594761130197
0,78,72,41,0.09027777777777778,0.875,0.005347267436383052,0.0197796206440007,0.01843588015409246,0.7892620314564662,0.02005590940851438,0.021290127268143347,0.015830041587751118,0.10999912204464866,0.028956282272151135,-0.040273899137940106
0,79,86,46,0.06395348837209303,0.9302325581395349,0.004735829893845246,0.017662224700615334,0.016544704117348798,0.8249274766128579,0.016761372934163136,0.018522852623786782,0.016371690507745295,0.08447384860963751,0.05823861504327886,0.17544867750619275
0,80,101,39,0.15841584158415842,0.9108910891089109,0.005159493861580896,0.019706116866613065,0.01833990981942416,0.8191694117771455,0.019849765398184307,0.02062410882402976,0.015555441303397722,0.08159575214962457,0.05021359051979783,0.15906469462968698
0,81,66,34,-0.18686868686868688,0.9090909090909091,0.005727369941449134,0.020767320448784068,0.019496377905638775,0.6778211622802087,0.019951425970895314,0.0230979512133542,0.16586530837461777,0.067273083865052,0.3150717633665908,-0.42028019389330495
0,82,64,34,-0.27239583333333334,0.84375,0.004498704288556866,0.016863892506862106,0.015057131835623646,0.5739960885950012,0.015180100006350141,0.017236911683910654,0.2718115403394711,0.08535563074422428,0.47055008696493805,-0.030305349495328926
0,83,56,32,-0.5523809523809524,0.8571428571428571,0.00450370360884382,0.015816255437988383,0.014955732784307327,0.4930962029178441,0.0143932793461244,0.017950745803830336,0.3591211741616281,0.0801629059394336,0.5713964522613391,-0.13133600206108653
0,84,93,39,-0.6021505376344086,0.8602150537634409,0.004179869811654312,0.015111752120999047,0.014636156822170954,0.250289927524037,0.013664778214773044,0.016613434828468467,0.6082559221868965,0.0772481584910006,0.9711799635081066,0.5002435144354536
0,85,128,48,-0.5950520833333334,0.859375,0.003207530980120393,0.011374417854174418,0.01067606648650871,0.2430624035352302,0.010310515542795638,0.012468313292799786,0.6329673535393461,0.07593339876902472,0.8508458160896901,0.3165176220916681
0,86,172,49,-0.6151162790697674,0.9069767441860465,0.003610061054068031,0.012578916909990166,0.012041610746126467,0.26208890169946264,0.011622454905900382,0.014156646110243629,0.6275360307860919,0.056365377788116816,0.6636582243112974,0.29347919013610735
0,87,198,55,-0.6127946127946128,0.8535353535353535,0.003351496085664692,0.011957396034436575,0.011053943243342478,0.2512314988862792,0.010508776083076538,0.01307313432752065,0.6131517072297963,0.08567204810988359,0.48191977398280944,0.14001323022671297
0,88,214,56,-0.6300623052959502,0.8878504672897196,0.0032706551685128464,0.011614037807972943,0.010638179800267697,0.281743806252809,0.010531446064981435,0.01275165716555858,0.5990464733475277,0.07040374439236984,0.2613189362328132,0.07733320340317018
0,89,280,53,-0.6086904761904762,0.8892857142857142,0.0031439074470217725,0.011506729499385393,0.010515640833632314,0.25983435991461085,0.010512538829829563,0.012051853520260326,0.6192885599663229,0.07314640998893689,0.1780370623352865,0.26771664120608296
0,90,141,52,-0.4995271867612293,0.8723404255319149,0.004654355653537085,0.016703356588433797,0.015655932699595858,0.3016889246496041,0.015279530981941986,0.01792702008585545,0.5346075540627033,0.0934833252783283,0.09060409793676738,-0.6825276117324846
0,91,159,53,-0.39329140461215933,0.8679245283018868,0.0053312631483757025,0.01945705687484334,0.018088256069860437,0.3787215949484599,0.01866036876841933,0.02088452666534651,0.46045996292345565,0.07839697060123907,0.2890382459012844,0.11934675763256575
0,92,150,47,-0.16977777777777778,0.9133333333333333,0.005234259832439606,0.019414175986685826,0.01798434490869624,0.43743708928092623,0.01918084241663471,0.020939722967635587,0.3749738694408435,0.10483569516613823,0.41778301593409695,-0.057893978418902314
0,93,231,56,-0.19509379509379507,0.9134199134199135,0.0051552804611061966,0.018890676153204073,0.0178976445100226,0.5126543829715541,0.01784655727270188,0.020233846648643933,0.32373361175958,0.08358800022318727,0.4465511072684804,0.4294575348513856
0,94,149,53,-0.19910514541387025,0.8657718120805369,0.005447844506167751,0.02000844754344197,0.01846848739352252,0.5629863429487011,0.019166921012133693,0.021603041639567208,0.2640780326022735,0.08824088235419227,0.47906157443266134,-0.43610207757005437
0,95,184,53,-0.010507246376811594,0.8858695652173914,0.006158774672053572,0.022817476095810335,0.021217933165549648,0.6068085372062776,0.02272111654573201,0.02442797931795874,0.21178430005786006,0.08406388293875809,0.48495594603736325,0.2097205309820689
0,96,124,43,-0.02258064516129032,0.8870967741935484,0.006332728985192804,0.02371650467376264,0.022122298786253144,0.637652753971304,0.023537599564617557,0.0249082006913163,0.1503004425987932,0.11142947072876025,0.496235083606139,-0.3920420877760229
0,97,67,40,-0.07711442786069653,0.8955223880597015,0.005136905314031722,0.018941753316879997,0.017121656865810752,0.6685037834736096,0.018637304694668618,0.019740912621041617,0.15557114207808684,0.09634654163587082,0.3634184064282664,-0.6088060321261946
0,98,88,38,0.09318181818181817,0.875,0.005019549135797533,0.01893666867463163,0.017586883770861036,0.6652432506922588,0.019326042301036753,0.020225026856044652,0.11807338971208516,0.13558918885728444,0.32976032811366396,0.2691286645560327
0,99,116,46,0.07758620689655173,0.8448275862068966,0.004859240255778096,0.018288361218661005,0.017204150750122833,0.7201375225850438,0.017901095819845943,0.0190922419299599,0.11204448234706985,0.0904729050935185,0.27133614787162164,0.27353756506561666
0,100,89,46,-0.10112359550561797,0.9213483146067416,0.004788059640046188,0.018212455248857385,0.017147313293700957,0.7164948691624059,0.018205576096626125,0.019531233984674462,0.07586768370848994,0.12975280886519908,0.24571894300368985,-0.2623642644674913
0,101,101,43,0.08580858085808582,0.7722772277227723,0.004944663150337294,0.025005424321186846,0.01691587144975309,0.7345231089802058,0.018312160148831805,0.01976534372984138,0.09207221503115912,0.0884612131886846,0.17084314465660083,0.12516314295400566
0,102,131,49,-0.13384223918575064,0.8931297709923665,0.005392722639814754,0.01945416876502845,0.017904270538955654,0.6887882176843646,0.019167287031218026,0.021262357723210234,0.12292816263986404,0.10510281297754417,0.021088114279013546,0.2578291093020999
0,103,76,39,-0.19298245614035087,0.9210526315789473,0.005398601278284863,0.02083476729898916,0.01897925613658061,0.5531624108663055,0.020382759661874344,0.02202489798649024,0.2902815451800093,0.06893576159146594,0.3525174973404727,-0.5389965007326865
0,104,71,41,-0.5136150234741784,0.9295774647887324,0.00584805617212873,0.020185892275487727,0.01894009316441109,0.48634384232444433,0.01837175380565422,0.022501673256668478,0.3383038781791378,0.08950481082206765,0.4096867922122,-0.06713930283762881
0,105,114,40,-0.5935672514619883,0.8947368421052632,0.0027849128934295,0.009561358949579752,0.00848419520530132,0.2502315184992764,0.008036801354859397,0.010228759079850774,0.6309815500375392,0.07969090398016362,0.9335141409899883,0.46826600934719487
0,106,174,53,-0.6513409961685823,0.8390804597701149,0.003144303999803733,0.01096655157416246,0.010231237954737269,0.2355605867870811,0.009580273790767696,0.012359563095798323,0.6406019904287099,0.07755549236893948,0.8062098331079143,0.4198538455602643
0,107,224,58,-0.6175595238095238,0.8883928571428571,0.004161094984723319,0.014781902382716603,0.013832391281267937,0.2374793735850653,0.013599062569872407,0.016220505597346745,0.62613322058975,0.07379244900925777,0.6262558625495257,0.25131442828090567
0,108,279,59,-0.6486260454002389,0.8853046594982079,0.003777231075782795,0.01337592091510001,0.012446879979780952,0.26731856318025704,0.012172103935091438,0.014831031018260346,0.6139333319757206,0.06214493792000677,0.44463736049825003,0.21868920096482913
0,109,365,59,-0.6431963470319635,0.8821917808219178,0.003295674820986453,0.01163731773013233,0.010791629706048212,0.27058307830328665,0.010233583092494553,0.012909608699968317,0.6077548559480375,0.07279425169904602,0.28317723217300894,0.2678437302321166
0,110,360,60,-0.6224999999999999,0.8777777777777778,0.0033589836120225024,0.01160280864842577,0.010865189861142936,0.2561988539913216,0.01027625868960698,0.012846856274537464,0.6278056559887548,0.06704539293418793,0.18475691988067988,-0.013755375068485343
0,111,180,51,-0.512962962962963,0.8666666666666667,0.004793729110558398,0.017364465404719275,0.01583028259786117,0.3076229371187216,0.016152574349022238,0.01890675029966931,0.49099265191366803,0.12833660920578002,0.18530454850056383,-0.6903809270670545
0,112,204,51,-0.35310457516339866,0.8578431372549019,0.004314051096389301,0.016043583685465868,0.014765300381278153,0.3677664551715043,0.015112084135605197,0.01693548686887084,0.4641486535010898,0.10091438515979656,0.28261790924987185,0.12451294787258238
0,113,173,53,-0.1973025048169557,0.8670520231213873,0.0049215756973680705,0.018416350423192993,0.017287340603691925,0.4510029090875786,0.017920377756110113,0.019305246829382908,0.3528811941098275,0.11826500549284788,0.4574862861648394,-0.16395467992387935
0,114,194,53,-0.11993127147766322,0.8298969072164949,0.005016371674554673,0.018794285382305657,0.017605003993124233,0.5439759564605692,0.018525747739386075,0.020103611665680664,0.28715388424732274,0.08882513883705671,0.5071684096734613,0.1139442593492177
0,115,146,48,-0.19611872146118722,0.8835616438356164,0.005774986074540052,0.021273875934829885,0.019471798514671762,0.5562324952016667,0.020507607224975553,0.022968798844900773,0.2426638163279539,0.11110662187646138,0.4988638609682125,-0.2825669717850108
0,116,160,50,-0.03916666666666667,0.8875,0.005166290693360366,0.018702009514439337,0.017902321517561125,0.6172513240643407,0.01848178540998144,0.02041781943224616,0.2171257729741342,0.08495267639393665,0.4703254204758099,0.0909717782057271
0,117,117,44,0.0754985754985755,0.811965811965812,0.005538120030396683,0.020481924111211375,0.019190643563068162,0.6424665113454727,0.02042360696699871,0.0217197422520113,0.16713881511532513,0.10304063661551588,0.43222854950156425,-0.310719740518798
0,118,99,42,-0.006734006734006735,0.8787878787878788,0.005860009063766081,0.021694341831350474,0.02057009627324435,0.630131842452579,0.022077099113131195,0.022886543162332587,0.14792081851055316,0.12885924959304315,0.33904544531869973,-0.1655144384775733
0,119,82,40,0.17479674796747965,0.8536585365853658,0.005753924305488537,0.021423205521464907,0.020319076063266783,0.6894645765917222,0.022429499233827112,0.023096861429041507,0.1373120022209785,0.08020085463421044,0.3121161916481549,-0.18632957819149354
1,2,94,42,0.026950354609929075,0.8936170212765957,0.0047886833512982875,0.017958407326656288,0.016748110738103558,0.01824574752960326,0.8319151997137516,0.019188497404178016,0.015810583232644986,0.07534477070376394,0.0,0.0
1,3,78,36,0.20085470085470084,0.8846153846153846,0.003701613837711565,0.013632357883861683,0.013017497189795186,0.013916902588549905,0.8139841841049803,0.014607011644137958,0.013731309465727972,0.11340912328523545,0.0,-0.18442903913351927
1,4,49,32,0.19387755102040816,0.8775510204081632,0.00487953695022355,0.018872793045353883,0.017165376452317263,0.018783046202940575,0.7934972236344715,0.0199797858842537,0.01659679890997712,0.11022543892046238,0.0,-0.45742484703887554
1,5,48,29,0.08402777777777777,0.8333333333333334,0.004976776652969233,0.01826815143600738,0.01625547553208929,0.018519039994602953,0.8161331482482622,0.019199795921512903,0.015771419110065486,0.09087619310449051,0.017567169063993415,-0.020202707317519497
1,6,59,31,0.08757062146892654,0.8813559322033898,0.0033567309239220023,0.028736559426790976,0.011173818526396056,0.012376074582277512,0.8344082043060834,0.012737806578947393,0.01384314809944717,0.08336765755613555,0.0641587947690763,0.20252426411147395
1,7,61,32,0.12622950819672132,0.7868852459016393,0.004169559652192978,0.015479693176043469,0.014608473284145858,0.01597791806097156,0.807148874458254,0.016483720179119404,0.01388265607150316,0.11224910511776962,0.03520893680750407,0.032789822822991255
1,8,86,44,0.2244186046511628,0.8604651162790697,0.004694976445598775,0.01727276855799361,0.03520532962625556,0.017835977049889228,0.7912979211451454,0.018654044561329717,0.016097658370674776,0.0989413242431129,0.052870219513894125,0.33877373360949203
1,9,79,37,0.1371308016877637,0.8734177215189873,0.004140374402817302,0.015605118833149226,0.014763255352311691,0.01608558241819877,0.8273973921854025,0.016754652671668938,0.01407153379472435,0.09118209034172711,0.029541997053391306,-0.0838814839807025
1,10,62,35,0.2693548387096774,0.8225806451612904,0.005107957282367032,0.019274600425893705,0.017877040990446968,0.019835759400473982,0.8057325713826892,0.02023838551146494,0.015536538040828623,0.09639714696583557,0.019774243489102707,-0.23889190828234863
1,11,47,32,0.06382978723404255,0.7659574468085106,0.003106997642737153,0.01123917056868505,0.010608384313198948,0.012115299213267039,0.8373884863798944,0.012553948881051031,0.011102586847744867,0.10188512615342152,0.06173171317810545,-0.2719337154836414
1,12,64,34,0.10416666666666667,0.875,0.034859304526049545,0.013365946082808802,0.01220983300336758,0.013324924564514385,0.7767042544099289,0.014274151693222204,0.013746396832769125,0.12151518888733946,0.11147698211675029,0.30318625898774565
1,13,75,37,0.24622222222222226,0.96,0.005198055810472403,0.019597983968305872,0.01777475770421615,0.01956722543214699,0.8513598574409819,0.021168668528853646,0.014293689549978552,0.05103976156504455,0.10608823386068812,0.15634607039069426
1,14,76,39,0.07412280701754385,0.881578947368421,0.004286611637710793,0.015930078902746402,0.015099532011832263,0.016086500954692044,0.8019283005261452,0.029524854625991404,0.016050836683067258,0.10109328465781464,0.038461273416836944,0.013072081567353067
1,15,74,40,0.24684684684684682,0.7972972972972973,0.004711824426898589,0.01773313859862628,0.016205306264663703,0.02351029154530529,0.8074733858195147,0.01907021428940485,0.016240069376675995,0.09505576967891068,0.02228787961200889,-0.026317308317374
1,16,70,36,0.14333333333333334,0.8,0.005990106333229811,0.02149388035836103,0.02010812212311791,0.02244204824104912,0.7611142825728084,0.02318489677907561,0.019695905838638946,0.12597075775371916,0.11418990043752626,-0.05480823649499467
1,17,76,38,0.17149122807017544,0.8289473684210527,0.003950742306890949,0.014389983866859007,0.014293636094826534,0.015405341335005814,0.8362568674194556,0.015677223534197916,0.014450014135618968,0.08557619130714522,0.06059912382977909,0.08112554481236867
1,18,57,34,0.26608187134502925,0.8070175438596491,0.009229926743269574,0.01779719691368164,0.016984868835698354,0.07408495253753844,0.7334486567174299,0.03442354092144041,0.03347939125980008,0.08055146607114168,0.18753161572917815,-0.283362411307265
1,19,48,32,0.19791666666666666,0.9375,0.004129217837727112,0.015436972971796232,0.014767988650727181,0.015904444346671476,0.8359540723222604,0.03758105045015477,0.01261414164532107,0.06361211177534179,0.11118191546527305,-0.16862271243579263
1,20,68,42,0.28921568627450983,0.8676470588235294,0.006115763969897046,0.02320504444598727,0.02226179860910206,0.023604315932059746,0.782390718457557,0.03415898053547671,0.018379580277722102,0.08988379777219803,0.04930599613819647,0.3422862064866332
1,21,59,40,0.1807909604519774,0.8305084745762712,0.005489652498058122,0.019748563739425826,0.018726239292114095,0.0212943385848017,0.8243602448973198,0.02137143424267473,0.019767811019600776,0.06924171572600482,0.06944274719141887,-0.13976194237515926
1,22,85,40,0.18588235294117647,0.8470588235294118,0.004958281994027536,0.0182562232915853,0.017334293242382715,0.018479161716533465,0.8061732063636939,0.01998823934169981,0.015377582713724055,0.09943301133635316,0.04238671017414931,0.3600027340314069
1,23,58,37,0.21264367816091956,0.9137931034482759,0.004921796018671574,0.018119356819753706,0.0175964912520866,0.018988276820232547,0.7878565546800183,0.030076385178936155,0.01669456844733037,0.10574657078297071,0.04288750691049271,-0.37680985234778763
1,24,45,33,0.4444444444444444,0.8222222222222222,0.005562929458557715,0.04393390586921419,0.02059662674366688,0.021948416887778963,0.8081446154652795,0.022192810032264317,0.015939562132674105,0.061681133410564346,0.07243205214420696,-0.24889604741662463
1,25,29,22,0.21839080459770113,0.7931034482758621,0.0035019511412080666,0.04759869203192927,0.01158183807940147,0.0129090291852203,0.7844584328551499,0.013883885569359983,0.012233017399652338,0.11383315373807866,0.11525024270401056,-0.4274440148269396
1,26,48,28,0.23611111111111113,0.8541666666666666,0.004607058103402047,0.017409241332808776,0.016098950779369757,0.017834122811584124,0.8155390394537365,0.017840864947711563,0.015590891964201223,0.09507983060718596,0.04044650024104767,0.490622916448471
1,27,61,34,0.21311475409836064,0.8524590163934426,0.0038846745526564296,0.014646571044094149,0.014142340351619858,0.01460585909398531,0.847783182704543,0.01582512956650514,0.013234430915005604,0.07587781177159053,0.09301699050258444,0.2353140869344652
1,28,83,45,0.15100401606425704,0.8433734939759037,0.0043159419964234,0.016494642607886238,0.015403278315144538,0.016894534503357074,0.7917532163722499,0.017337284583661502,0.014743060997771526,0.12305804062350588,0.06871801628336931,0.3036824137982217
1,29,72,40,0.1388888888888889,0.875,0.005578837926367343,0.020067824991825904,0.01890225959536537,0.0214029618005431,0.8075179473323097,0.022217175944813178,0.0174608811225727,0.08685211128620268,0.029351037520377356,-0.1403573576949224
1,30,91,41,0.06483516483516484,0.9010989010989011,0.0037868982058690583,0.013721547608522502,0.012915782283353366,0.023744435350455152,0.8024531553367437,0.01477006779620762,0.015153159793907803,0.11345495362494089,0.049674164309462504,0.23132913590064952
1,31,66,35,0.16666666666666666,0.9242424242424242,0.00360014838072705,0.013509318907108391,0.012806832036255345,0.01385253396059478,0.8161953722657054,0.0146395772578672,0.011852749653695649,0.11354346753804617,0.051624358298337045,-0.31709595765807475
1,32,60,35,0.041666666666666664,0.95,0.005260807406765683,0.019024740217627442,0.01775946864981359,0.020213982589087572,0.8157252149551951,0.020518875274660692,0.019036694728122232,0.08246021617872763,0.04421500369692574,-0.09381875521765437
1,33,45,31,0.35555555555555557,0.8444444444444444,0.0047460170127481445,0.05912472798958159,0.01753341454785897,0.018785828882208977,0.722716005167168,0.0821419113406391,0.014294870186575336,0.08065722487321972,0.2201967793249192,-0.2822324676842163
1,34,66,35,0.2772727272727273,0.9242424242424242,0.004416264656632859,0.016796297870039965,0.01556804365911759,0.016876141829006677,0.7994667757785274,0.017197661840045998,0.01356228119316874,0.11611653317346074,0.039117687519426216,0.37605122290187065
1,35,73,38,0.12100456621004567,0.8767123287671232,0.0036255025622119936,0.01325289169785326,0.012716656297702099,0.013465176940616264,0.8154742270144211,0.014946241047655682,0.012515321261869772,0.11400398317766981,0.06696492481103804,0.09937247381320446
1,36,75,40,0.16666666666666666,0.6933333333333334,0.1145627998929069,0.021197583613959032,0.03311334205412389,0.021756616442932617,0.6443486445814018,0.03310583808873552,0.01871020473847402,0.11320497058746617,0.3074921285043153,0.026668247082160867
1,37,87,43,0.005747126436781609,0.7931034482758621,0.2111331891890861,0.022945370689374054,0.02088615286440282,0.02376910079207711,0.5378411480142908,0.02336582528437499,0.02078584093451219,0.13927337223188185,0.48150021561551815,0.1466034741918758
1,38,56,29,-0.023809523809523808,0.8392857142857143,0.022096050734777356,0.015605827011682005,0.014689033513305067,0.016735788117478462,0.8278625977255674,0.015978463288800617,0.017051384663109393,0.06998085494527978,0.18624929321360262,-0.4342855466436566
1,39,46,28,0.010869565217391299,0.782608695652174,0.004728714020962265,0.017032600493095348,0.016545118069446026,0.017497065188020446,0.7574668647899128,0.01868288132015975,0.018271173461997584,0.1497755826564059,0.13814485149945827,-0.19290366612449183
1,40,49,32,0.1904761904761905,0.8979591836734694,0.00563626882996923,0.021207804228059186,0.019313757744802262,0.021124781813837416,0.7853358820766644,0.022545196336306212,0.01707494919926671,0.10776135977109458,0.11989736489505778,0.06187540371808753
1,41,58,35,0.1028735632183908,0.8620689655172413,0.004065403329754119,0.06051541241974714,0.014869525712029924,0.015739558483498804,0.7564970532562765,0.01641152518291436,0.012857344648702309,0.11904417696707686,0.1275558075353132,0.16551443847757374
1,42,66,31,0.3570707070707071,0.9090909090909091,0.00443472810822431,0.016831218997542675,0.014923978821902498,0.01701854267505282,0.7228484181338578,0.016904243806252685,0.11120936716572814,0.09582950229143908,0.18891410035776143,0.12715517548524602
1,43,78,39,0.47863247863247865,0.8461538461538461,0.003922655533848768,0.015004063733231904,0.014533520028045173,0.015358758648930397,0.5719725434375744,0.04138529156882213,0.21679799728997928,0.1210251697595679,0.42761004364531624,0.16475523307605577
1,44,72,38,0.7222222222222222,0.875,0.004765472232846283,0.019766123854446344,0.01822009845354481,0.01874320943483257,0.495750993097207,0.020124695398073038,0.3562385258532561,0.06639088167579382,0.598674313244374,-0.07898841131863055
1,45,68,38,0.7058823529411765,0.8382352941176471,0.0038681651095542335,0.016078338076761733,0.015146791779240828,0.01529018687622216,0.2889150374399269,0.016583901097236457,0.5630717326634515,0.08104584695760635,0.912000396103463,-0.05635293655113127
1,46,70,37,0.6642857142857143,0.7714285714285715,0.0431915190705408,0.016773720604509004,0.01593745344728601,0.01673253918958384,0.2699192307702014,0.017717106282547114,0.5596830727794452,0.06004535785588661,0.8266227558578176,0.028573372444055778
1,47,93,40,0.7025089605734767,0.8064516129032258,0.002907662467402047,0.012223848711070179,0.01138754667879456,0.011767458429083145,0.2633540424851336,0.011955465472833972,0.6124981551622912,0.07390582059339117,0.7001583132960598,0.28061490522868837
1,48,160,47,0.73125,0.875,0.0037154614163605396,0.018405046614293825,0.014216827672437912,0.014517062802932074,0.2563093544375979,0.015313685896954527,0.5887188577813713,0.08880370337805192,0.48371856470067065,0.5381095827144593
1,49,167,48,0.7431137724550898,0.8922155688622755,0.004494911937221819,0.017855777083667895,0.01667596043521556,0.01750759576546466,0.24969172216102725,0.02299674110910068,0.5890473270559533,0.08172996445234884,0.33471582182795073,0.04255961441879563
1,50,233,51,0.7625178826895564,0.8583690987124464,0.003222565747838042,0.01328416307117887,0.01261437287716588,0.012699704821836461,0.25763521608160667,0.01355175086550253,0.5960762310024478,0.09091599553242381,0.21426947785305897,0.33135713595444294
1,51,176,48,0.7329545454545454,0.8181818181818182,0.005047020375314379,0.020463928792216205,0.019417187280924467,0.019898354735425505,0.32566666056142113,0.021342116031027772,0.5158419032696023,0.07232282895406816,0.09195856072359662,-0.2791713827838729
1,52,127,47,0.6719160104986877,0.84251968503937,0.005567265307530535,0.022194799781301167,0.02074302632861106,0.021678057704430258,0.3699933828526124,0.022947389819472103,0.4644587334178678,0.07241734478817473,0.2408716282764457,-0.32411946865421193
1,53,133,46,0.6624060150375939,0.8345864661654135,0.005470750980691197,0.021553383780468706,0.0203046499965151,0.02132351670429683,0.43943467603823955,0.022519850939768844,0.3578573539611611,0.1115358175988587,0.4146211291994918,0.04580953603129423
1,54,82,41,0.5386178861788617,0.8658536585365854,0.004904887366203897,0.031055141956765096,0.017821477727770145,0.01871287625759409,0.4980402898598459,0.020284669281115997,0.308037812178122,0.10114284537258292,0.44806682182966884,-0.47899919215431286
1,55,91,44,0.44798534798534795,0.8681318681318682,0.0039042825305852474,0.025871595367316397,0.0138812441328655,0.014951137672956385,0.5945107622272365,0.016260617445025306,0.22967585802381174,0.1009445026002029,0.5396674223470111,0.1029479692524422
1,56,115,43,0.40144927536231884,0.8695652173913043,0.003694557165208735,0.014128117105254098,0.013113155880413877,0.01388715283287706,0.6582166936098816,0.014926363065556171,0.20442249756570846,0.07761146277510006,0.5350126129963375,0.23180161405732402
1,57,127,45,0.31627296587926507,0.84251968503937,0.004221970907370605,0.01551626832579454,0.021010334812416914,0.016205428197368834,0.6484230250386138,0.01651771045364653,0.1793129987022238,0.09879226356256489,0.42551307737675687,0.0984400728132524
1,58,122,46,0.31010928961748635,0.8688524590163934,0.0047991818777419265,0.018022477028724237,0.016818186008708387,0.018238796615206117,0.643786899007646,0.01945074890948429,0.14683764817168957,0.13204606238079952,0.3614095114066501,-0.039845908547199826
1,59,70,32,0.15285714285714286,0.9285714285714286,0.004169025324573819,0.015676114249578838,0.014306655781911282,0.015812765376229124,0.6827837937073016,0.016148294571399154,0.11294437484486093,0.1381589761441453,0.34277238892793394,-0.5495044783311016
1,60,64,29,0.3567708333333333,0.828125,0.004718381232013173,0.017480321685776054,0.015972493580806553,0.018030656381660858,0.7018268190954452,0.01889505029025526,0.09242625034344917,0.13065002739059373,0.26200396752338817,-0.08829260714567866
1,61,74,36,0.15990990990990991,0.9054054054054054,0.003912376535388189,0.014085945329796288,0.013243451969340228,0.0149523482080303,0.7200805427247223,0.01474309928714363,0.09688973518594654,0.12209250075963252,0.19665053760529252,0.14310084364067333
1,62,83,44,0.20281124497991967,0.8192771084337349,0.005598227770904516,0.02143767394422614,0.02027219723614698,0.021047966614901048,0.743259983028153,0.02286725151203228,0.07824031054959185,0.08727638934404425,0.20119664548436478,0.11332868530700324
1,63,89,38,0.18501872659176033,0.9213483146067416,0.0038488769133245265,0.015317974326954076,0.013691123437411917,0.015118246595966922,0.7400698039940105,0.015914023360366205,0.0619664878409523,0.13407346353101357,0.1525706954590071,0.06899287148695166
1,64,61,34,0.13661202185792348,0.7540983606557377,0.004638005459453521,0.017432932221733238,0.016297413201501864,0.017966402133676326,0.7816497093489282,0.018064271794409555,0.057070911730494125,0.08688035410980317,0.1729374795101874,-0.37267528528517335
1,65,72,38,0.2777777777777778,0.9027777777777778,0.0034004618005750533,0.012900117534385606,0.011860383094230023,0.013122042018569414,0.8199991423801252,0.013002330661358906,0.04315807909414838,0.08255744341660745,0.20758184164419125,0.16332505610329928
1,66,70,38,0.13952380952380952,0.8428571428571429,0.005854094347307797,0.03136434005211318,0.01969425216366901,0.022311507323284446,0.7497929154650419,0.022759553226096938,0.047852641349668025,0.10037069607281869,0.08194912637939308,-0.027779564107075494
1,67,59,33,0.38079096045197736,0.8135593220338984,0.004094506522518583,0.015378957060997006,0.01407474714076185,0.015391273458479461,0.7792093943032814,0.017216092207286333,0.03750206291368304,0.11713296639299231,0.07823335263227894,-0.16833531481921504
1,68,56,31,0.1288265306122449,0.7678571428571429,0.004995225315353622,0.035094398987526906,0.017475110965944566,0.018987272174295987,0.78620345825857,0.019480987556863245,0.02923887962499952,0.08852466711644622,0.09391977574322173,-0.05129329438755015
1,69,71,32,0.07136150234741784,0.8169014084507042,0.0038586553001262714,0.0227289403061106,0.013446626600288959,0.014431190319466804,0.7999713510592578,0.015383208485289073,0.018926690601014352,0.11125333732844618,0.08335674856198004,0.23361485118150505
1,70,73,33,0.062100456621004566,0.863013698630137,0.00463075707458766,0.01667065889046833,0.01607217193042622,0.045280806084436444,0.771135788130161,0.0176657038731979,0.028763494975139525,0.09978061904158286,0.05976233976018879,0.027398974188114877
1,71,83,37,0.05542168674698795,0.8674698795180723,0.004668013908925977,0.017049259563084763,0.016416048130164583,0.01732135799884551,0.7689548471670664,0.018409921247203465,0.02543898854803363,0.13174156343667576,0.07090976710309843,0.12675170563914318
1,72,50,30,0.256,0.88,0.0054626856721974835,0.019781089720220683,0.01885654129282361,0.02176116625846179,0.7962270697425127,0.02005550329913413,0.0196170158075182,0.09823892820713132,0.04284844747510009,-0.49899116611898764
1,73,39,26,0.06324786324786325,0.7692307692307693,0.004078409117226796,0.03259132054132487,0.013885785575074213,0.01550891197193212,0.8390314907268398,0.015113862885404478,0.023819905250481346,0.055970313931716385,0.1405134886202115,-0.24294617861038947
1,74,32,21,0.010416666666666664,0.9375,0.004454413763643832,0.021979304210353157,0.015145281567230565,0.01720977612949557,0.7207919653081795,0.01673517378995777,0.031006381337858678,0.17267770389328102,0.15423976098346193,-0.19237189264745602
1,75,52,29,0.1794871794871795,0.8846153846153846,0.005033622715596709,0.03734464734004671,0.017461127293721065,0.01888544566977822,0.7852313482668998,0.020150255050265017,0.019199788516520176,0.09669376514717243,0.04058456420084691,0.47378435208564174
1,76,52,28,-0.05961538461538462,0.8461538461538461,0.005032925335562267,0.0181324985757838,0.016536250709186687,0.01842215148074145,0.7768051123812866,0.02001663840749259,0.025583953923981582,0.11947046918596509,0.030391256668645582,0.0
1,77,58,33,0.19827586206896552,0.8448275862068966,0.003875288322422391,0.014256161755054822,0.013512333371363502,0.015009232808182308,0.8068149296287427,0.01470689109474005,0.015261054521802831,0.1165641084976915,0.06597208066244804,0.10724553035359774
1,78,71,35,0.14084507042253522,0.8873239436619719,0.0052249818787549985,0.019221348616126396,0.018118646782079566,0.020042751093540024,0.7727390018134057,0.020333372809986275,0.014477645862790049,0.12984225114331702,0.04852918822495352,0.1991286751103356
1,79,60,31,0.19333333333333333,0.7833333333333333,0.0046187759705668486,0.11430891587370468,0.015857456647556264,0.017404825085785492,0.7302483560379459,0.01915870896178612,0.01863188555502015,0.07977107586763445,0.1839586587864415,-0.16579225484274396
1,80,43,26,0.3643410852713178,0.7674418604651163,0.003951882548928303,0.014999451707066541,0.01496896239624221,0.037350452112063184,0.7624049561287529,0.015538765268538358,0.010226575285613576,0.14055895455279482,0.10054087564222108,-0.32668423025505033
1,81,51,27,0.13333333333333333,0.8627450980392157,0.005096778780889831,0.05384189510735169,0.018110188656738836,0.019545626518138834,0.7713236968976861,0.019930969573259065,0.017225269762061422,0.09492557470387415,0.0606899859378595,0.1670540846631665
1,82,47,26,0.0921985815602837,0.9148936170212766,0.004953245192048755,0.01837978200227344,0.01755580303888022,0.01850039451673994,0.8125675153998866,0.01942856742595434,0.01506729810368531,0.09354739432053151,0.0853524839048549,-0.08004270767353638
1,83,71,36,0.1267605633802817,0.9295774647887324,0.0053931464109109395,0.02057175526207622,0.0184653869298768,0.0205104940655646,0.8200843903460928,0.02094343238052218,0.017859663160285612,0.0761717314446708,0.10094784289090847,0.40546510810816416
1,84,69,35,0.052657004830917876,0.9130434782608695,0.004464117805828287,0.025585200792559482,0.015059367287888625,0.016900004071090595,0.8012941639464408,0.017596250317559202,0.020736472404779348,0.09836442337385372,0.0483663474156483,-0.028170876966695957
1,85,79,35,0.18438818565400844,0.8354430379746836,0.004217071059106178,0.015471111463666209,0.014600057202466704,0.016081213669097327,0.8060495893671298,0.016651092612664436,0.015140739964476957,0.11178912466139239,0.06886500349221938,0.13353139262452185
1,86,47,31,0.2198581560283688,0.9361702127659575,0.005233327702036211,0.0197863997235443,0.017756931000578347,0.02020392432561461,0.8432981847726612,0.020520992448812038,0.01612680328232583,0.05707343674442756,0.12203810196470477,-0.5108256237659901
1,87,60,30,0.18333333333333332,0.7666666666666667,0.003896566011232162,0.01424593838860514,0.013521492123965717,0.01461495790841422,0.8554866934338088,0.014909443300040397,0.01167189873839859,0.07165301009553496,0.10610981633657476,0.2396728532654202
1,88,50,29,0.19333333333333333,0.94,0.007557586069736892,0.027559495576654082,0.02558395127630412,0.02896553827996454,0.7974192804699963,0.028324883596561913,0.023218038974078387,0.06137122575670369,0.08631296740602601,-0.17904823144898563
1,89,55,31,0.12727272727272726,0.8727272727272727,0.005004963812574033,0.017911875930950838,0.016522806058317088,0.01878573738719376,0.8217321562495259,0.019420743938445485,0.01747948892863908,0.08314222769435384,0.008710294670420103,0.09352605801082392
1,90,72,36,0.22685185185185183,0.7638888888888888,0.004268917678439649,0.016673074615695723,0.015386519688650353,0.016710869000800065,0.8098738463876548,0.01749902221351993,0.012317732290572592,0.10727001812466691,0.05466427060049475,0.2651077504132413
1,91,80,41,0.1575,0.7625,0.005229256625946389,0.01916958142181977,0.017654933723134626,0.019846923893867947,0.8311279624224799,0.020445740639103087,0.016104827641933193,0.0704207736317152,0.029920416759315012,0.10398971352404818
1,92,57,35,-0.023391812865497075,0.8947368421052632,0.0039507680407043924,0.01381023374752859,0.013055915295193649,0.014662175326951986,0.8450066949303973,0.015201911872870729,0.014647641915325759,0.07966465887102761,0.04287404325986407,-0.33400614412602003
1,93,54,31,0.43209876543209874,0.8333333333333334,0.005138613831695702,0.019545774539715163,0.018991209603382853,0.02019337369224658,0.7262842240079286,0.020693034938410945,0.09618166595393342,0.09297210343268676,0.2057015001745783,-0.05310982531394792
1,94,36,27,0.4425925925925926,0.75,0.005961652811844278,0.023872678867742983,0.022537425351451243,0.023564418719368842,0.5847427061972131,0.02427881742403896,0.21807567992149846,0.09696662070684212,0.45535197557751417,-0.3964152725882468
1,95,51,34,0.7843137254901961,0.8823529411764706,0.005692035372990623,0.022242181460493254,0.0208957457860376,0.02197050576060457,0.4742908905050115,0.023651172008847438,0.3278700874964008,0.1033873816096142,0.5989001820371758,0.3403258059372032
1,96,79,33,0.6329113924050633,0.8860759493670886,0.002693576775985844,0.01139413387326046,0.01041302192340487,0.010565860836028125,0.2752964681643263,0.011405985073882819,0.5619924942487431,0.11623845910436853,0.9746045043578776,0.43078291609245367
1,97,104,39,0.7451923076923077,0.875,0.0033661306056666966,0.014138330743905584,0.013775563246122106,0.013222387592538984,0.2759650599475586,0.013974271762025654,0.6066568282027508,0.058901427899431584,0.8569736194145281,0.27193371548364187
1,98,154,41,0.7528138528138528,0.8571428571428571,0.003875850502206936,0.015610079305176267,0.015009962290919278,0.015302905307475936,0.27084356359228035,0.016185851198360964,0.5625304386866837,0.10064134911689654,0.6234633897110828,0.3894647667617237
1,99,211,48,0.7677725118483413,0.8720379146919431,0.003357796901131895,0.014069651474085672,0.013057733953856468,0.01312730314150678,0.2564016181127684,0.014474662962916612,0.619509127853841,0.06600210559989304,0.5567454453004432,0.31316115775276554
1,100,179,45,0.7858472998137802,0.8435754189944135,0.00430746423754053,0.017559514108029726,0.016554816315400803,0.0168137437820351,0.2904615185376432,0.01792323851651949,0.5685996053114202,0.06778009919141094,0.2832837721339899,-0.1636294237818019
1,101,194,45,0.7525773195876289,0.8814432989690721,0.003565613800322187,0.014515377848615434,0.013841960131257644,0.013918223504697862,0.25077775347025605,0.014899307301128971,0.6152118407891172,0.07326992315460473,0.24035674965785195,0.08004270767353638
1,102,163,43,0.7770961145194274,0.8404907975460123,0.0063983655762776094,0.02544990013585593,0.023808251888232233,0.02482826547630443,0.32017285565040854,0.026234710079525214,0.48353780213979264,0.08956984905360338,0.13645880217440248,-0.17313313073954806
1,103,121,42,0.6859504132231405,0.9008264462809917,0.005464055477494054,0.021054909561726877,0.019832971983155704,0.020732203548909728,0.4052455613900966,0.022657328566016852,0.4193751118675052,0.08563785760509508,0.3092606726170893,-0.295845383090942
1,104,134,44,0.6268656716417911,0.8731343283582089,0.0047573038556201624,0.018774211068178302,0.01765442167131195,0.018532160484315417,0.467364562356787,0.01977519115741862,0.3744149607553622,0.07872718865100632,0.35843315130387876,0.10125373370517288
1,105,167,47,0.4816367265469062,0.8682634730538922,0.004247677799193484,0.016580505489721037,0.015894280104852523,0.016627050810721366,0.5113689417260964,0.0173872659383245,0.28951978913847326,0.12837448899261747,0.4729452027280704,0.21868920096482913
1,106,169,50,0.4398422090729783,0.8402366863905325,0.004519462898697293,0.017617317948631403,0.016486742263788812,0.017498038087800385,0.5683808161733481,0.01815314201755573,0.276891351393603,0.08045312921657531,0.4219636862769659,0.011834457647003305
1,107,95,39,0.3508771929824562,0.968421052631579,0.004742434864573451,0.017745837447873482,0.017358432139161897,0.018642756188011797,0.6302685822916246,0.019192537584251632,0.20126105641467798,0.09078836306982511,0.46610390856625644,-0.571450245582426
1,108,60,33,0.125,0.95,0.003980296313924096,0.01467644828976934,0.014093634153588521,0.01557673367770737,0.674940391317432,0.014973055249201707,0.16752668625195186,0.09423275474642502,0.4582320427557299,-0.45347432729452475
1,109,89,38,0.33220973782771535,0.8539325842696629,0.005214108872697822,0.020301740594081345,0.01888187697128469,0.019751509890334046,0.6966478582297825,0.021572998060667932,0.14366806793704273,0.07396183944410901,0.3819717250367005,0.38893580615695367
1,110,64,27,0.2609375,0.921875,0.005719522573572523,0.021707634969296136,0.020370742725682907,0.021631917925308233,0.7179273547471203,0.023575651483573067,0.0984106354818298,0.09065654009361705,0.33822359296737364,-0.3254224004346282
1,111,61,29,0.24043715846994534,0.9016393442622951,0.003240169612916297,0.012293384610647958,0.011901591068008359,0.012998549290803534,0.7618388090017569,0.012427374081425675,0.09434401543285348,0.09095610690158776,0.30456375890574505,-0.04725288485054513
1,112,78,35,0.25213675213675213,0.8717948717948718,0.004879661859901073,0.018345875098914756,0.017056903090371577,0.01881291510694355,0.7636043548250673,0.019080091785399093,0.09688204380157578,0.06133815443182689,0.23242955339467716,0.24231346742192983
1,113,94,38,0.349645390070922,0.8191489361702128,0.005097997614620373,0.01949702916255205,0.018357787232543055,0.019514155560700006,0.7911606636493212,0.020418534021878643,0.054889519916751464,0.07106431284163327,0.22276969008823083,0.18442903913351927
1,114,69,35,0.24830917874396136,0.8985507246376812,0.0050685654296323155,0.01893716543782121,0.017316931898098187,0.01891895678366634,0.7676045659775781,0.020280252608889417,0.05291186565512071,0.09896169620919376,0.13902827590023953,-0.3053816495511814
1,115,59,32,0.3220338983050847,0.8135593220338984,0.005414028632570553,0.019997842313864582,0.018179893270368935,0.020624342595347053,0.7272954973468458,0.020783170921741787,0.06687399905872089,0.12083122586054039,0.09233438782463359,-0.15415067982725894
1,116,42,22,0.24603174603174605,0.9047619047619048,0.0023945784030743747,0.009552584776864421,0.008634461441805736,0.00919157761999794,0.8111756669968706,0.009944933703156748,0.03743451214147145,0.11167168491675868,0.17888070966726421,-0.33314444652853803
1,117,53,30,0.12578616352201258,0.7547169811320755,0.0063594365126600615,0.023583445613530204,0.022435366806437512,0.024115673068528798,0.7772774916925496,0.025383230231626745,0.05193698691435219,0.06890836916031491,0.08608823434880336,0.22778393087071214
1,118,63,33,0.16084656084656085,0.9206349206349206,0.004179640767074983,0.014677842499483056,0.014001177773944678,0.015724809577554757,0.7924533004298155,0.01646772502662954,0.03771066314746234,0.1047848407780351,0.07342239675517406,0.16989903679539697
1,119,77,36,0.2645021645021645,0.8571428571428571,0.003728889808537478,0.01357945427815429,0.012736691922312776,0.013973640587595183,0.8697385360240968,0.014677154425587459,0.02298906713134372,0.048576565822372325,0.18788520321446545,0.1978257433299202
2,2,69,42,0.12077294685990339,0.8695652173913043,0.6239045055743851,0.03271436728424692,0.03144662083125442,0.03280256518806091,0.03476986669780195,0.03296037842885124,0.026527088968549047,0.18487460702685027,0.0,0.0
2,3,89,46,0.12059925093632957,0.8764044943820225,0.6100551385876365,0.035170755445754036,0.031273431179884084,0.03492620838923729,0.035459809549442264,0.036875234713691016,0.030988327308871733,0.18525109482548305,0.0,0.25131442828090567
2,4,69,35,0.19806763285024154,0.8115942028985508,0.5054408764945261,0.038906191012441534,0.03762600905695488,0.09784753238896586,0.039834474753485526,0.04225904222250156,0.027586482647062975,0.21049939142406163,0.0,-0.25131442828090567
2,5,112,49,0.2089285714285714,0.875,0.622593722354681,0.033460572194729025,0.03158674355585047,0.034070776376485104,0.033778316968751755,0.03545912428946726,0.028262779058101588,0.18078796520193383,0.08558709760499682,0.47889257666298146
2,6,103,46,0.037216828478964396,0.8446601941747572,0.5837911018946169,0.039599087259223585,0.035746700395060345,0.039602154711169284,0.049356470378845226,0.047697876177359134,0.03536064777225604,0.1688459614114695,0.07704875588164195,-0.08299691957096833
2,7,95,44,0.15157894736842106,0.8315789473684211,0.6467216221769184,0.03155261182520953,0.029673643999504642,0.032298665280201574,0.031162010640136552,0.034159927793438676,0.028098075099738124,0.16633344318485258,0.11512910639149845,-0.08004270767353638
2,8,65,33,0.08512820512820513,0.8461538461538461,0.6347122240336383,0.03892133985658153,0.03440945107122226,0.03697304334087485,0.03736110531704719,0.038720850189567314,0.03038087677132479,0.14852110941974386,0.08512325531041293,-0.3746934494414109
2,9,83,40,0.26706827309236947,0.9156626506024096,0.5737062754382344,0.03547703427349261,0.03245034956521274,0.03551868803595515,0.0378105511812888,0.036178305229972764,0.025148832289796287,0.22370996398604728,0.09251656553469932,0.24116205681688818
2,10,62,35,0.07849462365591398,0.9516129032258065,0.6815187580310295,0.02938363429796919,0.028437536212152476,0.029846972475283836,0.030865671679891772,0.03309747005356821,0.02185683218678124,0.14499312506332382,0.16960295578198714,-0.2876820724517808
2,11,80,38,0.05791666666666666,0.9,0.6266232609545248,0.038292038023283785,0.035764868340039745,0.040395428219331495,0.03900788813546217,0.04731852962696397,0.03625718605857319,0.13634080064182078,0.08934148293494337,0.25131442828090655
2,12,86,36,0.27674418604651163,0.8372093023255814,0.6474558504132434,0.03063445848338533,0.028353051689634045,0.03056203227400525,0.03377631904820084,0.03299750194300959,0.019003403405593457,0.17721738274292811,0.06671808522867584,0.07145896398214457
2,13,95,43,0.13157894736842105,0.8736842105263158,0.705637180223476,0.03086001057663735,0.028537684642404717,0.030626097940509155,0.03260067673404563,0.03253461197884584,0.02655030070763588,0.11265343719644541,0.15569461960632186,0.0984400728132524
2,14,102,36,0.06372549019607843,0.8627450980392157,0.6260174347812544,0.042668879913156064,0.04063324852872185,0.04390819544900602,0.04331282898449983,0.045081825915517924,0.03733841174604474,0.12103917468179919,0.11335661921852896,0.07038079676179976
2,15,50,35,0.2633333333333333,0.86,0.6433975849400693,0.03833229993968292,0.037282723122479954,0.04012888720892737,0.0420664851287881,0.03874989206347142,0.024401122954382938,0.13564100464219794,0.040204555349083224,-0.7029033555053101
2,16,70,36,0.24523809523809526,0.9428571428571428,0.6052445796563237,0.04239585580057105,0.039584808974687656,0.04244988036450405,0.04593278998088737,0.04407992306467119,0.03258128781668685,0.1477308743416681,0.0814637302144148,0.33085424431698973
2,17,55,37,0.10909090909090909,0.8545454545454545,0.6546891594927317,0.036128370266042646,0.034482414160930834,0.03555186581012866,0.03787179916819033,0.03773387492807991,0.028241385924079578,0.1353011302498164,0.014298245683773855,-0.2373281863061658
2,18,84,42,0.07936507936507936,0.9404761904761905,0.6316441308392012,0.041867548987677916,0.03859680842432669,0.04233924550940061,0.04167838230107707,0.04387250223240256,0.032503975531426296,0.1274974061744876,0.045999455960707814,0.417299565755167
2,19,94,38,0.07127659574468086,0.8723404255319149,0.6327987321491415,0.03386530632350589,0.03195802102516454,0.0348634166779942,0.03305504844322986,0.03550218408395337,0.0331039023804904,0.16485338891652024,0.06514306884682336,0.1112256351102241
2,20,99,49,0.13468013468013468,0.898989898989899,0.5979491991457028,0.04621731967871351,0.03480830493988676,0.03818031739372962,0.03815416650543952,0.044583945258709554,0.02879808522592965,0.17130866185188867,0.09896571007086605,0.051293294387551036
2,21,114,48,0.2584795321637427,0.8508771929824561,0.6382599688776299,0.03297321613349166,0.031229736829295845,0.033122169959420036,0.034227860220700346,0.03520255551596608,0.024407913842696895,0.17057657862079917,0.07621239160748605,0.13976194237515838
2,22,82,38,0.17682926829268292,0.8902439024390244,0.559936945835864,0.04258796044538407,0.04018337316019054,0.04308885054004887,0.04413948630097935,0.04688168916612999,0.03328884330908724,0.189892851242316,0.13840706692850085,-0.3260915205666519
2,23,50,35,0.11199999999999999,0.84,0.6602706548438054,0.03198642145909435,0.028536882285570653,0.030917847354948118,0.03113262654470539,0.032739762121725954,0.026200897381975678,0.1582149080081745,0.08620438073421946,-0.48701497507227254
2,24,78,39,0.25854700854700857,0.8461538461538461,0.5988283389821613,0.044255508333017134,0.04106392209605476,0.04608289701140529,0.045403729471319945,0.04895440506289282,0.03734128904187189,0.13806991000127683,0.09568742096114631,0.4376222197426958
2,25,98,42,0.18707482993197277,0.8979591836734694,0.6163287477859384,0.04701441007930996,0.03642338478387309,0.04048484074243934,0.039251819024113836,0.06047290251936656,0.033924344002962896,0.1260995510619959,0.06945816672955117,0.2256719976675683
2,26,85,40,0.12352941176470589,0.8352941176470589,0.6125223177391742,0.03304026177002868,0.03091570524763926,0.034245661169937124,0.03302568523464311,0.04177841152877238,0.027975265409127512,0.1864966919006777,0.05327456960050647,-0.14077255388108245
2,27,77,44,0.1735930735930736,0.8701298701298701,0.61670045907359,0.03607888855355319,0.03351784055428562,0.03583118764543225,0.035783762160514425,0.037661263068049615,0.030489920434854333,0.1739366785097207,0.031770697718885174,-0.09763846956391564
2,28,74,43,0.12162162162162163,0.8783783783783784,0.6870238181250683,0.032658741909691806,0.029877920828050703,0.03386800343207675,0.03317061263253127,0.03485757536945523,0.027546899306219622,0.12099642839690632,0.1446626553535185,-0.03922071315328157
2,29,88,37,0.08522727272727272,0.8409090909090909,0.6337306298496557,0.034691933707303974,0.03186997083844171,0.03508865913529053,0.035184880162524634,0.03689529330552885,0.028583774196518964,0.16395485880473568,0.0395657483068772,0.17114825619582952
2,30,55,32,0.15515151515151515,0.8363636363636363,0.5475773283756364,0.03765586929135864,0.03662769523462373,0.04013920478148916,0.03980719715553865,0.07192094098002672,0.031105872349082343,0.19516589183224436,0.16924676221998233,-0.46328467899699
2,31,66,41,0.23737373737373738,0.8939393939393939,0.6097542120717414,0.028968398488466236,0.02602181898243445,0.02809553779627157,0.028745772272643626,0.030874421252122086,0.023651645290737218,0.22388819384558342,0.1321420989747219,0.17934092865581608
2,32,98,46,0.055782312925170066,0.8877551020408163,0.6623990562065661,0.04003712910038646,0.036596603786914,0.04016650106095895,0.04031464670271416,0.04417758752963979,0.03449649096271638,0.10181198465010412,0.1380205991762795,0.39042723074362407
2,33,84,40,0.20992063492063492,0.9047619047619048,0.5884818308235273,0.043014653965915355,0.04031710899933199,0.04534776070924403,0.04287222740344439,0.0440035983856124,0.034108596486299506,0.16185422322662502,0.08103033458009656,-0.15246859364427312
2,34,81,41,0.010288065843621397,0.9259259259259259,0.6183792036043784,0.03644128037970516,0.03343155938612585,0.03824762242889859,0.03746992879038235,0.03967554112312603,0.03130468874718941,0.16505017554019424,0.011566527098540173,-0.03593200922606332
2,35,88,43,0.01136363636363636,0.8863636363636364,0.5659018313912964,0.03519515359463524,0.03282232335215899,0.036081874526268175,0.03566740141323605,0.049101126286718914,0.027818152614960266,0.21741213682072605,0.12299032214577435,0.0819171224678863
2,36,56,36,0.05119047619047618,0.875,0.6196648907192582,0.040254283004357454,0.03720818095627478,0.04278662862801762,0.06075036987073773,0.04170766364674639,0.03386691765294623,0.12376106552166166,0.11071567697260892,-0.4455851018975894
2,37,43,30,0.24031007751937986,0.7441860465116279,0.5611052285394972,0.0293103828325093,0.02803444297301543,0.047082054396307145,0.030293849254815656,0.051289833751554534,0.026894462843264546,0.22598974540903624,0.13978907266457324,-0.25886163391628925
2,38,76,36,0.014912280701754385,0.881578947368421,0.6374253481961352,0.029877900818748297,0.026162202427123832,0.029674584467189343,0.027342887648553072,0.03127524199720808,0.029964409677494773,0.18827742476754739,0.09556160925016631,0.5596157879354231
2,39,95,45,0.19228070175438597,0.8526315789473684,0.5934621811949218,0.03844760191218133,0.036523269252553586,0.03950619244829774,0.04062862267975674,0.03924646646200937,0.030234684260408873,0.18195098178987051,0.03865201624101572,0.22054276961415198
2,40,142,55,0.11924882629107982,0.8098591549295775,0.6406895944689034,0.031887915026024984,0.030216799464524588,0.03208104743504216,0.0328802731453414,0.033262487629753104,0.02360494025952993,0.17537694257088043,0.08583047051808838,0.39849643879207086
2,41,99,45,0.06902356902356901,0.8181818181818182,0.6422472051869739,0.03733181920060713,0.03482975369850755,0.03838316109597103,0.0371674172509868,0.03995158895390449,0.03133232738230453,0.13875672723074461,0.09065143773440128,-0.35767444427181516
2,42,130,54,0.19794871794871796,0.9,0.6375110666887941,0.04097217284913703,0.03812111835584903,0.04156743508001757,0.04626295336246613,0.04263759392719444,0.031009580582141046,0.12191807915440062,0.11374242000847493,0.2700271372130594
2,43,75,41,0.31244444444444447,0.8266666666666667,0.6355126189119129,0.04298431017930397,0.04018981902940421,0.042430144657834616,0.04597276914529454,0.0460038217987166,0.023712997439801858,0.12319351883773133,0.09559790718842828,-0.5444639829148201
2,44,75,38,0.1391111111111111,0.88,0.5718785354595801,0.035893172261471054,0.03294155213068414,0.03551615786233333,0.035900536481450064,0.04444041271892439,0.027410209835637876,0.21601942324991905,0.10986528586089644,0.0
2,45,83,39,0.2397590361445783,0.891566265060241,0.6309587738178449,0.03807009061226755,0.035380958854045595,0.03930925632634661,0.03968523420806859,0.0402091914131325,0.027757250161933093,0.1486292446063611,0.030873366760100867,0.10008345855698231
2,46,94,46,0.1875886524822695,0.8617021276595744,0.6559112593607517,0.033037741225169864,0.029621663814381062,0.03340339300793515,0.03363689349218824,0.034192499205084874,0.028798359131249642,0.1513981907632395,0.0701843896552346,0.1230600927572274
2,47,121,52,0.1674931129476584,0.8512396694214877,0.6487780979330897,0.035530105212404225,0.03394117996769212,0.036775667755132434,0.03592776496281072,0.03797961885762167,0.02997419229439937,0.14109337301684974,0.040837517972875645,0.250144153132716
2,48,117,48,0.24415954415954416,0.8974358974358975,0.6447783473803005,0.039199044961590074,0.037505874085490866,0.03946178269429714,0.0409131743907514,0.04080103213665574,0.028940948276465473,0.12839979607444882,0.040631424096601226,-0.03333642026759165
2,49,107,49,0.1261682242990654,0.8785046728971962,0.590725662898019,0.035761788118105604,0.03264987472541511,0.03652330168083599,0.03545669429242216,0.03710922436300061,0.03086573870756737,0.20090771521463424,0.11261686115166647,-0.08855339734144518
2,50,67,39,0.1263681592039801,0.8507462686567164,0.5649886162858996,0.04167658034759078,0.040478370262008546,0.04287175821822752,0.04528813896703452,0.04719018418470563,0.034770470690506566,0.18273588104402683,0.12103513764577188,-0.46262352194811296
2,51,85,45,0.12509803921568627,0.9058823529411765,0.6097258519087599,0.04427923017445098,0.04173899298929722,0.04497103721176238,0.046025453310566164,0.04736929628048164,0.03476651146246884,0.1311236266622129,0.08321616203090149,0.23483959107740038
2,52,64,35,0.078125,0.890625,0.6674713439929713,0.02700142768143684,0.024066875806988183,0.02761061766444847,0.02652884350776916,0.029532707266485617,0.02768195040002616,0.17010623367987435,0.12368245906956593,-0.27996002635787054
2,53,115,51,0.14637681159420288,0.8782608695652174,0.5827801989200624,0.038407071810543515,0.048443574580116396,0.03903604660968231,0.03893866579194161,0.038967435040680766,0.031229923397946644,0.18219708384902628,0.0869486583796071,0.5792029212107277
2,54,106,47,0.15471698113207547,0.8773584905660378,0.6663377110932924,0.036325848406004176,0.03314202647676053,0.0369867357135677,0.03508765910207413,0.03659403048904085,0.034877755878080285,0.12064823284117997,0.10886583264317888,-0.08076135664445871
2,55,105,48,0.19365079365079363,0.8571428571428571,0.5806905919502222,0.03967198597029803,0.037367587684253245,0.041370691139414335,0.04087176933733069,0.0420218121128978,0.03127153810659809,0.18673402369898565,0.07605889168417848,-0.00938974034983886
2,56,72,40,0.30046296296296293,0.875,0.6309380601555917,0.0385300544179798,0.038374387984721724,0.04001815562456216,0.04216544114556334,0.04122079099083597,0.02320435081379493,0.14554875886695035,0.06246997653369053,-0.37297965296367597
2,57,87,47,0.003448275862068966,0.9195402298850575,0.4107442385563284,0.027324762759300337,0.026290770741913612,0.028491104186800648,0.02697334155150722,0.029731477715937243,0.25278694552172504,0.19765735896648753,0.51891822572166,0.1868773733298159
2,58,69,40,-0.07246376811594203,0.855072463768116,0.33255992871242374,0.020129899367550268,0.018244464500661223,0.02095267994107408,0.01817732186715297,0.021940510823391806,0.35517127495122414,0.21282391983652182,0.6874663055339613,-0.2288415724288475
2,59,97,46,-0.352233676975945,0.8762886597938144,0.20666225411368178,0.024536126921608326,0.05667259701341368,0.02069370703861216,0.0183590770376494,0.020558697977064097,0.5340321009136152,0.11848543898435539,0.9007941310412548,0.33647223662121295
2,60,121,50,-0.5677685950413224,0.8677685950413223,0.09794889665759673,0.0163158186849533,0.015216987800585627,0.017285942074014668,0.01411809294835669,0.017377080637100768,0.7185504433455531,0.10318673785183914,1.0763654896673962,0.21905356606268445
2,61,201,61,-0.5792703150912106,0.8258706467661692,0.08608757822442391,0.0156328760680312,0.014145140425418357,0.034301615171031745,0.014272545475686073,0.01748033442045773,0.7438802190175517,0.07419969119739923,0.9404512611632709,0.5042466526679483
2,62,262,65,-0.6563613231552163,0.8625954198473282,0.0886648245461209,0.015971131176859815,0.014752823451183375,0.017267001216288647,0.01396053198368779,0.017317654370851157,0.7299951758256092,0.10207085742939909,0.7003055308883437,0.26388633477655965
2,63,293,64,-0.6064846416382252,0.9010238907849829,0.09334145584478523,0.013993857593812968,0.013165434831584897,0.01496063635513718,0.012676636331311747,0.015196796611618097,0.7314014503675573,0.10526373206419264,0.5034827549096652,0.1114257351609167
2,64,197,58,-0.6607445008460237,0.883248730964467,0.08992611147616225,0.01584986892519218,0.01468867135152138,0.01683111214716229,0.013828948727620088,0.01664997803786941,0.7360430312399084,0.09618227809456391,0.3104238882104354,-0.39531273664414623
2,65,289,66,-0.6437139561707036,0.8927335640138409,0.09128561112173154,0.012808167582326752,0.01188309811925746,0.013670289814240824,0.01097355495252326,0.013848671666576367,0.7590940406209759,0.08643656612236793,0.2184527396245178,0.3816138922859844
2,66,334,64,-0.46896207584830335,0.8892215568862275,0.11629447956541211,0.022485679387062793,0.02064392088429594,0.026486902148632387,0.020947341274252993,0.024346429881376294,0.6477398022622997,0.12105544459666777,0.1196622415699066,0.14424960884454663
2,67,237,64,-0.3477195097448262,0.8565400843881856,0.16727178471536594,0.022445030685899644,0.0209315038950182,0.023211495103946735,0.021279936974211905,0.024410392518348593,0.60925486651052,0.11119498959668898,0.2291200277445187,-0.3418598581535912
2,68,178,59,-0.23295880149812734,0.8820224719101124,0.2120544792045816,0.0252921543167971,0.024118975939206772,0.026528246459994225,0.024546595651519475,0.027436423995876143,0.5356449278102166,0.12437819662180821,0.3451125974779733,-0.2848848678307201
2,69,222,59,-0.09834834834834834,0.8963963963963963,0.2568612591282069,0.026001406490994416,0.02459599033181593,0.027179954714549048,0.025676569400596806,0.028495503242497028,0.49062680504417217,0.12056251164716768,0.3756530455222519,0.21978596561936392
2,70,203,59,-0.008702791461412151,0.8768472906403941,0.2662596795250614,0.031193777801111364,0.029755930931172837,0.03218130756424697,0.03170742261304742,0.03373037875152052,0.41563955501968597,0.1595319477941535,0.4572365824908138,-0.08905177761590277
2,71,137,55,-0.09975669099756691,0.8540145985401459,0.3502694172826462,0.02839211613780712,0.02702621521924525,0.031636554255376904,0.02899840865047055,0.030526117982626978,0.35259313027692124,0.1505580401949057,0.4931117475912372,-0.390866308687011
2,72,117,49,-0.01566951566951567,0.811965811965812,0.36535404233680185,0.03176909077211678,0.029844040766939004,0.032566077903492856,0.032787919250289774,0.03399944035012512,0.3315563043678382,0.14212308425239642,0.4256282848485498,-0.15656906069153997
2,73,135,51,-0.004691358024691358,0.9111111111111111,0.42448356137563453,0.033996870852183635,0.03185189922891753,0.03539923984902676,0.03309580612898265,0.03634138010612783,0.24243723778445422,0.16239400467467283,0.48171277908584975,0.14197026127038725
2,74,155,54,-0.0610752688172043,0.9032258064516129,0.47992328772535814,0.02860699969216781,0.027089645739669165,0.0295958725011187,0.03245947483054173,0.031767607337789716,0.21841664929672294,0.15214046287663177,0.41439087145130005,0.13720112151348474
2,75,143,59,0.053613053613053616,0.8671328671328671,0.4783715400621237,0.03574879744299402,0.0333208007069412,0.035977709232707704,0.036171080794299905,0.03871048878525605,0.20105415875848406,0.1406454242171934,0.34477307909485855,-0.08004270767353638
2,76,140,48,0.10595238095238095,0.8857142857142857,0.5514643490291801,0.03573241372911411,0.028062810072999395,0.029757534065095976,0.029598033826599403,0.03209266576354047,0.13925418585418403,0.15403800765928652,0.3781303058973531,-0.021053409197832273
2,77,107,48,0.0514018691588785,0.9158878504672897,0.5383848740963368,0.03765672993135907,0.0343548694427837,0.03809746753312643,0.038036062803813574,0.03989773302965774,0.12932031738889901,0.14425194577402367,0.2992503859677349,-0.2666286632539485
2,78,115,47,0.0052173913043478265,0.8956521739130435,0.5476700643465414,0.03583603813767561,0.03269055395810085,0.03607178234323179,0.034664711926818206,0.03780234690973844,0.1406857366486136,0.13457876572928004,0.2096946962089595,0.07145896398214457
2,79,106,50,0.003414195867026055,0.9339622641509434,0.5141208141293995,0.032063665442142425,0.029783884124455234,0.0322683195685688,0.03235226512208265,0.03354436612487756,0.09395084803350111,0.23191583745497282,0.2304094705528985,-0.08076135664445871
2,80,94,48,0.1723404255319149,0.8936170212765957,0.6217266930592114,0.03175993528843732,0.030040394980877468,0.032799940633752786,0.033895019433155114,0.03385633699716962,0.09666559960297663,0.11925608000441969,0.23387316035681516,-0.11895194286136501
2,81,117,50,0.1717948717948718,0.8290598290598291,0.6235641437648767,0.03366446811154983,0.031076047932191417,0.0345743672636991,0.03421818278342049,0.03634187215890945,0.07482410424600847,0.13173681373934462,0.18628597036707414,0.21680773286512434
2,82,140,53,0.0630952380952381,0.9,0.5770339569071011,0.048491827983679035,0.03516840715260292,0.0391161970783929,0.03829574408522725,0.04092061054340893,0.08264900387559915,0.13832425237398863,0.11010429467544944,0.17807526591250333
2,83,114,50,0.19298245614035087,0.9473684210526315,0.6117116220601055,0.0357680009267072,0.0329014062051758,0.03694787048059602,0.035709003523633015,0.03700227047649436,0.07005575774995737,0.1399040685773306,0.09901765320888245,-0.20382776201491826
2,84,96,40,0.371875,0.8854166666666666,0.37792596759834135,0.03881135283980557,0.0361495148193298,0.038386331397866194,0.040927767085399615,0.0418639538166369,0.26669934639724585,0.15923576604537468,0.39678011290719506,-0.17022114985986736
2,85,84,46,0.501984126984127,0.9166666666666666,0.3042639835633241,0.03299264324351733,0.03146485453216173,0.032055474956208,0.03578162673374225,0.03487498807116581,0.3952936645889262,0.1332727643109546,0.5548382710700116,-0.13205972201306615
2,86,70,38,0.7095238095238094,0.9142857142857143,0.21300857898194048,0.025693263560537874,0.023839273421219772,0.024425351107043563,0.030092979781549373,0.026328420054593883,0.5375301663527452,0.11908196674036987,0.7664493828500005,-0.1799713794490012
2,87,151,47,0.7947019867549668,0.8609271523178808,0.0930297132071845,0.017260120029985945,0.016133858280061752,0.016307601002298323,0.021215743146693077,0.01783420311722233,0.7198835666194952,0.09833519459705892,1.0044192352922878,0.761200643804961
2,88,164,57,0.7729674796747967,0.8719512195121951,0.08768872788988513,0.01693445680524427,0.016109520371744818,0.016234545395371804,0.02061387902613291,0.017230441401161256,0.7280911460733309,0.09709728303712888,0.8427721179095254,0.08206495305430384
2,89,228,65,0.7668128654970761,0.8903508771929824,0.09251701958413483,0.02080570311509979,0.019619046028605494,0.019713805566015624,0.024516164545311515,0.020896351320089948,0.7064766514263915,0.09545525841435132,0.6128954023792687,0.32777652965365967
2,90,299,66,0.7162764771460424,0.8996655518394648,0.08291914729481195,0.017721958545208652,0.016829191344413734,0.01727283230218938,0.021224312858022665,0.018092973616506896,0.7207121773625628,0.10522740667628394,0.4631299835228134,0.27006047110196096
2,91,357,64,0.7586367880485527,0.8823529411764706,0.09132311684481911,0.019678166963048617,0.018104286890069647,0.018345410384618316,0.023436823199358397,0.019367001496050012,0.7059988180928202,0.10374637612921571,0.2478014308082983,0.1767505117444994
2,92,330,66,0.7747474747474747,0.8757575757575757,0.09386443570487493,0.020458495982699224,0.019305862272157196,0.019403521331114403,0.024533961215691916,0.020779698947255038,0.713198276403969,0.08845574814223821,0.13668621266043185,-0.07841461102363745
2,93,256,64,0.7688802083333334,0.8828125,0.11057394983798115,0.02539103581602264,0.023962294603959978,0.024382238962422333,0.030050307098190617,0.026209184191751483,0.637483524602518,0.12194746488715374,0.10557318003248227,-0.2530422904818428
2,94,229,59,0.6324599708879185,0.8908296943231441,0.14691208454974988,0.02493561230137746,0.023056920238227616,0.024089025802938948,0.028193076814244513,0.02587824740824473,0.5718922833833354,0.15504274950188146,0.2653137648279255,-0.11099677597202451
2,95,287,66,0.6128919860627178,0.8501742160278746,0.21213309403732677,0.03109151821159916,0.02925950873863684,0.02988438591206247,0.03525641159696165,0.03217847267664306,0.5207159048636016,0.10948070396316838,0.3255568292416545,0.22488117121275053
2,96,250,63,0.4848,0.884,0.265295676878094,0.031147471966428537,0.029232217969192658,0.031342188926472614,0.03420057049291778,0.03271123686213609,0.44181386254169736,0.13425677436306097,0.42393731381237637,-0.13750754100416263
2,97,187,58,0.4509803921568627,0.8770053475935828,0.3010604170145317,0.02957953678783654,0.02893241329915805,0.029524236946604464,0.03288737397627726,0.030689599286873138,0.3952727773815558,0.1520536453071631,0.44140154445131824,-0.28901097630183425
2,98,178,57,0.33614232209737827,0.8764044943820225,0.3740811249580203,0.030053941827276595,0.027790857905641245,0.029549033817062944,0.032679889273974604,0.03149255574719098,0.3573383028354752,0.11701429363535813,0.43739735264787016,-0.0490561569891943
2,99,153,56,0.3627450980392157,0.9019607843137255,0.41047037780408324,0.03296179059936085,0.030821919672308,0.032921379350858024,0.03499170729582902,0.035198414778336067,0.2919748060514978,0.13065960444772703,0.45539751132904793,-0.1504332034271254
2,100,100,52,0.2653333333333333,0.88,0.4244310277794207,0.02271805421423212,0.02118687068044924,0.023014586408235966,0.024470893314827415,0.024695118330250856,0.26392627320554485,0.19555717606703876,0.45683870449711905,-0.42183208557236984
2,101,126,56,0.2656084656084656,0.873015873015873,0.44261932177573465,0.03475581208369269,0.03292797270939684,0.035824207309036286,0.036327593189246825,0.037460277154840585,0.21296504269894992,0.16711977307910222,0.3863368318200168,0.22906656961733152
2,102,134,56,0.26044776119402985,0.8731343283582089,0.4658513030931169,0.038788317814717796,0.03694827943473914,0.03982521555039478,0.041271991380044115,0.039775807903351695,0.18401641296463253,0.15352267185900306,0.3416834510931128,0.06108769197983843
2,103,117,50,0.34643874643874645,0.8803418803418803,0.5347405952887079,0.037510699789356894,0.03521332470354014,0.03746467814959887,0.040292269619578006,0.040547394299100294,0.12055158477178349,0.15367945337833444,0.37241325265053393,-0.13459015397276453
2,104,139,56,0.19784172661870503,0.8992805755395683,0.5296558185306259,0.03589474207505389,0.03403187633614658,0.037196115936395206,0.03648507903432567,0.03749799314906617,0.13094699709905636,0.15829137783933026,0.259833205776013,0.17095779814363876
2,105,121,52,0.25702479338842976,0.8760330578512396,0.4887520252152095,0.034554811574215506,0.032429221559027006,0.03783628297946542,0.03520837939393625,0.03573531937852352,0.13252276976114122,0.2029611901384816,0.1811773710426353,-0.1376213778760471
2,106,101,47,0.18085808580858084,0.8613861386138614,0.5732348418657621,0.037497035091731044,0.03502884208285543,0.038051168917145904,0.039134663951566055,0.03961400781344016,0.11215023441197934,0.12528920586551986,0.23903401469117963,-0.17904823144898607
2,107,76,40,0.3785087719298246,0.868421052631579,0.3434525090658723,0.03903943999042878,0.03733229906209315,0.03895308391049033,0.04189890519236408,0.04136143460012922,0.29883629170747544,0.15912603647114665,0.3136159894332158,-0.28116739143058656
2,108,80,42,0.55625,0.8,0.2971003213888586,0.03173584040492856,0.029523291060789297,0.031158810144191862,0.034979287433837034,0.03256339137038341,0.40423281054312554,0.1387062476538857,0.4678972401105316,0.050643732818755005
2,109,98,44,0.6326530612244898,0.8163265306122449,0.20808004913774883,0.02923633174564164,0.027598371805873302,0.028995909061194737,0.03314171802740751,0.03127441872830293,0.5280600605915596,0.11361314090227145,0.6609038065376353,0.20067069546215066
2,110,131,50,0.7137404580152672,0.8854961832061069,0.0875371255743428,0.013068363361240646,0.012371519297468294,0.012126707747441257,0.0166303820179455,0.013708910873754412,0.7572363820705618,0.08732060905724531,1.0209582644593747,0.2876820724517808
2,111,236,60,0.7175141242937854,0.864406779661017,0.08681903100318815,0.019334389004458562,0.01842398519202777,0.01831934691200275,0.025414879891557135,0.019575469724913006,0.7027445701061219,0.10936832816573078,0.7300646984451296,0.5852582185487609
2,112,277,65,0.75367027677497,0.8736462093862816,0.0939069576365438,0.017064518390864505,0.01641721648317895,0.01626016194312996,0.02130341106987713,0.01753627022948499,0.7330024027116733,0.08450906153524744,0.6272096285113566,0.1595609725555054
2,113,271,65,0.7672816728167282,0.9003690036900369,0.086389270455216,0.018037749311986415,0.01660835857023848,0.01633530530978493,0.021607975011590865,0.017713579975984235,0.7291262364303536,0.09418152493484554,0.44789168653427935,-0.021819047394639135
2,114,277,67,0.7623345367027677,0.8664259927797834,0.09108670459990928,0.017332215556952815,0.016507680509286235,0.016418603266381414,0.021123437308037167,0.016875341302888144,0.7243136648658681,0.0963423525906768,0.2619876856857732,0.021819047394639135
2,115,343,66,0.7274052478134111,0.9008746355685131,0.09116915597999446,0.016850111047264173,0.015934606280317048,0.01620305502014657,0.020300787741430994,0.017052724845649635,0.7430683314351979,0.0794212276499992,0.1779320550648919,0.21302054368276124
2,116,335,67,0.7203980099502488,0.9104477611940298,0.12195837997715352,0.02779151499399699,0.026260470991585055,0.027159760082502208,0.0320824904861755,0.028847114451064443,0.6297312847653156,0.10616898425220671,0.14555218710117923,-0.023530497410193973
2,117,307,66,0.6821932681867535,0.9055374592833876,0.16024447809256376,0.026187614768310476,0.0246471943776679,0.025282922282402174,0.02998651755359528,0.02688287645360364,0.5749070612507325,0.13186133522112423,0.28424955532284685,-0.08701137698963013
2,118,306,66,0.606318082788671,0.8790849673202614,0.21645751233446736,0.027062239777581838,0.02537980359619234,0.026354313985737832,0.03079824417025846,0.02821113586006616,0.5177542895122186,0.12798246076347744,0.34646100713706646,-0.0032520353863771945
2,119,221,59,0.39592760180995473,0.9140271493212669,0.24362214426223425,0.030661503004806107,0.029425518613276063,0.030565601508184582,0.03355982861476051,0.03218256027679406,0.45610544196485625,0.1438774017550882,0.41690433634781887,-0.32417036571491753
3,2,70,34,0.20523809523809525,0.8857142857142857,0.006895995411795516,0.02555954566875201,0.8056745538111968,0.026459011915754147,0.025923968114583116,0.027491155813495836,0.020070840579443434,0.06192492868497921,0.0,0.0
3,3,103,45,0.3106796116504854,0.8349514563106796,0.0044174082836880065,0.016963369889264696,0.7959307436668656,0.017049599947663457,0.01708021464192003,0.02684030830202545,0.013649654192955654,0.10806870107561717,0.0,0.38171102210005703
3,4,65,35,0.1717948717948718,0.8769230769230769,0.004405244292883659,0.016591224498836207,0.8118906811788319,0.017084026303424663,0.015880603296158684,0.01738028704693111,0.014715464096440777,0.102052469286493,0.0,-0.4547361571149473
3,5,104,46,0.2980769230769231,0.8653846153846154,0.0049491073650748205,0.017777585069805965,0.7733589315656778,0.018611329687747338,0.03852526291163053,0.03586248870158244,0.014020340582902763,0.09689495411557841,0.07413698728278038,0.4643056081310979
3,6,79,39,0.17721518987341772,0.7848101265822784,0.005190648087722706,0.01912555291292398,0.7225953267089421,0.019357928675297776,0.018880458670369547,0.05937445472177896,0.016293574628754616,0.13918205559421026,0.1602617921489896,-0.27193371548364187
3,7,69,37,0.18115942028985507,0.8695652173913043,0.0048863442432529195,0.01897041276690088,0.8233792558855378,0.01869833274685553,0.018707807603354065,0.01994724450547458,0.014332281051133877,0.08107832119749032,0.08297841699847,-0.13353139262452185
3,8,77,35,0.17748917748917747,0.948051948051948,0.0037936242735483556,0.014413595385486038,0.7900424565517552,0.01454577842572105,0.014745817770149222,0.04013798246673385,0.012577359009987752,0.1097433861166185,0.04353869631597898,0.10821358464023234
3,9,83,38,-0.014056224899598395,0.9036144578313253,0.005169438605779645,0.019055642356276818,0.7800843114035093,0.020044584121403145,0.01896131469666616,0.02122738385901155,0.017307616550594585,0.11814970840675892,0.0450682669201959,0.07410797215372167
3,10,81,42,0.1337448559670782,0.8641975308641975,0.006058972037051335,0.022519035563352018,0.7852835384122957,0.03515522580299587,0.02279650592924196,0.02372537835019237,0.01801286238318151,0.08644848152168924,0.058577046962338064,-0.024097551579060017
3,11,111,42,0.07957957957957956,0.8288288288288288,0.004645669509205996,0.01731808956932483,0.8298160430565266,0.01752849039021464,0.017758605277314453,0.018237092125922207,0.015504726784950768,0.07919128328654057,0.09238611110879869,0.3117796240308408
3,12,98,45,0.21598639455782315,0.8061224489795918,0.005418009803762672,0.02050836720325508,0.7594137416631286,0.02087615792500959,0.02105690736870356,0.02186123168108572,0.014439303067183872,0.13642628128787082,0.07545661020127417,-0.12337902116050437
3,13,73,34,0.18264840182648404,0.9041095890410958,0.00538147427667553,0.020217723721459146,0.7862774946186023,0.02043482187142512,0.019851185754066157,0.021372414108026462,0.016698882774365733,0.10976600287537956,0.016590461126153068,-0.2910547569304196
3,14,70,38,0.24428571428571424,0.8714285714285714,0.004220224830665129,0.01562209185604885,0.8048222115525802,0.01626544048882342,0.03204005861959119,0.016808445487601454,0.010078671345534926,0.10014285581915497,0.0485316872040994,-0.04138521616285473
3,15,50,34,0.21666666666666667,0.84,0.00587789022400921,0.026118484626921252,0.8006006367714719,0.022262252523809554,0.022229416474725604,0.02321539142891329,0.018244891080344182,0.08145103686980505,0.048735122657587865,-0.33085424431698973
3,16,99,37,0.1277056277056277,0.8181818181818182,0.005063446969591497,0.019066368177651855,0.8104471521606459,0.019215892578302682,0.018899134856336083,0.020350000252263144,0.015408551961274284,0.09154945304393461,0.03623773932754479,0.6733445532637661
3,17,108,47,0.17592592592592593,0.8425925925925926,0.005561786355443242,0.020964248521786272,0.7836474000357592,0.021230197568411793,0.02088269215262481,0.02200920600693455,0.015898183750965415,0.10980628560807469,0.029345395942354316,0.08617769624105165
3,18,91,41,0.20219780219780217,0.8461538461538461,0.003724301655207066,0.013773005053203356,0.8213595074610295,0.014586516792584485,0.01438622161035822,0.014140420298315262,0.011337061893425962,0.1066929652358762,0.0608598372082471,-0.16955930518010298
3,19,108,51,0.12345679012345678,0.8796296296296297,0.005025234216721963,0.018906629235669326,0.7756134891967043,0.019201845206844335,0.01924804067760484,0.019829887787652357,0.014907920722520805,0.1272669529562822,0.04493819689669445,0.16955930518010298
3,20,76,37,0.017543859649122806,0.9078947368421053,0.004812360831338965,0.01758155820530505,0.8102989742125166,0.018402499810379804,0.017291217296263973,0.01863125230400883,0.015268116569470233,0.0977140207707166,0.026750737185338075,-0.34754246037545933
3,21,76,36,0.2236842105263158,0.8289473684210527,0.005577587846566659,0.021237064825514906,0.7889547444888927,0.02105222453153983,0.021112185507158533,0.022196370271765003,0.017093810819928917,0.10277601170863339,0.024030331419559455,0.0
3,22,57,34,0.30618212197159567,0.8421052631578947,0.0037079778001528657,0.013333576935499301,0.8021751687368067,0.01324174407561824,0.013410767286853437,0.025619130420322576,0.012439604273663788,0.11607203047108305,0.045289471007797635,-0.283362411307265
3,23,71,40,0.192018779342723,0.9295774647887324,0.004649919070962911,0.017348157845987294,0.8227227217201057,0.0176442268564064,0.01704188118184983,0.018345109223786613,0.015493457785575036,0.08675452631532614,0.04933244864461754,0.21622310846963622
3,24,110,48,0.15666666666666668,0.9272727272727272,0.005078733972394109,0.018918045284264176,0.7819231644190819,0.019547336929546907,0.018783444268971286,0.019899834380697787,0.015503730268567512,0.12034571047647631,0.03793782587604058,0.4328640822962786
3,25,90,37,0.22999999999999998,0.8777777777777778,0.005976144545408878,0.021827621808926393,0.7796449503214595,0.022823659583845232,0.022255446430604255,0.023838668585182108,0.016838923997547356,0.10679458472702631,0.04445521223718021,-0.19867069479548416
3,26,109,42,0.22110091743119267,0.8899082568807339,0.005131824281647513,0.019251562399823584,0.758818744588506,0.019929231639542824,0.020106147777462415,0.027056819986929836,0.013358153244633015,0.13634751608145484,0.07532585505739084,0.18962085927556682
3,27,71,35,0.09295774647887324,0.7887323943661971,0.004632721888337509,0.017046238572832863,0.756973946678735,0.017281566667079716,0.06446349887365599,0.03228098108866232,0.015616947530984665,0.09170409869971197,0.11284169159196526,-0.42381424677636126
3,28,62,33,0.04032258064516129,0.8870967741935484,0.0052500195157172535,0.019407908728517227,0.8070924432962711,0.020106539665179477,0.018858422460653147,0.02127302305391871,0.015915264203696405,0.09209637907604666,0.05188856903693835,-0.13353139262452274
3,29,58,34,0.3017241379310345,0.9137931034482759,0.005497953711359819,0.020725827218426085,0.8068969311238692,0.020717134474321407,0.0213169341728193,0.022145829954919236,0.015192435631966763,0.08750695371231823,0.05044571313893667,-0.06559728248581287
3,30,76,37,0.17982456140350878,0.8947368421052632,0.004997131202693722,0.01837222209935352,0.7769561487303435,0.01889094713002183,0.01812483449502781,0.019682620745429046,0.01613294322781252,0.126843152369318,0.04896113926530943,0.2662679779479644
3,31,76,34,0.19078947368421054,0.9078947368421053,0.004176686883756357,0.015764957183620452,0.7959760510676749,0.016207007529795273,0.015692949680592417,0.016568165254040458,0.013290780982710044,0.12232340141781019,0.056614698027936214,0.0
3,32,92,41,0.18442028985507244,0.9347826086956522,0.0051638299608043866,0.018912888299166,0.8110373640156735,0.019434323757938837,0.01961622789427084,0.02080035564895766,0.014727183213686976,0.09030782720950177,0.05584881131867188,0.18879407129957215
3,33,100,45,0.257,0.88,0.004560553283240878,0.016994795255122007,0.791338961791443,0.017686539173751972,0.017350752435657615,0.017844432333003625,0.013944376722879627,0.12027958900490127,0.034413970716335875,0.0825210236880034
3,34,68,38,0.25,0.8823529411764706,0.005503583775014515,0.020430841416989115,0.8026001851949287,0.021200130456105977,0.020369430551132293,0.0217179408127429,0.016948223087698104,0.09122966470538828,0.03579752991618308,-0.381014012244
3,35,73,39,0.17671232876712328,0.8767123287671232,0.0050329135459791135,0.018974514721160372,0.8277873407601155,0.019130262929624674,0.019138365485712044,0.019390008176647402,0.013649907394240584,0.07689668698652029,0.059298601756180166,0.06995858860691051
3,36,73,40,0.2273972602739726,0.8082191780821918,0.006267083648642215,0.02377527499634459,0.7423431326665277,0.023945573655190948,0.024942263639874705,0.025123126921141204,0.01620734167632326,0.13739620279595535,0.11891172971952976,0.0
3,37,85,39,0.14313725490196078,0.8588235294117647,0.004769311577465785,0.018037207767656736,0.8142822146804817,0.018215661383651986,0.017336590717966976,0.01900127437960068,0.0154401455653732,0.09291759392780297,0.04431902319683601,0.15028220304933715
3,38,83,40,0.08714859437751005,0.891566265060241,0.004462976251138336,0.016975781606085132,0.8242953776431278,0.016523611228727832,0.016406616630363552,0.01744167490796902,0.01382004831937679,0.09007391341321154,0.05277211237858548,-0.023530497410193973
3,39,107,44,0.11059190031152649,0.8691588785046729,0.005097896171024605,0.01860427328551363,0.800563226980909,0.019582556684116535,0.019045715517656697,0.0201013812797286,0.014852884891793153,0.10215206518925789,0.004829934995813535,0.25131442828090655
3,40,104,42,0.12980769230769232,0.9134615384615384,0.004671574543849448,0.01674360987008631,0.803869961070007,0.017434423657553596,0.016659648119599232,0.018092194699513328,0.014336569537469483,0.10819201850192163,0.020079343217979672,-0.028170876966696845
3,41,85,37,0.17647058823529413,0.8470588235294118,0.007069552457446128,0.025702266093288857,0.7787800197126198,0.026917907213749846,0.02629294634816034,0.02744839871111688,0.021057497972294868,0.0867314114913233,0.07314844745387242,-0.19961305390401574
3,42,61,32,0.13114754098360656,0.9016393442622951,0.0036737234069995884,0.014238293493825698,0.8295844717409231,0.014283027876079005,0.014460811080609877,0.0150265008742705,0.010473000466360571,0.09826017106093166,0.06147715104933514,-0.32721291120841567
3,43,65,35,0.1564102564102564,0.8,0.0063502275592612085,0.023872767616071947,0.7992067886365438,0.024084100976334677,0.024535551836216925,0.026448000918981134,0.017381071714319126,0.0781214907422711,0.048249411767001815,0.06252035698133351
3,44,81,39,0.27983539094650206,0.8024691358024691,0.0046165133407729915,0.017050427061763126,0.8297249025919269,0.017606286583040674,0.01776688162706805,0.017871342022613847,0.012571646719428665,0.08279200005338584,0.04499778790825025,0.21706450523782816
3,45,89,41,0.250936329588015,0.7865168539325843,0.016529498226201846,0.030076605849480357,0.7892688461912791,0.021410761685326497,0.021551393629731085,0.02177068541932594,0.015292423115103987,0.08409978588355108,0.05679068408701396,0.09309042306601167
3,46,87,39,0.07662835249042145,0.8620689655172413,0.00550671415642159,0.02040364241211575,0.8071340390346555,0.021125806953341052,0.020441535628227304,0.022023520876467802,0.016821397823985552,0.08654334311478534,0.013562935461419772,-0.02247285585205816
3,47,90,45,0.1925925925925926,0.8888888888888888,0.005208829617599082,0.019691739040931182,0.7658729949626235,0.01975909025432443,0.01991444722659437,0.021056863526155694,0.01517307129763768,0.13332296407413402,0.08814872219164804,0.03352269203864289
3,48,94,44,0.11879432624113474,0.8723404255319149,0.004328819456285668,0.01567383479337075,0.8196710237680006,0.01623264650472022,0.015090960461604939,0.017659723792168312,0.0157704924797833,0.09557249874406615,0.04539564758367589,0.04301738508369102
3,49,83,38,0.1844520940906483,0.8795180722891566,0.0056956452661019764,0.020841116272709903,0.802613617719601,0.022057712434143627,0.021100138760445933,0.022136913743801667,0.017595161911047347,0.08795969389214847,0.020430556633616946,-0.1230600927572274
3,50,81,39,0.19547325102880658,0.9012345679012346,0.0051685682792771016,0.018964083695028555,0.7878773849395329,0.019171781802853463,0.01864235489979669,0.020808203487037234,0.015217243856642382,0.11415037903983176,0.04304025050699435,-0.024097551579060017
3,51,78,44,0.17905982905982906,0.9102564102564102,0.005260880950348744,0.019597987311587454,0.7426250713863427,0.020400639568805255,0.019405500554090425,0.047575763088100596,0.01617055787172879,0.12896359926899598,0.11986607689649328,-0.03727139479723185
3,52,105,49,0.14476190476190476,0.819047619047619,0.005095942940742787,0.018647316454357164,0.8055308634920002,0.019513672571310703,0.019181573715924452,0.019650962837750512,0.015691286811383133,0.09668838117653106,0.035329447554847224,0.2939912416450454
3,53,110,43,0.1409090909090909,0.8545454545454545,0.005952853352330107,0.022059108478964314,0.7859831179304347,0.022365550318142833,0.022535830538909594,0.023924783909231258,0.017869740594746233,0.09930901487724092,0.023119825413252203,0.04609110720026699
3,54,87,45,0.23256704980842913,0.9080459770114943,0.017078632333909088,0.021093555274096117,0.7359932282473526,0.02115589884234168,0.020868159615618123,0.021687281292624323,0.01613073080433382,0.14599251358972434,0.1085131888558787,-0.23219338683412705
3,55,78,37,0.09572649572649573,0.7948717948717948,0.006321724054687111,0.04982402637891852,0.7496885633234187,0.023691387571431088,0.02332762493017335,0.025220264097869618,0.01905170379862858,0.10287470584487303,0.08151907945427052,-0.10788896201118536
3,56,79,37,0.1569620253164557,0.8354430379746836,0.004585279094834192,0.05325188900757719,0.7618989508203305,0.017387101364945846,0.01644975829745762,0.01746832849188436,0.014439563064715664,0.1145191298582546,0.06498047157308998,0.012578782206859707
3,57,56,28,0.22916666666666669,0.9107142857142857,0.006675371600099316,0.043194459214970525,0.7343645723413076,0.02564077964065729,0.026296836894336605,0.027804271036246168,0.01657163545709429,0.11945207381528819,0.06622327244448369,-0.33897536683933094
3,58,54,34,0.06172839506172839,0.8518518518518519,0.0032207622867229373,0.011478595332753685,0.8469803367176297,0.012351662175301295,0.011913846003869964,0.012789390169944083,0.00983873909088685,0.09142666822289144,0.17507942556634876,-0.03571808260207909
3,59,103,43,0.24271844660194175,0.8446601941747572,0.0034998818787612893,0.012500477081768277,0.8035960675785229,0.013253861958821255,0.013632556880556528,0.013743396980300544,0.00892547838824323,0.13084827925302608,0.10011665930387574,0.6370577139089013
3,60,116,46,0.14367816091954025,0.8879310344827587,0.004197258946195672,0.015994502194043463,0.8179267302315499,0.01636607961836233,0.015927334109683382,0.016730854867799433,0.01486530514135855,0.09799193489100733,0.08806051984363249,0.11778303565638382
3,61,75,33,0.059111111111111114,0.8533333333333334,0.006084395533244079,0.022402480960655318,0.8020989494937453,0.023021653981805553,0.02211009641703634,0.024296754243916672,0.02085840955476444,0.07912725981483226,0.08649221885522307,-0.43144059451142525
3,62,94,44,0.008865248226950354,0.925531914893617,0.005384141619305742,0.02736576224548075,0.7503334636783199,0.020617491718439424,0.019490347452225696,0.021064312988242826,0.01889052234423367,0.13685395795375196,0.08037314834588205,0.2231435513142097
3,63,67,37,0.004975124378109452,0.8507462686567164,0.004885556344793385,0.018421887014952003,0.8214212256743324,0.018234269007310667,0.01778585153839843,0.01941033327162148,0.016582373352713734,0.08325850379587788,0.07056094196115079,-0.3343691864244338
3,64,71,34,0.14084507042253522,0.9154929577464789,0.00439678251459083,0.015883280566468403,0.8235855485628314,0.01588007829846077,0.01603766247792162,0.016644561764533813,0.014463951435120834,0.0931081343800724,0.0538221412069749,0.05715841383994835
3,65,68,30,0.2965686274509804,0.8823529411764706,0.005284964128080739,0.02000981116557549,0.787112905612785,0.02060659711195818,0.020603648145858897,0.020806190731527036,0.015207959060066275,0.11036792404414834,0.04461485218498179,-0.04255961441879563
3,66,95,42,0.09473684210526316,0.8421052631578947,0.017429762811152164,0.0677839294599559,0.4582080353599286,0.0668705406152147,0.06652174818142702,0.07755059407361006,0.04929506240979707,0.1963403270889145,0.6853196123750247,0.3302416868705764
3,67,91,44,0.013186813186813187,0.8901098901098901,0.0186959513233084,0.06842785656871045,0.41526230801222114,0.07183293654588759,0.06867506008166001,0.08039436838288513,0.06187736123207674,0.2148341578532505,0.6725287721508413,-0.04255961441879563
3,68,27,18,-0.05555555555555555,0.8888888888888888,0.005200929732260053,0.018584487857336327,0.8552344276671782,0.020401007224039456,0.018480465629078843,0.020401719422019116,0.01944235825625479,0.0422546042118333,0.3224624449360237,-1.1895840668738367
3,69,34,20,0.28431372549019607,0.8823529411764706,0.005049671008459446,0.018931823872308712,0.8184186597175905,0.018976325220575276,0.019427620848405054,0.01877529722598577,0.014033051562711264,0.08638755054396392,0.23364934384443925,0.2231435513142097
3,70,27,19,0.06172839506172839,0.8148148148148148,0.00547372517628389,0.020541961562132022,0.7949418011865911,0.04745306703912721,0.019239315266207965,0.02045827547484574,0.02256400576093662,0.0693278485338754,0.19563406084277546,-0.2231435513142097
3,71,28,15,0.42976190476190473,0.8571428571428571,0.005843172140591298,0.02221421596971546,0.8075044381406462,0.022243571910821467,0.023955052033340057,0.023273561432436335,0.013801490751668135,0.08116449762078103,0.1999335373901136,0.03509131981127034
3,72,44,20,0.09415584415584415,0.8863636363636364,0.004519683538242135,0.01710956284931595,0.8348090666513222,0.017471251759485953,0.01590156355038503,0.018398246212363415,0.015371634630313678,0.07641899080857179,0.25913739738923247,0.4393666597838455
3,73,36,19,0.1898148148148148,0.8888888888888888,0.007171381068845014,0.026714320204536776,0.7897128659660578,0.02702864624346045,0.027088226807099578,0.02870962662366335,0.01962760372657072,0.07394732935976629,0.15531752143626476,-0.19574457712609528
3,74,52,24,0.0532051282051282,0.9423076923076923,0.004111754543342238,0.015119048244060997,0.8263570202593495,0.015850949881826188,0.014449177244519908,0.015378255400120725,0.01340826119626561,0.09532553323051474,0.14044552233011456,0.3593740009078976
3,75,37,18,0.15315315315315314,0.8918918918918919,0.004645302579034613,0.016801522678210428,0.8094986407509872,0.01659583377319414,0.016492524177119626,0.01904452808688681,0.015435689753717933,0.10148595820084928,0.05302152945618246,-0.3327057538257363
3,76,43,20,0.2513842746400886,0.8837209302325582,0.007470043169155383,0.02739208761659073,0.7899157614882137,0.028929205624553898,0.02958083124061264,0.029478731257890696,0.01810762445611823,0.06912571514686468,0.0720028184358052,0.14660347419187536
3,77,29,14,0.09195402298850575,0.896551724137931,0.0026998701173145925,0.010420996073943613,0.8527397648578928,0.010001163691550541,0.009860320039215319,0.011057500223064584,0.009207137122271903,0.0940132478747466,0.1164958919383101,-0.38299225225610556
3,78,28,17,-0.047619047619047616,0.8214285714285714,0.003446651467643402,0.012546575264878243,0.8250880688157592,0.012502195644247167,0.011960359053402916,0.012191164764967654,0.013843163734412939,0.10842182125468847,0.06644297146759136,-0.03390155167568132
3,79,40,24,0.19583333333333336,0.875,0.004235484625647538,0.01539101861522627,0.8002816286624832,0.01576691295822965,0.015768364940338335,0.016573999173676177,0.013464635817604192,0.11851795520679465,0.06025345444901737,0.3462762367178338
3,80,34,16,0.009803921568627453,0.8529411764705882,0.003945364300132474,0.01407736184766211,0.7705100406533657,0.014496478028083295,0.0149853265089792,0.015688330709037586,0.013772468434385588,0.15252462951835405,0.11623852752978667,-0.15822400521489444
3,81,61,25,0.10109289617486338,0.8360655737704918,0.005116852219244068,0.019688188283028152,0.7780636326443555,0.019370019142135025,0.04452303897668801,0.020508681154622295,0.0168367224348538,0.09589286514507317,0.08460294325567524,0.5717863235556782
3,82,46,21,0.0021739130434782605,0.8913043478260869,0.005976718070813935,0.02212867785614249,0.8071556044058391,0.02235722297515193,0.022346777254726558,0.024005714174004295,0.019553875670907623,0.0764754095924141,0.058472664342991976,-0.27698678333503324
3,83,48,22,0.0625,0.7916666666666666,0.005952898322632877,0.02210427572403433,0.8104864663797655,0.02211298071784543,0.022041568814820098,0.02299845294943531,0.017450931944404575,0.07685242514706185,0.050572762202714984,0.04167269640056803
3,84,42,19,0.20238095238095238,0.8333333333333334,0.004093543652289403,0.014964277107410991,0.8219787579443912,0.016027503037798457,0.0158177768566961,0.015891161261118152,0.01138963004577632,0.09983735009451938,0.03129317119750777,-0.13062018241706408
3,85,37,20,0.1891891891891892,0.8378378378378378,0.0036715263109065558,0.013935297322807693,0.8269751013882359,0.014223372526598912,0.014617630474481419,0.015471948646046516,0.010834328685418584,0.10027079464550437,0.05007471720334067,-0.12361395596717673
3,86,40,17,0.16166666666666668,0.75,0.003903229837758678,0.014693385657716032,0.7889025369674224,0.014995057851580534,0.014585637464063475,0.015144320096772773,0.013366771537290822,0.13440906058739527,0.06299771278915574,0.07598590697792229
3,87,38,17,0.12719298245614033,0.7894736842105263,0.004582524749026075,0.016253941459366827,0.8401127431705826,0.017236387527779288,0.015653018878778555,0.016901115955335635,0.014424856778202334,0.07483541148092869,0.0790620176602008,-0.05001042057466165
3,88,41,20,0.2764227642276423,0.8536585365853658,0.005088640014619197,0.018168492920661933,0.8475741754424169,0.01920231182574296,0.018029728859809302,0.020213858099438778,0.014671227958193225,0.05705156487911765,0.08107092303718966,0.07410797215372211
3,89,42,22,0.3055555555555556,0.8809523809523809,0.00440832894202787,0.016818349079209066,0.8070668011919784,0.016458015896817557,0.017101888493941574,0.017569737562603837,0.014672900127004689,0.10590397870641705,0.03503271793909052,0.023530497410193973
3,90,46,24,-0.018115942028985504,0.8260869565217391,0.0043867334816223465,0.03531914296360002,0.7931335054310042,0.01700561193542953,0.016420371559475656,0.01725171986467809,0.01660557370873088,0.0998773410554593,0.057058614916025444,0.08894748601649605
3,91,35,20,0.18666666666666668,0.8571428571428571,0.004119989744553451,0.015977693594843988,0.7662223600655343,0.01585127236896529,0.03383406458338497,0.016845409674451348,0.01332109780203516,0.13382811216623156,0.11120676663163649,-0.2666286632539485
3,92,29,17,0.25862068965517243,0.8620689655172413,0.007499753748410999,0.028040381775778944,0.7888718753504619,0.02862517447513228,0.02761477828720648,0.02889947399163527,0.0246370021696844,0.06581156020168974,0.11239412523233348,-0.18232155679395445
3,93,29,15,0.09770114942528735,0.896551724137931,0.005534071975927314,0.02131030658062808,0.8242676789028379,0.021510377633579988,0.02134765795904515,0.02283977293629803,0.0173237465226705,0.06586638748901298,0.06018637618689951,0.0
3,94,41,17,0.13739837398373983,0.8780487804878049,0.005215624007540544,0.019648818569229273,0.805084451872336,0.02070563001870858,0.01946209017698472,0.020334671062226004,0.017241660945257725,0.0923070533477171,0.017077552063056237,0.33647223662121295
3,95,45,21,0.17407407407407408,0.8666666666666667,0.0056115225429092825,0.020404220835920465,0.765470239067558,0.021740474893516874,0.020757102830781974,0.021321607506045833,0.01823174274613486,0.12646308957713281,0.08425533557729899,0.09097177820572666
3,96,48,24,-0.0069444444444444475,0.8541666666666666,0.0044578927794565746,0.01660596665536775,0.7133694251800438,0.017228580242163696,0.015815450848131508,0.017833477156105934,0.1500884289984684,0.0646007781402624,0.2653100797050745,0.06317890162153139
3,97,36,19,-0.17592592592592593,0.9166666666666666,0.005999136744840789,0.021734557749202365,0.570152590988682,0.023286070124913485,0.020848833205214468,0.023150540655236362,0.2993904916373508,0.03543777889455973,0.5372901654868718,-0.2809023854664021
3,98,38,20,-0.5175438596491229,0.8157894736842105,0.0046153997436018885,0.01644846921266299,0.4704237358783166,0.01812482774991332,0.014927252187816388,0.01772293793816988,0.372574123120704,0.08516325416881494,0.5941750601109784,0.05264373348542195
3,99,42,22,-0.615079365079365,0.8095238095238095,0.003892100080151497,0.013378062235498337,0.23115531816485269,0.014478278670504783,0.012166882427277936,0.015440477759974784,0.6158231176215286,0.09366576304021138,1.0089385904779198,0.09763846956391609
3,100,84,26,-0.680952380952381,0.8928571428571429,0.0038369545615706815,0.013260525980294334,0.23123914248351354,0.014653926492394938,0.011869196378578785,0.014914779907557643,0.6423445862906583,0.06788088790543181,0.8587825121264265,0.6814511407967543
3,101,108,29,-0.6419753086419753,0.9074074074074074,0.004393696757148447,0.01568954719500867,0.24595448062416597,0.016754728368615354,0.014049515914461545,0.016939340908602878,0.6139078217383236,0.07231086849367356,0.6233316002309036,0.24869662573882678
3,102,119,29,-0.5952380952380952,0.8487394957983193,0.004170811943875504,0.014954968765141352,0.20244746919831602,0.015900539080326976,0.013722082420620962,0.015978345217340248,0.646940030763386,0.08588575261099288,0.5348279289278277,0.09614386055290236
3,103,128,30,-0.6640625,0.8515625,0.003188856200845532,0.011087683123347574,0.21985189851855733,0.012145249140536293,0.01005415720393305,0.012364923277204296,0.6576076542362916,0.07369957829928431,0.36375341266419003,0.07232066157962613
3,104,163,30,-0.6272860064271107,0.8957055214723927,0.0038079359388099488,0.013355074996924707,0.22298639741676904,0.014219516746943975,0.01090132060692908,0.013900851698979772,0.6401416366162004,0.08068726597844311,0.19519160266894087,0.2400540234625268
3,105,88,28,-0.5075757575757576,0.8636363636363636,0.005458760294370681,0.019651315580229926,0.2636549674304148,0.021122720759735123,0.018801250452262316,0.02129525931593043,0.5567375988528716,0.09327812731418517,0.0834787938334262,-0.6112300580920591
3,106,107,28,-0.49626168224299066,0.897196261682243,0.004998734502663624,0.017927834047231028,0.38918502373563896,0.018834700877337886,0.016243205512035848,0.01951869828920552,0.46596180086194744,0.06733000217393967,0.34510516243150635,0.19349485739208028
3,107,83,26,-0.2,0.8192771084337349,0.005509544912926926,0.019795080644076708,0.48595297240438134,0.02119741325394074,0.01890477982736697,0.020719153825202636,0.3559273168652768,0.07199373826682791,0.5055046360602562,-0.25131442828090655
3,108,76,21,-0.25570175438596493,0.8026315789473685,0.00699168934871982,0.025576900977913306,0.4639402057689015,0.02660645042810572,0.024280561747187297,0.02676179544799418,0.3440822708195694,0.08176012546160875,0.4367565611992319,-0.08701137698962924
3,109,95,26,-0.12035087719298246,0.8210526315789474,0.0054027945388554245,0.019467832042496132,0.5501142213524963,0.0204491034514237,0.018695812810518592,0.020951956658381687,0.2435665636349235,0.12135171551090464,0.5606949610203082,0.22054276961415198
3,110,72,24,-0.06944444444444445,0.9027777777777778,0.004751081304528375,0.017469900171135085,0.558977289162975,0.017915432001903014,0.017665891484625773,0.019150498139208865,0.2385753851509772,0.12549452258464672,0.46037045566661317,-0.27388875031944515
3,111,84,28,-0.10595238095238095,0.8928571428571429,0.005037619338986842,0.018965897173780766,0.6593124961077349,0.018840819436890564,0.018259692531316755,0.02003761007778262,0.15903385943851078,0.10051200589499677,0.49839713278150877,0.15219181534192572
3,112,60,25,-0.14166666666666666,0.8833333333333333,0.005782289633705527,0.02051529778303298,0.6590054830161896,0.021583708320056624,0.01925295318460117,0.022647508978167665,0.17417187971375547,0.07704087937049095,0.3620330626404175,-0.3317773923170053
3,113,49,21,0.0782312925170068,0.8775510204081632,0.004686137292778761,0.017124082945864517,0.7236292183354829,0.01751603701295618,0.016409437617767118,0.018617704308189494,0.11919578259344171,0.08282159989351942,0.37111909622858924,-0.1988508587451654
3,114,46,23,0.034782608695652174,0.9347826086956522,0.004221207609891966,0.016060135292973038,0.7380626605798469,0.01573920829472881,0.01505660652315369,0.016852164624442393,0.11107558261345558,0.08293243446150762,0.3044304965459333,-0.06187540371808753
3,115,57,26,0.06725146198830409,0.8947368421052632,0.005699948433342436,0.021462491020478754,0.7231841238817119,0.02165749895933508,0.021279310717545904,0.022438056920655855,0.09947569803223597,0.0848028720346941,0.22047560476394235,0.21029540883636066
3,116,74,28,0.022522522522522525,0.8513513513513513,0.003858982041669485,0.014532057925607156,0.7828736280659822,0.014683634843258124,0.014107552079503007,0.01580277658231405,0.07141965252931441,0.0827217159323517,0.24795140115012498,0.25704510298989103
3,117,58,25,0.04885057471264369,0.8793103448275862,0.005565229397108555,0.02029698689607962,0.7780289827080522,0.02119623128639319,0.0350725490967881,0.021699288248576788,0.05773807464985095,0.06040265771715058,0.22351106962139647,-0.23995066963059042
3,118,46,21,0.07246376811594202,0.8478260869565217,0.004651774640023429,0.017341673281746028,0.7223704321685998,0.016473467004948592,0.01683018817857749,0.019988523905306112,0.05905970606182971,0.14328423475896887,0.12388001017288149,-0.22738984219566127
3,119,35,21,0.19047619047619047,0.8571428571428571,0.006550805586940812,0.025167302644496077,0.782253794179596,0.024946280886793643,0.024668326097661893,0.025856139208827327,0.041486060351248466,0.06907129104443586,0.15206894588365064,-0.2666286632539485
4,2,58,30,0.13333333333333333,0.896551724137931,0.005313769698409611,0.8009578233386134,0.018329132383401017,0.020086210973066645,0.02113630106589345,0.022636452044925,0.015580295169240522,0.09596001532645039,0.0,0.0
4,3,60,35,0.15833333333333333,0.8666666666666667,0.005691337718218761,0.7525584979244914,0.020708163206002765,0.028976885120413045,0.022547807908655716,0.022430583424528413,0.01655188636674764,0.13053483833094223,0.0,0.03333642026759165
4,4,65,38,0.11538461538461539,0.8923076923076924,0.007366346339648671,0.7560504336294896,0.02527443793767458,0.027797629433763214,0.026896940314903202,0.04405714204457007,0.020380285169074867,0.0921767851308757,0.0,0.07878087785311383
4,5,89,48,0.11610486891385768,0.8314606741573034,0.0047859118448042295,0.7802351346716628,0.01621316537207757,0.018116667217275274,0.028355141754402402,0.018711377961769315,0.017383967665877072,0.11619863351213137,0.05036485789618306,0.31015492830383984
4,6,89,44,0.11535580524344569,0.9438202247191011,0.005483117587343413,0.7901870770368439,0.018698422558795513,0.020848751955312297,0.020401650582856513,0.02200786139314228,0.01678525291025497,0.10558786597545113,0.0354732092915591,0.0
4,7,98,42,0.09523809523809525,0.8571428571428571,0.00501815333863549,0.8009511907208596,0.017299982719939475,0.01937673378841144,0.01921844525100527,0.019652983770814276,0.015830190872066816,0.10265231953826764,0.04990679480127874,0.09531017980432477
4,8,76,39,0.17149122807017544,0.9078947368421053,0.005334808352659108,0.7825569754148148,0.01849969220930526,0.01986157897133835,0.019777308679677058,0.021438197505747474,0.016420448407337085,0.11611099045912084,0.02265239336917832,-0.25131442828090567
4,9,65,36,0.08461538461538462,0.8769230769230769,0.005077407505092453,0.7861180389010436,0.017586267505464236,0.01946330998104329,0.018547481340538716,0.019768681733002787,0.014783897114368984,0.11865491591944595,0.03162631506668909,-0.15415067982725894
4,10,69,34,0.3652173913043478,0.8695652173913043,0.004006109444531542,0.8233521847633207,0.01391523358802802,0.014670102973002228,0.0157242627355802,0.015786540535952454,0.010975833042803638,0.10156973291678117,0.08994512715543986,0.05884050002293417
4,11,60,31,0.1522222222222222,0.8333333333333334,0.00544624866801204,0.818241656763696,0.018517143200183793,0.02079944514060218,0.020212969605245597,0.021660796884550547,0.01878478271846855,0.07633695701924136,0.06737719842650669,-0.137621377876048
4,12,81,42,0.29300411522633746,0.8518518518518519,0.005909935753636542,0.8115401388990158,0.020302117347316555,0.022282112668885884,0.022715682903093577,0.023051655597636982,0.015140691673664266,0.07905766515675047,0.05391065435963247,0.295845383090942
4,13,79,42,0.14936708860759496,0.8481012658227848,0.005026904913863685,0.7712036322370346,0.030626456831541013,0.01930609011245382,0.019149763805486802,0.019511063537183727,0.016708848860144333,0.11846723970229199,0.06488783282993887,-0.024692612590372143
4,14,90,41,0.1851851851851852,0.8333333333333334,0.0061236147262281855,0.7838529748195189,0.021482773234028828,0.023271023929888092,0.023275039410590132,0.02440509368987285,0.016946555987902415,0.10064292420197068,0.032954955788930734,0.12883287184296854
4,15,89,42,0.1146067415730337,0.8764044943820225,0.004332084484414541,0.8153051077290125,0.014585345712330907,0.016343808075664257,0.016479118185341906,0.02851677703245315,0.013206458445684863,0.09123130033509776,0.05264730344224821,-0.011049836186584727
4,16,75,41,0.10444444444444444,0.88,0.0057769336305609495,0.7539596812379448,0.0204654804780491,0.022459989249813458,0.021162376373137618,0.0328456115092854,0.018752428711611212,0.12457749880959751,0.09482741869915112,-0.16907633004393396
4,17,59,35,0.21751412429378528,0.9152542372881356,0.0036610326214499256,0.8412144252409326,0.013111490854294623,0.014612369987899127,0.013960433752548098,0.030401546474441123,0.011804565845068855,0.07123413522336562,0.10230825336318224,-0.23638877806423064
4,18,60,29,0.03888888888888888,0.8333333333333334,0.005965903011335141,0.7335502042406901,0.021278813121611864,0.0232352669290564,0.022935457501620245,0.024046197063341632,0.02036806333140016,0.14862009480094449,0.1350101007212449,0.01652930195121094
4,19,66,31,0.3,0.8787878787878788,0.005181934479444551,0.7789352857850456,0.018333754691637616,0.019877533712037626,0.025375696252750296,0.020843155435144426,0.016497998916788797,0.11495464072715116,0.03181771664557673,0.09381875521765437
4,20,60,31,0.16666666666666666,0.8666666666666667,0.004765441949703074,0.8017308624268469,0.016514460515597983,0.017697853337699593,0.017839748028516893,0.01912537945792017,0.013862070818006039,0.1084641834657094,0.03831277877078548,-0.09381875521765437
4,21,95,47,0.2385964912280702,0.8210526315789474,0.004886404441352283,0.7924750402220077,0.01684047245618365,0.018244435192108215,0.017972494605316584,0.019879780968824777,0.01600833998509023,0.11369303212911658,0.021578121500917355,0.45347432729452475
4,22,89,43,0.29213483146067415,0.8764044943820225,0.00555917111973248,0.774065674912464,0.020288105865980975,0.021667795297463145,0.026262229224165153,0.02226143354797784,0.01449493246915646,0.11540065756305992,0.03644991267724363,-0.06453852113757108
4,23,81,41,0.15637860082304525,0.9259259259259259,0.0054632584637854635,0.8129882062833388,0.018034771255387605,0.02044621029194563,0.018809215549293986,0.02147741163246238,0.019576968882098287,0.08320395764168777,0.07086024809870521,-0.09309042306601167
4,24,70,34,0.26666666666666666,0.9,0.00664200321926429,0.7545384186607935,0.022751274829286423,0.025114249829582682,0.024367053434621196,0.026917601664973048,0.018852855507598132,0.12081654285388077,0.07234021956736328,-0.1440393702229379
4,25,62,35,0.12258064516129032,0.8870967741935484,0.004851798757097185,0.7975656318083906,0.016643495404041024,0.018247256103842015,0.01766056674363018,0.019322165884670804,0.015274148767231245,0.11043493653109687,0.03847878003644234,-0.11954515064978288
4,26,87,36,0.18199233716475094,0.8735632183908046,0.005260096092721038,0.7758689681529527,0.018458738483338927,0.01996092271173449,0.02003291350052393,0.020729360305919587,0.01617037637388306,0.12351862437892622,0.027903548497366006,0.3342020880866743
4,27,80,38,0.075,0.8625,0.003992569670239771,0.8373373853092954,0.013965412829943439,0.015089342468128323,0.027189081474161297,0.015982291203071364,0.014038922970971729,0.07240499407418871,0.11414521255180983,-0.08288765980576773
4,28,77,40,0.12467532467532468,0.8831168831168831,0.005515527722559124,0.8037818027478907,0.019859522257667423,0.021335742655614606,0.021494893803350346,0.021652071931191633,0.01595439340269315,0.09040604547903297,0.03177014738976086,-0.03774032798284743
4,29,72,39,0.17916666666666667,0.9305555555555556,0.005987799773258924,0.7763853388933271,0.02143135482209457,0.023016450607851263,0.021596373764126715,0.023133126168922352,0.017032621940279803,0.11141693403013932,0.03602572942934157,-0.06624938554120074
4,30,52,26,0.16346153846153846,0.8269230769230769,0.004571567104496557,0.847853218907265,0.015636896156356182,0.017703924205085184,0.016886885192778603,0.017960318651114384,0.014570587501164162,0.06481660228174004,0.10757336585567585,-0.320167527596269
4,31,52,31,0.20512820512820512,0.8653846153846154,0.005810625861276804,0.8287940395635934,0.01939967425712536,0.022035486519818213,0.021696818372346643,0.02292310245007246,0.01670136285126788,0.0626388901244992,0.07295498535928867,0.0
4,32,77,42,0.22987012987012986,0.8311688311688312,0.0061169630031428735,0.7765984165595806,0.021354036590733164,0.023522432880987963,0.023671873804626622,0.02351844233140308,0.01639294340290344,0.10882489142662224,0.06611356270447158,0.38641691313746973
4,33,84,40,0.12738095238095237,0.8809523809523809,0.0046615179254816,0.7996399913304806,0.016593805666184003,0.017596412360098717,0.017807207707686443,0.018338797728338158,0.014851508216222014,0.11051075906550853,0.0398709519038316,0.08594242980072497
4,34,93,43,0.22616487455197132,0.9354838709677419,0.004614738487981098,0.8028821384249629,0.01594707241167276,0.017339826738411973,0.017961363330369115,0.01881184831450646,0.013429191422169643,0.10901382086992598,0.0405936084593575,0.10064352577968716
4,35,93,41,0.23118279569892472,0.8602150537634409,0.0049218330358319975,0.7754532730838054,0.017948716376598534,0.01887423082814218,0.01943569561701021,0.019889542500359948,0.0133840289737452,0.1300926795845065,0.07229166108973631,0.0
4,36,76,40,0.17982456140350878,0.8947368421052632,0.005130191031626059,0.8401421743900365,0.017559268832591648,0.019490293547942815,0.019059676258517486,0.020332949633763444,0.01747347470724402,0.060811971598278135,0.0826688236029132,-0.1994893604163197
4,37,71,35,0.14507042253521124,0.9154929577464789,0.005576885644633095,0.7796059064518999,0.01946682642127392,0.021497768475647713,0.02144274536166664,0.022848074304618788,0.017083118368735013,0.11247867497152501,0.06117768774183593,-0.06713930283762881
4,38,40,27,0.059166666666666666,0.925,0.005896541238591089,0.7703735247038652,0.021231576432200534,0.02246710334559659,0.04810682990657968,0.024135753795542315,0.01669359884556505,0.09109507173205954,0.0763449863982148,-0.5630940523117474
4,39,61,32,0.14153005464480872,0.819672131147541,0.006259811413889684,0.8016287323368073,0.0219822436286569,0.024265576900867825,0.024111943579560615,0.02412603524137708,0.016640013573628338,0.08098564332521217,0.04455096170626867,0.4135623183407837
4,40,94,43,0.21241134751773047,0.8829787234042553,0.00475450968676414,0.7989098236017633,0.016597877126635373,0.01819159492880484,0.018250741136274305,0.01868138373020706,0.012742960356405457,0.11187110943314542,0.031643476964425064,0.4267425065554491
4,41,61,34,0.2448087431693989,0.9016393442622951,0.005819724054728429,0.8036850400214152,0.020327030873772984,0.021611385087847046,0.02285987732333323,0.022398251125115527,0.014473149402918172,0.08882554211086947,0.025444106026365022,-0.4267425065554491
4,42,83,43,0.09236947791164658,0.891566265060241,0.006874898312438993,0.7690241970692823,0.023275055678370963,0.02556022014727665,0.025229739367966,0.027199411353825146,0.020186709525149667,0.10264976854569031,0.05332259860131919,0.3036824137982217
4,43,68,38,0.24705882352941178,0.8676470588235294,0.007121057718852905,0.753040334735144,0.026015751163248484,0.02804045042641407,0.03463306373493649,0.028066078507136792,0.023966523838521988,0.09911673987574526,0.08345344440830328,-0.19671029424605369
4,44,52,30,0.125,0.8846153846153846,0.004924935431867519,0.8014272990841967,0.016662081812655334,0.018814514367500527,0.017325949360215056,0.018073040389780644,0.016451699207301825,0.10632048034648235,0.054555527742951145,-0.2638145910451377
4,45,51,30,0.2679738562091503,0.9019607843137255,0.006786934570819921,0.7964982580406624,0.02325900013655352,0.025450776232259005,0.025857763358207286,0.027906229474542632,0.01906808641642697,0.07517295177052823,0.04690499825054906,-0.019048194970694432
4,46,67,34,-0.05472636815920399,0.7611940298507462,0.004303069872545725,0.8384181194593877,0.01522328917619257,0.016426786913236315,0.01536251723475622,0.017367675345968996,0.015953986918070207,0.07694455507984221,0.0984894718075551,0.2682639865946794
4,47,66,39,0.16666666666666666,0.8939393939393939,0.00521284150874065,0.7888688303931908,0.01831575800143237,0.020225644795556327,0.019706818090332655,0.02034921392345584,0.016541895599223654,0.11077899768806769,0.03272909618690582,-0.014815085785141235
4,48,70,38,0.20476190476190476,0.8571428571428571,0.004000338814806892,0.8353508438906919,0.014896933768842322,0.015681922721080318,0.015523110957673095,0.016581387974858027,0.011179277264917069,0.0867861846071303,0.08471252240901843,0.05798725765034973
4,49,106,44,0.13962264150943396,0.8962264150943396,0.005295892180012268,0.8083720452896183,0.01778522136763798,0.01996095572732493,0.01912476818675599,0.030361147781280875,0.016845230583884693,0.08225473888348508,0.0379889805297627,0.4101489574205903
4,50,76,38,0.06052631578947368,0.9473684210526315,0.006143710103300986,0.7928464909562374,0.020681945210137883,0.023086761929502753,0.02293548629231442,0.024465539175999654,0.019615285903044264,0.09022478042946255,0.02224327984122087,-0.32902341260822165
4,51,57,30,0.07602339181286549,0.8947368421052632,0.00556566612567558,0.7903545393917706,0.019076738065151554,0.020763441757825005,0.02051693938666402,0.021853199908738137,0.017778308159209704,0.10409116720496545,0.03755198459323178,-0.283362411307265
4,52,71,33,0.12441314553990608,0.9014084507042254,0.004985283065053569,0.7883739586504561,0.017244108017644748,0.019001571111380823,0.018921622829271432,0.020334448029031064,0.014949702390935371,0.11618930590622689,0.05344907590860195,0.21622310846963622
4,53,54,34,0.16481481481481483,0.8888888888888888,0.0045053919157768746,0.8199658042916691,0.015300401983892065,0.017186734600952994,0.015635020600097808,0.017242270993963037,0.016772533890900897,0.09339184172274716,0.02906281497924363,-0.26933293378358414
5,2,53,33,0.12641509433962264,0.8490566037735849,0.004759078819735517,0.024363127235944332,0.016252312471511453,0.03659466921892026,0.016706077812590404,0.839952255704649,0.014519503822543996,0.046852974914104964,0.0,0.0
5,3,93,42,0.12196620583717359,0.7849462365591398,0.0035088187218997773,0.01309244840079545,0.01205920577686449,0.013372769364879324,0.01265965473689092,0.8416410926896308,0.011919080870638721,0.09174692943840049,0.0,0.5543107357057293
5,4,56,41,0.19523809523809524,0.7857142857142857,0.0041201039225252775,0.029017284233833478,0.014611717048018672,0.015838576867334787,0.01656228210276429,0.8328578601087547,0.011907211552603826,0.07508496416416487,0.0,-0.5002435144354536
5,5,46,25,0.1920289855072464,0.8695652173913043,0.003975027544189143,0.015063741860209536,0.01424460455995911,0.015265443809392775,0.014921073454667574,0.842885208536883,0.011836030990058762,0.08180886924464013,0.030630770883242932,-0.19290366612449183
5,6,44,28,0.051515151515151514,0.8181818181818182,0.0028076352777045618,0.010416196560737608,0.009209315416332223,0.010197799672634842,0.021106771917760652,0.8507166044055875,0.010004138456850888,0.0855415382923917,0.05789020777740914,-0.04348511193973881
5,7,60,32,0.13499999999999998,0.9,0.004237773061371906,0.015780470945095246,0.015082744312946796,0.01635551542552283,0.016152834308734768,0.8334262032377888,0.013610915310435347,0.0853535433981042,0.02586232764366119,0.30421137440299173
5,8,50,29,0.08,0.86,0.0028984788722323067,0.01079779555317915,0.01009012664005075,0.0315561886557098,0.00987026386367238,0.8162083507498454,0.011430115124820894,0.10714868054048926,0.08607187378890108,-0.17904823144898563
5,9,73,36,0.16894977168949774,0.8767123287671232,0.003367214910081776,0.012061985055456326,0.011757832988058221,0.012609606029217273,0.012477629475224622,0.8579709698754591,0.009248619141754573,0.08050614252474818,0.0423169181985925,0.37223946047984446
5,10,63,35,0.12698412698412698,0.8253968253968254,0.0041723623403330835,0.015297010432606749,0.014501942565635256,0.015458936457820658,0.01547862047061209,0.8398026554441925,0.011399587176301627,0.0838888851124981,0.007745947899557404,-0.1451820098444987
5,11,60,30,0.08888888888888888,0.9,0.0035143170354940165,0.013737270082358876,0.011941280293849683,0.013107749448744852,0.013543675431884486,0.8339140282915295,0.010737314097549777,0.09950436531858875,0.027770838272309938,-0.04800921918636014
5,12,49,28,0.09183673469387756,0.8571428571428571,0.002664778420597571,0.010159930795141143,0.009453594622854012,0.010368495560412796,0.009997794919485365,0.8949249523703311,0.009184007774062006,0.05324644553711595,0.11130018458600914,-0.1988508587451654
5,13,36,21,0.1851851851851852,0.8611111111111112,0.002498549322828447,0.009604454221559967,0.008770156633243618,0.009669420040409694,0.009719411550478233,0.8635157832923492,0.008342247707550212,0.0878799772315807,0.03931913101966834,-0.3011050927839216
5,14,50,27,0.1,0.94,0.0040202887239461724,0.015199212006087488,0.014097747100117923,0.031229562928447,0.014478506075899941,0.8115853425843875,0.012314582108390924,0.09707475847272302,0.0739044414773666,0.3209077200801014
5,15,55,32,0.13818181818181818,0.9454545454545454,0.003555382139110334,0.013347170362755787,0.012791939309106872,0.014200493767624422,0.013256771557832009,0.79173903597368,0.012928566340488433,0.13818064054940218,0.11438438101135019,0.09352605801082392
5,16,69,33,0.2246376811594203,0.9420289855072463,0.0037711750146793297,0.014227330958823437,0.013677088109678905,0.014437268880184623,0.02525936203723884,0.8277195983199775,0.0096289387760627,0.09127923790335468,0.032307961142943764,0.2231435513142097
5,17,62,34,0.31451612903225806,0.9032258064516129,0.004714561323311297,0.01786778073288275,0.016532710938579737,0.017711229578943645,0.018386219985774024,0.8346283594803029,0.012385643764614934,0.07777349419559074,0.03641220876298718,-0.10536051565782678
5,18,63,34,0.11058201058201059,0.7777777777777778,0.0027989655070361132,0.009794828469425048,0.009320860375370972,0.010250588423051201,0.009569508808528965,0.8506658986315058,0.008700548015411062,0.09889880176967088,0.04113910951066361,0.01574835696813892
5,19,64,34,0.19322916666666667,0.84375,0.0047300262820498444,0.017201824319388784,0.016302516283233374,0.01790076359970072,0.017972078463849572,0.8347678662972392,0.01367950737826468,0.07744541737627382,0.03817695445639445,0.015504186535965303
5,20,53,33,0.14465408805031446,0.9056603773584906,0.003994271234555359,0.01400357928993624,0.01445441119235517,0.014509663717724613,0.014245193496303706,0.8612135152983419,0.00966353463668122,0.06791583113410173,0.06463256754104643,-0.18540322333136228
5,21,51,33,0.3333333333333333,0.8431372549019608,0.003852145988967674,0.014066530614861046,0.013394969328843207,0.014476620148353015,0.0534166867750719,0.8347861011293127,0.009958029560982767,0.05604891645360767,0.08340921666280876,-0.03774032798284699
5,22,51,32,0.18169934640522878,0.8431372549019608,0.0019338694975256636,0.007076117142381553,0.006636344288870739,0.007583791725934489,0.00754124520991833,0.8850096811326426,0.006698922167738755,0.07752002883498793,0.10272782651375378,0.0
5,23,44,28,0.2159090909090909,0.8409090909090909,0.005416325551778351,0.01989614124594535,0.04227945266982341,0.019747121085928358,0.03719208447176443,0.7896431737758522,0.017538772233335394,0.06828692896557248,0.1343320082191248,-0.1445812288111079
5,24,74,37,0.15765765765765766,0.8108108108108109,0.002591690859463901,0.02254952534981628,0.008044559265260732,0.009649375936523636,0.009139404744439833,0.8719137910697404,0.00822926753053502,0.06788238524422022,0.07732051925053683,0.5108256237659905
5,25,50,25,0.09333333333333334,0.92,0.00192561979769217,0.007859622606362691,0.007268445934267082,0.00756150231349303,0.02611186323492847,0.8576556986682741,0.0075918192168812825,0.08402542822810119,0.05242182623890856,-0.3856624808119844
5,26,46,25,0.06521739130434782,0.8478260869565217,0.02937140025412413,0.01934142628964529,0.017674446204746893,0.019668998324090546,0.019303972120020385,0.8168904898205795,0.01588976130540382,0.061859505681389364,0.08953015618589125,-0.0816780310142673
5,27,72,35,0.1439814814814815,0.8888888888888888,0.002823076863682838,0.041038123814195804,0.00986578627581975,0.010827830691083708,0.010750963059169982,0.8047531277003163,0.009403785095127036,0.11053730650060462,0.13505601289219255,0.4403118394383325
5,28,47,27,0.20212765957446807,0.8297872340425532,0.0019011631190702684,0.006939722201520178,0.006277213284516647,0.007235066937660929,0.006769994796154275,0.8572168358499005,0.006822441296456156,0.10683756251472096,0.10330520724204263,-0.4192584302404998
5,29,70,39,0.2642857142857143,0.9142857142857143,0.003044468884274424,0.011756236124811095,0.017434847715935883,0.01162361844874078,0.012222169743836815,0.8604088647928485,0.009386507791007167,0.07412328649854533,0.04679341189168002,0.3914788661334243
5,30,59,31,0.07344632768361581,0.8813559322033898,0.0029003950203013206,0.010764867334368973,0.009815976059616215,0.011018152731420258,0.01061458286443631,0.8671065643194307,0.010010700568296312,0.07776876110212996,0.060361133873857935,-0.16833531481921504
5,31,60,36,-0.016666666666666666,0.9166666666666666,0.0032480740208436546,0.012166041391210676,0.010806678830562811,0.011953285918484843,0.011056680090464534,0.8955057861873008,0.012715414483809568,0.04254803907732308,0.102959201634102,0.01652930195121094
5,32,63,36,-0.05291005291005291,0.8412698412698413,0.003189110039040074,0.011487640648754396,0.011183989341513373,0.012252862074290815,0.01150510886615925,0.8314289140604927,0.012555396335757054,0.10639697863399236,0.059722252738146187,0.04800921918636014
5,33,30,18,0.2,0.8333333333333334,0.0022063146593065933,0.008174000281426796,0.007848525913435505,0.008814239609755112,0.00892164281321541,0.8417741146998415,0.005373282451245588,0.11688787957177345,0.06804106199820247,-0.7248958788745252
5,34,38,26,0.2192982456140351,0.9473684210526315,0.003353383096016568,0.012953370066447383,0.012083068776061065,0.012857551478072519,0.013192900730795752,0.8514216871428837,0.008722225066265138,0.08541581364345788,0.015444032081109522,0.22957444164450003
5,35,57,35,0.17251461988304095,0.8947368421052632,0.002170268681979016,0.008280001289180232,0.007988958621362102,0.008735202571841807,0.026163981225045492,0.8349149912099959,0.006118818781820972,0.10562777761877444,0.06808026027420971,0.3968813644167728
5,36,68,36,0.06323529411764706,0.8529411764705882,0.0038502527705834297,0.01457420841554037,0.01300503695690697,0.014727904151007654,0.014417576487470014,0.814668520520416,0.01302426587414479,0.11173223482393072,0.07996607964853755,0.17366349405084058
5,37,79,41,0.10126582278481013,0.8987341772151899,0.0028788906209781875,0.010784884614090173,0.010191138928125546,0.01091211805143909,0.010736641068997802,0.8870479948247276,0.009434600691350017,0.05801373120029161,0.07786153875220914,0.14792013007662153
5,38,51,33,0.24509803921568626,0.8627450980392157,0.004072503026219963,0.015062074721289589,0.013000965077677768,0.015195681141578623,0.016245608493799624,0.9011523380453665,0.008466208087367129,0.026804621406700785,0.12790590051298883,-0.43078291609245367
5,39,66,33,0.09696969696969697,0.8787878787878788,0.004256762316398104,0.015899343614873974,0.015161691633600672,0.016290354636806795,0.016118953624000884,0.8486098473413772,0.013055999602771531,0.07060704723017083,0.03964838154337401,0.2534489008095382
5,40,40,26,0.19583333333333333,0.925,0.005131764290329822,0.019105208238939242,0.017867302717926012,0.019747819370672354,0.018578047694173067,0.8445836056441491,0.017476799557605758,0.057509452486204614,0.06857919781920917,-0.4911205526866578
5,41,40,23,0.08666666666666667,0.775,0.004089335940137358,0.015107379452462683,0.013716700770890811,0.015144852464176286,0.039811028777936235,0.8203251271648192,0.013761030556591582,0.07804454487298582,0.06860659845005188,0.0
5,42,41,25,-0.008130081300813012,0.8780487804878049,0.004854379010707281,0.017546668010530564,0.016738788217398954,0.018386108427956165,0.016763635791594348,0.8315141962066739,0.01668996161633291,0.07750626271880598,0.044408410895542115,0.02409755157906046
5,43,59,34,0.1864406779661017,0.8983050847457628,0.0038013910060932,0.01417442369273269,0.013502736030841865,0.014660240895297052,0.014532081133236653,0.8615387787764812,0.010458948440041206,0.06733140002527623,0.023677091910811042,0.356674943938732
5,44,64,34,0.125,0.890625,0.0035371581837292205,0.013955404356878346,0.017845205454434885,0.013454523150144336,0.014066835432621666,0.811255670687882,0.010588246519435273,0.11529695621487428,0.11314249953379041,0.08004270767353638
5,45,87,35,0.1839080459770115,0.8275862068965517,0.004725831161893271,0.01783629817586499,0.016859154109156657,0.018231435819791864,0.01839208239927584,0.8275105658785699,0.012791393684946644,0.08365323877050078,0.03849561584420292,0.30294954458257006
5,46,58,38,0.13505747126436782,0.9310344827586207,0.003973972881607,0.014921894606133738,0.013753128377968975,0.015055063187988667,0.014706478375548886,0.8410332581087203,0.012759443141560986,0.08379676132047151,0.02243526913873473,-0.39979937057248716
5,47,42,24,-0.2634920634920635,0.8333333333333334,0.00563635280195893,0.03673730646186303,0.019848995623035676,0.021260020085297943,0.019377176458674407,0.7998414537187889,0.021914399001968718,0.0753842958484125,0.0787227217999059,-0.3163373282121573
5,48,36,23,0.04166666666666666,0.9722222222222222,0.0030512996262709825,0.07690926312298448,0.010312061203460782,0.011265810791960736,0.0116933205934605,0.7826549069831024,0.010040080591223688,0.09407325708753647,0.13873851627024386,-0.15028220304933804
5,49,56,31,0.1732142857142857,0.7678571428571429,0.0034898293446146587,0.03002194401840592,0.012096505753769398,0.013241570174170452,0.013723869781121254,0.8695182115112339,0.008915869114109772,0.04899220030257465,0.09981457140579211,0.4321333551903259
5,50,45,29,0.16666666666666666,0.8,0.04337014426621578,0.011556727069715464,0.012454940213202453,0.012468312489479556,0.01271952630263226,0.8469804066259431,0.01104328304895574,0.04940665998385569,0.1173957644497618,-0.2144098713454552
5,51,67,36,0.19900497512437812,0.8805970149253731,0.004257267155021462,0.016232681805250403,0.015093198513134643,0.016099035231189805,0.016685145114696744,0.8287300433560171,0.012236137353373071,0.09066649147131672,0.03676958199566327,0.3908663086870119
5,52,65,40,0.18344322344322345,0.8769230769230769,0.003738492362757522,0.013564449054322546,0.012559504676650082,0.01343077572764481,0.013233767830548807,0.8654339559488902,0.012194850121973825,0.06584420427721223,0.07479109870281597,-0.029852963149681777
5,53,59,34,0.2231638418079096,0.8983050847457628,0.0036364693885119685,0.0177438837452129,0.013258953645053811,0.014275435040509881,0.01412536246992103,0.8500402174860301,0.010928480660571215,0.07599119756418903,0.03996108537355969,-0.09531017980432477
5,54,122,61,0.11475409836065574,0.9180327868852459,0.020323309716605845,0.7819146306048216,0.021167762201388614,0.023862013356977792,0.02245832178834605,0.0241640819206387,0.019883708174477113,0.08622617223674427,1.6211573206244385,0.7178397931503167
5,55,151,80,0.10485651214128035,0.8278145695364238,0.006131375958691832,0.7945856997643056,0.02130270584410643,0.023388714134066468,0.022121532493522743,0.023753531761986257,0.019693966902813213,0.08902247314050749,1.411484080470602,0.2116961654738594
5,56,157,80,0.15966029723991507,0.8471337579617835,0.005799382117616424,0.7873260696060029,0.03094746156140622,0.022197742239732872,0.02259912312831022,0.022997704432658094,0.015439585422858051,0.09269293149141512,1.197710780271782,0.03871451218069044
5,57,158,81,0.1729957805907173,0.930379746835443,0.004740996263382626,0.7951271804009863,0.017064897080578918,0.01806789710558733,0.018115510145280563,0.01913307305836602,0.014165112293695695,0.11358533365212252,0.9690949628472533,0.00630916919326463
5,58,135,72,0.12814814814814815,0.9037037037037037,0.0051694658704305564,0.7865455452300169,0.018504622177665093,0.01969360530820343,0.019761436268155182,0.021287758959590182,0.0155286945847991,0.11350887160113958,0.7141547015416263,-0.15624931648417917
5,59,84,51,0.08928571428571429,0.8452380952380952,0.005152410910750396,0.8055360454991133,0.05133504478887454,0.01995289626400891,0.01999070674227555,0.020549783688035967,0.01578445746687294,0.06169865464006833,0.5432614441535725,-0.4700036292457357
5,60,153,80,0.15468409586056645,0.9150326797385621,0.005199050920090284,0.8223808175619551,0.01815861855564149,0.01980796960784316,0.01952928710765354,0.02112154566760247,0.016771579968841144,0.07703113061037273,0.2839610635311505,0.5943013459233129
5,61,137,72,0.22311435523114356,0.9197080291970803,0.004665501507540133,0.7720503761576856,0.016094148860249135,0.01770032892918213,0.018189307229868047,0.018424919781066206,0.012136119442016856,0.14073929809239188,0.1004027197926781,-0.10969891725642444
5,62,209,88,0.13157894736842105,0.8947368421052632,0.005098100516791454,0.8228554012820093,0.017227079722130386,0.027617897646643554,0.018571159169812876,0.020057975825402426,0.01579250490048284,0.07277988093672715,0.07142292083238937,0.4198538455602634
5,63,160,77,0.16458333333333333,0.88125,0.0056360379123958845,0.7841499097278236,0.019074461459010417,0.021083915820244565,0.020693265596250083,0.022321095896250115,0.01751354056754407,0.1095277730204813,0.03959506005042196,-0.26570316573300534
5,64,148,68,0.11261261261261261,0.9324324324324325,0.005529846241439777,0.8032119873599924,0.01931066555128505,0.021068533419213123,0.021217487244164713,0.022258638321836922,0.01672301066020022,0.09067983120186773,0.021827525121538252,-0.07745805903900393
5,65,147,73,0.08752834467120181,0.8571428571428571,0.004547435197017244,0.7954935400251536,0.01619363411662611,0.01741493219474211,0.01726699127588072,0.01802302591403925,0.014469130023812442,0.1165913112527285,0.042906782476014496,-0.006734032181344496
5,66,92,53,0.16718426501035197,0.8260869565217391,0.0054117024423107505,0.8145477373535606,0.01891005846671353,0.020892489728283736,0.020314684273714582,0.02149795594397633,0.01657197268773092,0.08185339910370959,0.0345992370901408,-0.4646127806108584
5,67,135,67,0.08790123456790123,0.9407407407407408,0.005005460564367195,0.7937115005414768,0.017471809642298705,0.01903729868242937,0.019050882993788324,0.020113745456793793,0.01534980682481554,0.11025949529403026,0.02360395509712373,0.3800553925827961
5,68,173,80,0.05375722543352601,0.9190751445086706,0.00534682257123477,0.8099697523902163,0.019227461382692546,0.020543221510218687,0.024350447105925196,0.02157500113952478,0.016244370616203138,0.08274292328398464,0.04121239193235764,0.24640041347847674
5,69,183,82,0.22823315118397086,0.907103825136612,0.00507745768951391,0.7983615092308508,0.018114878408417377,0.01925823158094171,0.019370061498407885,0.02030552380020232,0.014705697223272191,0.10480664056839381,0.01977481996720773,0.05588045839445677
5,70,173,82,0.18747591522157994,0.884393063583815,0.005267653478388207,0.8084277623166194,0.01838287449886088,0.020025052149579742,0.019192999392264088,0.020631337118962294,0.01651805220058239,0.09155426884474299,0.018619983626904327,-0.05588045839445677
5,71,155,73,0.11677419354838711,0.9419354838709677,0.0055356887896106845,0.8094299521559359,0.019609768048462276,0.021436318731606792,0.02114957627951073,0.021957360217405367,0.017690091417868377,0.08319124435959992,0.027471188294931045,-0.109199291964992
5,72,125,67,0.23466666666666666,0.928,0.005791753686377187,0.7935022554532545,0.020303290751970047,0.021946934443263937,0.02209200225591667,0.02250703120066791,0.015473002110334437,0.0983837300982153,0.0224754491608503,-0.21357410029805912
5,73,117,70,0.17264957264957265,0.8974358974358975,0.005368806549183339,0.7821179452190429,0.018651582641171425,0.0205478511226996,0.020187714205488923,0.021011170460200266,0.01656668972112663,0.11554824008108698,0.04580009475344722,-0.06559728248581287
5,74,164,80,0.12073170731707318,0.9085365853658537,0.005639102214752079,0.756009920721008,0.019239322328637093,0.02190668859794405,0.020781502487271813,0.0215478012946814,0.01745253694847063,0.13742312540723484,0.08670035207438288,0.3352608494349152
5,75,128,68,0.16796875,0.9140625,0.004555604968512011,0.818566939769361,0.015700027148091558,0.017288115154303743,0.016762778756373935,0.018332839146036412,0.01484420232343387,0.09394949273388749,0.04918556597102841,-0.24613306953890834
5,76,144,73,0.05069444444444445,0.8888888888888888,0.01635677857215739,0.7795955359065295,0.018945905737458336,0.020892328127172094,0.027082824427971035,0.021441228591067632,0.018039376198404653,0.09764602243923934,0.0430234624396719,0.11692133805890226
5,77,205,90,0.22631823461091752,0.8878048780487805,0.006314100573207336,0.778978006792049,0.026501412607625965,0.02365145671030314,0.03334457514519252,0.025332745153886116,0.01719690844918321,0.08868079456855282,0.056014717208021564,0.35114242636900705
5,78,146,76,0.11894977168949772,0.9041095890410958,0.005370930766394084,0.8025522301609654,0.018441411854302182,0.020511136322818185,0.020253136559963296,0.02100783811648023,0.01712009081642829,0.09474322540264822,0.02921225247307245,-0.33744358201084523
5,79,124,62,0.11693548387096774,0.8548387096774194,0.0048053112807166535,0.795826077020235,0.016449922965706146,0.01801284712171577,0.03959369255466933,0.018906969981364694,0.01560224181946254,0.09080293725612978,0.05031743404684063,-0.1621188494764345
5,80,111,70,0.09819819819819821,0.918918918918919,0.005289168486120363,0.7877323660215855,0.018000915407319514,0.020073907075615377,0.019084933767042584,0.020260354835700174,0.015077006248321466,0.11448134815829504,0.023730144508912372,-0.10981486600720736
5,81,172,76,0.09302325581395349,0.8546511627906976,0.006221054321519018,0.7771256505443506,0.021082534598588165,0.023793543913785596,0.028854732339984115,0.024252548755408977,0.019065694731162482,0.09960424079520112,0.02990354274059599,0.43479272320268514
5,82,149,74,0.232662192393736,0.912751677852349,0.005100237826806768,0.813544909424385,0.018104497094777735,0.019521667393184134,0.019457195206256005,0.020980130584028246,0.015864779453647396,0.08742658301691478,0.04412501707303387,-0.14265630040152377
5,83,198,84,0.31767676767676767,0.8939393939393939,0.005359161249173657,0.786312825317067,0.018598777579818822,0.02058517154688942,0.020548963897869282,0.021072667590692956,0.015347415819647818,0.1121750169988411,0.03195427638711603,0.28266953062823674
5,84,164,80,0.22560975609756098,0.8902439024390244,0.006636378159406153,0.7906067152018944,0.020196017687548057,0.022536604146831077,0.02193121232209402,0.023040069035379265,0.02360520386076875,0.09144779958607822,0.02377810033649439,-0.18735935082391197
5,85,182,81,0.15274725274725276,0.9065934065934066,0.005576803432500146,0.7935542438438963,0.019308406261484393,0.02111267404186661,0.020616215387489742,0.02210736042466571,0.017040944195371933,0.10068335241272518,0.007944623519224515,0.10354067894084107
5,86,153,74,0.12505446623093683,0.8758169934640523,0.005057239821893887,0.8246414399960911,0.017182175101943763,0.019262999827450018,0.018386739595910424,0.020034033967764018,0.016413294349350276,0.07902207733959653,0.0650820835997783,-0.17253355042779184
5,87,132,74,0.09090909090909091,0.946969696969697,0.005167321221533281,0.796165441968259,0.017767523955706455,0.01921580720975789,0.018741911667941622,0.020005028237952777,0.016759830644621353,0.10617713509422759,0.016685579243411835,-0.1466034741918758
5,88,128,65,0.15286458333333333,0.9296875,0.004391111538719915,0.808253652597546,0.015768254200840524,0.01714706010153018,0.024473764144351328,0.0173105348108123,0.014684610135309395,0.09797101247089035,0.030818457866411526,-0.03053672386008177
5,89,126,69,-0.041798941798941794,0.873015873015873,0.0050352880884655575,0.6924673174065747,0.01731674672246294,0.019130134448054115,0.02412842707344909,0.020219375169776118,0.1400226709886062,0.0816800401026112,0.25291017307250224,-0.01562531790308075
5,90,196,83,-0.225,0.8928571428571429,0.005433239561675471,0.5479155044177496,0.018568549806153554,0.02066268467795139,0.01925970492696601,0.021791634815157463,0.25966351569305407,0.10670516610129238,0.4773149728592642,0.4390166422793973
5,91,163,85,-0.4306748466257669,0.901840490797546,0.005180472486619352,0.4317038265115109,0.01752892675772478,0.01972209572800182,0.01736244025964726,0.01991235090268328,0.37157620093087296,0.11701368642293963,0.6480721595720528,-0.18333730091378975
5,92,244,90,-0.5614754098360656,0.9016393442622951,0.0029456626266622992,0.24967336993044403,0.009821962756629735,0.011202581740736373,0.009485438064852712,0.011632023151792547,0.6202864972652169,0.08495246446366539,1.0016698325483808,0.40139178272052867
5,93,282,100,-0.5972813238770686,0.8794326241134752,0.0032985523268273323,0.2639619557503243,0.011086112661445912,0.012663971667661682,0.010577554706067901,0.012744992397572546,0.6165109833623246,0.06915587712777586,0.8217629324369258,0.1441886870985103
5,94,333,108,-0.6476476476476476,0.9219219219219219,0.003396004274444804,0.24213085675481888,0.01127623766631053,0.013112743524869377,0.010631150065683657,0.01326657063200166,0.6345940867373778,0.07159235034449331,0.6864726566118968,0.16569409533346313
5,95,461,109,-0.5856109906001445,0.928416485900217,0.003334018214754067,0.23277279382011262,0.011029982404849358,0.012728828081312904,0.010673584513208692,0.013040840823234801,0.6371807530228456,0.07923919911968201,0.5151219160134735,0.3244238981050378
5,96,522,111,-0.6199872286079182,0.896551724137931,0.0036277649861349106,0.2459213070896831,0.011973967357759824,0.013769910451682854,0.011393975915335204,0.013962034688766745,0.62842960642094,0.07092143308969738,0.31976358198465205,0.12401657298318458
5,97,626,115,-0.6407348242811503,0.9281150159744409,0.0037941152788705957,0.23883516141387903,0.012537430680412695,0.014395266789032073,0.01189315639067581,0.014661532060715195,0.6275909774392688,0.07629235994714581,0.17854148532635705,0.18136507656799772
5,98,775,117,-0.47440860215053765,0.8812903225806452,0.0051573252378173395,0.2909623589003105,0.017347832670479988,0.019572784502099923,0.017593634310909576,0.020347610232944683,0.54677114224407,0.08224731190136805,0.08822031699153055,0.21320597955029807
5,99,364,101,-0.4412087912087912,0.8901098901098901,0.005466309137469054,0.36763206474368715,0.018580805838528273,0.02080678574963611,0.018557386235102606,0.02149456101781012,0.45452798852917414,0.0929340987485925,0.3227623219393783,-0.7542551666007276
5,100,374,105,-0.29759358288770055,0.8877005347593583,0.0053344576933250145,0.44835862935161136,0.018264269917704922,0.0204457654530063,0.018815816380700116,0.021385373053991807,0.3698290890826509,0.09756659906700958,0.44480054690784143,0.027028672387919173
5,101,275,97,-0.1684848484848485,0.8909090909090909,0.004963506879362177,0.4939754068422788,0.016762858753357562,0.018850650128722488,0.016860573721538125,0.01922999117201055,0.3233429859150706,0.10601402658765974,0.467292212020238,-0.30652516025326104
5,102,305,99,-0.08021857923497268,0.8819672131147541,0.00526301710655908,0.5624642904369127,0.01820464702728919,0.019972999783287072,0.019046129795460796,0.020468513037598765,0.27755593259799854,0.0770244702148939,0.4888070718356938,0.1031842362352311
5,103,337,99,0.001483679525222552,0.9169139465875371,0.00573655699855203,0.5995791420309684,0.019689080824929588,0.02209745294254119,0.02116305758673084,0.022462849983803018,0.22394445844561736,0.08532740118685754,0.476041429816633,0.09946079353063819
5,104,343,108,-0.02468415937803693,0.9008746355685131,0.005448423367510144,0.633897319716706,0.01904004596213656,0.021042356820185827,0.019934038990197144,0.02152264779359608,0.1887415129702829,0.09037365437938533,0.42924913813196275,0.017595761890379258
5,105,298,95,0.03333333333333333,0.8859060402684564,0.005098141678600629,0.6840753457595352,0.01768316123660319,0.019525160771678804,0.018909490954374743,0.02067959022858364,0.14165446168750123,0.09237464768312259,0.4020539941858134,-0.14019808398271127
5,106,228,90,0.02134502923976608,0.8859649122807017,0.0051336777090096085,0.6923782951143319,0.018184257823932303,0.019555291323015322,0.018623320960080323,0.020393287610964074,0.12687486017847996,0.09885700928018645,0.31630000971783073,-0.2667215698364469
5,107,203,97,0.04351395730706076,0.9014778325123153,0.005446762963370238,0.6986641700684035,0.018940136461619853,0.020761551745548473,0.02030060828028114,0.02160624351181776,0.11254160932386456,0.10173891764509443,0.2469005816030142,-0.11560200971002388
5,108,149,74,-0.11588366890380312,0.8993288590604027,0.005222029443350165,0.6620061145639228,0.018026465885925238,0.019974399519773908,0.018020970242553704,0.02025902681351077,0.14978308208676375,0.10670791144419971,0.10407259574586313,-0.30748469974796055
5,109,175,76,-0.25085714285714283,0.8914285714285715,0.005132210493492583,0.5566498549456832,0.017179648836325032,0.019642023943637458,0.017441465869912298,0.01998902631681451,0.25777542448016766,0.1061903451139673,0.1926458451527703,0.15984870094189585
5,110,204,94,-0.31209150326797386,0.8970588235294118,0.004838435744232524,0.44612214051483046,0.016212044737464973,0.018305150783579107,0.016241449868091718,0.018653105011564763,0.4015588961133704,0.07806877722686605,0.45988481817740445,0.15252598410025708
5,111,189,83,-0.6463844797178131,0.8835978835978836,0.003582583847809812,0.22098877845157852,0.011686750558170459,0.01362941030029816,0.011113082566647921,0.013949948467355783,0.6554289701068017,0.06962047570133771,0.9168779839734804,-0.07598590697792229
5,112,372,106,-0.6424731182795699,0.9059139784946236,0.0039880227338578815,0.24457455263252909,0.012857530499793072,0.014928742549627482,0.011942582384157914,0.015141818250894022,0.6290412263446414,0.0675255246044991,0.730763222981583,0.6745543474833298
5,113,273,95,-0.6863247863247863,0.8937728937728938,0.003250894795812523,0.2643039326966545,0.0108034315384818,0.01269634097028158,0.010453460662757702,0.012596579321057122,0.6115970446282152,0.07429831538673957,0.5566214982181192,-0.30845031325574546
5,114,351,102,-0.614665581332248,0.9031339031339032,0.003035439780001959,0.2626185430902966,0.01009316813558468,0.011494763910732581,0.009720937876813374,0.01175713731647856,0.6151854611977636,0.07609454869232857,0.42530627865729165,0.2505030692100263
5,115,468,113,-0.6177350427350428,0.9145299145299145,0.003861127103633325,0.2333940272160964,0.012682119816377206,0.014461499028623558,0.01203335605342415,0.01499577793358328,0.6407680774713604,0.06780401537690163,0.33285898209765696,0.2869715928481824
5,116,487,107,-0.5494866529774127,0.8850102669404517,0.0030579920709792353,0.2488960729972821,0.010260638971469078,0.011577005705294748,0.00989950988368246,0.011783194596228749,0.6287987377402807,0.07572684803478295,0.16863887538275557,0.03971263740686837
5,117,474,109,-0.4557665260196906,0.8881856540084389,0.004697377713961849,0.2957851510086636,0.015731142526962238,0.017791960550862254,0.015767660854349483,0.01824702657215871,0.5270639387626458,0.10491574201039612,0.1408373835039753,-0.027000601818506276
5,118,441,107,-0.3423280423280423,0.9115646258503401,0.005391054293984188,0.3674721580592562,0.018297274729892146,0.020489960481142915,0.018748935917835573,0.0214815417408307,0.4590337860918253,0.089085288685233,0.3127562724596948,-0.07200492195694341
5,119,415,110,-0.26032128514056224,0.8963855421686747,0.005377414064374512,0.44272510952256433,0.01839835211114015,0.020536722689162425,0.01863650909982732,0.0212280506564787,0.379887764176842,0.09321007767961055,0.4149354065710967,-0.060624621816434576
6,68,34,16,0.16666666666666669,0.9117647058823529,0.029469381160583678,0.1093898135589465,0.10351735061928938,0.11569121303099339,0.1117092324606298,0.1314898004532743,0.090033516073127,0.30869969264315594,0.0,0.0
6,69,26,16,0.10897435897435896,0.9230769230769231,0.0280512576180657,0.10381871111691213,0.1008491585113494,0.1095862566743732,0.11120532578905713,0.13017157100093263,0.07529139173071178,0.341026327558598,0.0,-0.2595111954850844
6,70,23,12,-0.15942028985507248,0.9130434782608695,0.025371778041381653,0.09312309279093849,0.08665275259981088,0.09626351371827531,0.09455361250307251,0.12448576180518733,0.08393494929864476,0.395614539242689,0.0,-0.11778303565638337
6,71,40,21,0.07166666666666666,0.95,0.028333057034929533,0.10268637702744805,0.10171451996616403,0.11064489902018808,0.1128417471355053,0.13548727107599626,0.07998207712969185,0.32831005161007687,0.04648268688508022,0.5355182363563622
6,72,43,22,0.13178294573643412,0.8837209302325582,0.028670236838812056,0.10648790776724507,0.10054133098291589,0.11116498423086572,0.11156186316811924,0.1289709818670066,0.08371571872864003,0.32888697641639547,0.03192659112815118,0.07061756721395307
6,73,55,22,0.12606060606060607,0.8,0.03004230157061194,0.11117729385668795,0.10665267399409416,0.11698095418461107,0.11530906002987726,0.1337225395487478,0.08564002543626692,0.30047515137910286,0.08006473223016036,0.24116205681688863
6,74,48,21,0.13194444444444445,0.875,0.029087353317961754,0.13933439699250322,0.10332210310136347,0.11355562400982284,0.11291278283793926,0.13254278157121088,0.08416523170317787,0.2850797264660207,0.09751146001796468,-0.13353139262452318
6,75,39,20,0.0641025641025641,0.8717948717948718,0.030702104646151876,0.11463387792661038,0.10702641747071458,0.11995185754003057,0.11792702280698683,0.13722334488686672,0.09264498330551044,0.27989039141712857,0.09395992154175392,-0.2029408439966902
6,76,44,21,0.16818181818181818,0.9318181818181818,0.02689122935275531,0.10151340769761209,0.09706424007498839,0.10533705327659768,0.1058080740441251,0.1230100146489895,0.07809288801183177,0.3622830928931001,0.07905671033191132,0.11778303565638337
6,77,33,15,0.0505050505050505,0.9090909090909091,0.029906241607624413,0.10875791022300031,0.10274533093503271,0.11416927714682776,0.11333843879601363,0.138725519442551,0.09334363140213034,0.2990136504468198,0.05574153108423374,-0.28030196515415806
6,78,42,24,0.0984126984126984,0.8809523809523809,0.03136946562980582,0.11675886472229424,0.10802141459947887,0.11865596612315948,0.11981649244549136,0.14104799139817026,0.09247734837280987,0.27185245670879016,0.08027766961917533,0.23483959107740082
6,79,48,20,-0.1527777777777778,0.875,0.02714458635963279,0.16243035545142326,0.09541020604318408,0.10590211985444488,0.10235109817443751,0.12367102459847547,0.09191526479088331,0.29117534472751866,0.10619310158566446,0.13062018241706408
6,80,46,24,0.30434782608695654,0.9130434782608695,0.050362443865537114,0.10783900279237063,0.10412166462943448,0.11328474281258508,0.11381007396625502,0.13152179838802788,0.07720991464024174,0.30185035890554807,0.053826667911620246,-0.04167269640056803
6,81,48,22,0.03194444444444444,0.8333333333333334,0.027642005196185645,0.10560508458517703,0.09819673972605449,0.10613741311516924,0.10561542075366687,0.12707216818284317,0.08272662816752788,0.3470045402733757,0.09653907438534384,0.04167269640056803
6,82,42,18,0.1865079365079365,0.8571428571428571,0.028268380651671206,0.10484118152380584,0.10097342273591854,0.10765344126665828,0.10936604358389589,0.12670568116656394,0.08307879367056578,0.3391130554009205,0.06306330069547503,-0.13062018241706408
6,83,18,11,-0.19444444444444445,0.7777777777777778,0.025332923883181813,0.0939008664252044,0.08849422627520713,0.09645202513873281,0.09400566925316706,0.10924362305730027,0.08008770835732547,0.4124829576098811,0.1928823439751698,-0.8167611365271221
6,84,16,11,0.20625,0.875,0.028811768701029004,0.10751808302604862,0.10166870021957977,0.11834819012555446,0.11297718077199519,0.1253241471046073,0.13498901293922058,0.2703629171119651,0.13043459189090012,-0.1112256351102241
6,85,37,19,0.21171171171171171,0.7567567567567568,0.025046335125498108,0.11094370578923907,0.08902167334056248,0.12438037219909057,0.10034721930330033,0.11945567542151735,0.10097057765132725,0.3298344411694648,0.06958215343608584,0.8043728156701695
6,86,45,18,0.0962962962962963,0.8222222222222222,0.028366964445599673,0.10389068090598746,0.09844013652781411,0.10989138657170554,0.10664242012413813,0.12752997110677858,0.08818052581052274,0.33705791450745376,0.033290292562464,0.1910552367627094
6,87,48,21,0.16944444444444443,0.8958333333333334,0.02892261294542191,0.10749861494489532,0.1011968221403698,0.11207387995174665,0.11364328055551252,0.13201952067984968,0.07925464553544852,0.3253906232467556,0.0468014274259031,0.06317890162153139
6,88,43,21,0.2558139534883721,0.813953488372093,0.025465306824187375,0.16754618233423554,0.08943352884270314,0.09760570404579585,0.09993732000411967,0.12220502933014275,0.07210025346598004,0.32570667515283563,0.12532144546836882,-0.10763066419236544
6,89,42,19,0.2579365079365079,0.9047619047619048,0.03138016491631867,0.11795809958933418,0.11069650491769993,0.12272598850257824,0.12257967247111648,0.1430865177201512,0.08668042842485268,0.2648926234579486,0.14788535384287368,-0.022989518224698635
6,90,37,21,0.30630630630630634,0.9459459459459459,0.031072295950191838,0.11583482030249409,0.1109037585194549,0.12119394477544847,0.12410495735003733,0.1416934872359836,0.08437484216575963,0.27082189370063015,0.1204611866789296,-0.12361395596717673
6,91,36,20,0.01296296296296297,0.8055555555555556,0.030743733613555313,0.11339622589964919,0.10819466767010878,0.11895210846959824,0.11588128291143339,0.1389712231404367,0.09405676390877524,0.2798039943864431,0.057958780924754816,-0.02666824708216131
6,92,24,20,0.18055555555555555,0.9166666666666666,0.02665849465801265,0.10069839145242387,0.09653777453930124,0.10412806246461924,0.1104062657324883,0.1255314506409307,0.0736767898018306,0.3623627707103934,0.11515177981463497,-0.3920420877760238
6,93,36,20,-0.05092592592592592,0.8055555555555556,0.027679279776706235,0.10080155675752803,0.09494953505757035,0.10756007581972268,0.10160293059381129,0.1257195262232297,0.08943050714408211,0.35225658862734954,0.09927112174982629,0.3920420877760238
6,94,47,21,0.1794326241134752,0.8297872340425532,0.028158848377839527,0.10432447166899445,0.1334146422488373,0.10929265251468992,0.11071390565547239,0.1265616582889175,0.07492474288131042,0.3126090783639385,0.0654337952342475,0.2602830982636668
6,95,34,20,0.27450980392156865,0.8235294117647058,0.03175730379111452,0.12106968698069952,0.11478928725035639,0.12302095081004871,0.12538862702423684,0.1409806269172281,0.08505231562358839,0.2579412016027275,0.10367577519441319,-0.31585294941847764
6,96,27,14,0.09259259259259259,0.8888888888888888,0.0321062492249061,0.1191972231194568,0.11198964039282469,0.12444683629146837,0.12382707846732476,0.14117646467663778,0.09213611993256346,0.25512038789481806,0.08995583873877268,-0.2231435513142097
6,97,31,15,0.17849462365591398,0.8064516129032258,0.028701513511396024,0.10786402033842078,0.1028898607350534,0.10916886482635847,0.11277368781484136,0.13055115313442503,0.08169025550836004,0.32636064413114485,0.05531674103763247,0.13353139262452274
6,98,23,15,0.3550724637681159,0.9565217391304348,0.030301941901672035,0.11424294076027673,0.10990561796991116,0.11817246341356416,0.11928725618754667,0.1361052032357793,0.08144573765543192,0.290538838875818,0.038151464228164456,-0.2876820724517808
6,99,31,15,0.23118279569892475,0.8387096774193549,0.029339834036175873,0.10664803254498761,0.10126580305637888,0.11265287170654086,0.11067843163366868,0.13074964571913694,0.08323184131811302,0.32543353998499813,0.03575054210857289,0.2876820724517808
6,100,47,22,0.28368794326241137,0.8297872340425532,0.018821933838125037,0.07044753476605835,0.06615329128467504,0.07372466850517842,0.07647142237911415,0.08638118595198035,0.31255201858127807,0.29544794469359054,0.4571293171444277,0.4054651081081646
6,101,39,21,0.3888888888888889,0.8717948717948718,0.018697022829492774,0.07234815645064376,0.06721459606791177,0.07158869826846964,0.07901348650624258,0.08423985629986822,0.396104445148413,0.21079373842895832,0.5604851670109272,-0.1823215567939549
6,102,52,21,0.5544871794871795,0.8269230769230769,0.014113403964764144,0.05411103158065111,0.05201699355374711,0.05445897817078687,0.059938736253872985,0.06317056131249667,0.5516757930125146,0.15051450215116652,0.7798622335199583,0.2814124594381857
6,103,69,23,0.6666666666666666,0.7971014492753623,0.00661676697514541,0.02655241388723696,0.024850662748333852,0.025531025866812766,0.031579348064405356,0.029916058859279178,0.7288993170975093,0.1260544065012772,1.0009882881502548,0.2782033284972374
6,104,60,22,0.8222222222222223,0.85,0.007768841127246443,0.03150910756166115,0.029199836632411172,0.030386156708231218,0.03656358677334188,0.03457435529283041,0.7133234185390062,0.11667469736527161,0.7879041489861209,-0.137621377876048
6,105,93,28,0.7419354838709677,0.8602150537634409,0.008316913701361006,0.033882841404833865,0.031934466402294893,0.033084084111391285,0.0393892029908198,0.03732259831958557,0.7276181037651529,0.08845178930456078,0.6360269014296582,0.4324209180966925
6,106,116,28,0.7126436781609196,0.8275862068965517,0.006765852541214182,0.027354268283645948,0.02591429683648735,0.026958233133289985,0.03257919655573175,0.030436615408203905,0.7525644049050556,0.09742713233637125,0.501298827678115,0.21887915252775247
6,107,173,29,0.7148362235067438,0.8670520231213873,0.007513398718820659,0.030904462475032344,0.028815406282008845,0.029950439024647762,0.036409276386298525,0.03321238879087364,0.7327292546714875,0.10046537365083076,0.2703906519004237,0.3968813644167728
6,108,160,30,0.7145833333333333,0.8,0.006405143790257345,0.025986694887324246,0.024825032778881168,0.025486553468552553,0.03116462427327757,0.030192830650146545,0.7168372356701478,0.1391018844814128,0.14236498976667109,-0.07765093423006597
6,109,181,30,0.7265193370165746,0.8674033149171271,0.01040821147495791,0.041006627890376464,0.038985290345387155,0.04065509575561984,0.0469707280355227,0.045576805575552916,0.6609146007623105,0.11548264016027253,0.0878733219981954,0.12260232209233202
6,110,97,26,0.7082474226804124,0.8556701030927835,0.013341151609370824,0.05155082967343597,0.049994930455144825,0.05150711984948583,0.057604391615399285,0.05832341376575942,0.59021643474965,0.1274617282817539,0.2575346549037486,-0.6190392084062228
6,111,61,22,0.6092896174863388,0.7868852459016393,0.01679143551190137,0.06485586496284228,0.06128779771693088,0.06443268580672225,0.07145958059036919,0.07331144256160799,0.502866310631937,0.14499488221768908,0.3926112224683576,-0.45783309362548064
6,112,63,24,0.534920634920635,0.873015873015873,0.015513388781370032,0.05973239371877101,0.057049179994938144,0.06101560407256738,0.0664896845140993,0.06812239885241853,0.5111127476226496,0.16096460244318603,0.31598774622776976,0.031748698314579826
6,113,93,27,0.374910394265233,0.8064516129032258,0.017590801820833283,0.06658083080086202,0.06463866215616408,0.06826663340548579,0.07237024414643126,0.07913282616749562,0.4196111116180668,0.21180888988466118,0.43713234505336296,0.38441169891033233
6,114,96,30,0.4131944444444444,0.8541666666666666,0.01773418458637269,0.06742225339157307,0.06416287077375002,0.06901202344604009,0.07288967725106406,0.079348797716586,0.39733378920292517,0.2320964036316889,0.38655747751593517,0.03141619623337899
6,115,91,28,0.3457875457875458,0.9010989010989011,0.017955810095449432,0.06825070857922817,0.06537823599495068,0.07035098173028073,0.08559184436482588,0.08227078620052988,0.3504867866470551,0.25971484638768005,0.3844242067795146,-0.05292240145434235
6,116,69,23,0.33188405797101445,0.8985507246376812,0.02292426440065005,0.08794985291129362,0.08300654208511958,0.09007107166242134,0.09304142162741828,0.1005978181154025,0.26539531693156887,0.25701371226612574,0.4499355893467462,-0.2732933349996811
6,117,68,25,0.27647058823529413,0.8382352941176471,0.023981607234525013,0.09095570807834963,0.08562192270496005,0.09348338647573615,0.09569455532892909,0.1067956816073698,0.23734492944322855,0.2661222091269017,0.39303085465750076,-0.014388737452099676
6,118,49,22,0.2074829931972789,0.8367346938775511,0.02414206760079232,0.0908164908291808,0.08644134829435747,0.09263925895600285,0.0961275299162435,0.11163443641176418,0.1812436012050205,0.3169552667866384,0.40441308104636786,-0.3220834991691137
6,119,38,20,0.13157894736842105,0.8157894736842105,0.028086872319649243,0.10469147238649433,0.09996763212117117,0.1074351414786837,0.10960556122821102,0.12608547195297085,0.1918523898408669,0.2322754586719528,0.3138026496021883,-0.24846135929849966
