model,cid,origin,h,target_epoch,y_true,y_pred
naive,0,77,1,78,72.0,75.0
naive,0,77,2,79,86.0,75.0
naive,0,77,3,80,101.0,75.0
naive,0,77,4,81,66.0,75.0
naive,0,77,5,82,64.0,75.0
global_arima,0,77,1,78,72.0,72.87486749330512
global_arima,0,77,2,79,86.0,72.79075256164764
global_arima,0,77,3,80,101.0,72.78737507706299
global_arima,0,77,4,81,66.0,72.78723938216609
global_arima,0,77,5,82,64.0,72.78723393031868
community_arima,0,77,1,78,72.0,74.99531429635245
community_arima,0,77,2,79,86.0,74.99253781106151
community_arima,0,77,3,80,101.0,74.99089258862475
community_arima,0,77,4,81,66.0,74.98991769098737
community_arima,0,77,5,82,64.0,74.989339998842
hybrid,0,77,1,78,72.0,70.47529758267862
hybrid,0,77,2,79,86.0,81.70887570720394
hybrid,0,77,3,80,101.0,75.55470884762339
hybrid,0,77,4,81,66.0,75.8203435216011
hybrid,0,77,5,82,64.0,71.84785978233816
naive,1,77,1,78,71.0,58.000000000000014
naive,1,77,2,79,60.0,58.000000000000014
naive,1,77,3,80,43.0,58.000000000000014
naive,1,77,4,81,51.0,58.000000000000014
naive,1,77,5,82,47.0,58.000000000000014
global_arima,1,77,1,78,71.0,56.356564194822624
global_arima,1,77,2,79,60.0,56.291515314340835
global_arima,1,77,3,80,43.0,56.28890339292872
global_arima,1,77,4,81,51.0,56.28879845554177
global_arima,1,77,5,82,47.0,56.288794239446446
community_arima,1,77,1,78,71.0,58.13866901306732
community_arima,1,77,2,79,60.0,58.135617276331125
community_arima,1,77,3,80,43.0,58.13568435822042
community_arima,1,77,4,81,51.0,58.1356828836188
community_arima,1,77,5,82,47.0,58.13568291603365
hybrid,1,77,1,78,71.0,48.04259103134671
hybrid,1,77,2,79,60.0,48.377141513133495
hybrid,1,77,3,80,43.0,62.442962981906476
hybrid,1,77,4,81,51.0,66.79774435108723
hybrid,1,77,5,82,47.0,58.54200058629758
naive,2,77,1,78,115.0,107.00000000000003
naive,2,77,2,79,106.0,107.00000000000003
naive,2,77,3,80,94.0,107.00000000000003
naive,2,77,4,81,117.0,107.00000000000003
naive,2,77,5,82,140.0,107.00000000000003
global_arima,2,77,1,78,115.0,103.96814429044863
global_arima,2,77,2,79,106.0,103.84814032128396
global_arima,2,77,3,80,94.0,103.84332177660986
global_arima,2,77,4,81,117.0,103.84312818522363
global_arima,2,77,5,82,140.0,103.84312040725464
community_arima,2,77,1,78,115.0,119.0325555157041
community_arima,2,77,2,79,106.0,126.92194624449793
community_arima,2,77,3,80,94.0,131.92463506847403
community_arima,2,77,4,81,117.0,135.03341739219437
community_arima,2,77,5,82,140.0,136.9418770768366
hybrid,2,77,1,78,115.0,123.2546597245315
hybrid,2,77,2,79,106.0,126.1878908293642
hybrid,2,77,3,80,94.0,168.6795392008484
hybrid,2,77,4,81,117.0,110.7363035629802
hybrid,2,77,5,82,140.0,136.9968722842214
naive,3,77,1,78,28.0,29.000000000000004
naive,3,77,2,79,40.0,29.000000000000004
naive,3,77,3,80,34.0,29.000000000000004
naive,3,77,4,81,61.0,29.000000000000004
naive,3,77,5,82,46.0,29.000000000000004
global_arima,3,77,1,78,28.0,28.178282097411312
global_arima,3,77,2,79,40.0,28.145757657170417
global_arima,3,77,3,80,34.0,28.14445169646436
global_arima,3,77,4,81,61.0,28.144399227770887
global_arima,3,77,5,82,46.0,28.144397119723223
community_arima,3,77,1,78,28.0,34.439103584609875
community_arima,3,77,2,79,40.0,36.76424687080554
community_arima,3,77,3,80,34.0,37.690694684542365
community_arima,3,77,4,81,61.0,38.049991790519286
community_arima,3,77,5,82,46.0,38.18790216054119
hybrid,3,77,1,78,28.0,36.091457435452526
hybrid,3,77,2,79,40.0,27.474072210962433
hybrid,3,77,3,80,34.0,43.34403390690263
hybrid,3,77,4,81,61.0,52.30084132545817
hybrid,3,77,5,82,46.0,25.72860442317558
naive,5,77,1,78,146.0,205.00000000000003
naive,5,77,2,79,124.0,205.00000000000003
naive,5,77,3,80,111.0,205.00000000000003
naive,5,77,4,81,172.0,205.00000000000003
naive,5,77,5,82,149.0,205.00000000000003
global_arima,5,77,1,78,146.0,199.19130448170066
global_arima,5,77,2,79,124.0,198.9613903351702
global_arima,5,77,3,80,111.0,198.95215854397216
global_arima,5,77,4,81,172.0,198.95178764458734
global_arima,5,77,5,82,149.0,198.95177274287104
community_arima,5,77,1,78,146.0,176.76156045351473
community_arima,5,77,2,79,124.0,167.36501442857463
community_arima,5,77,3,80,111.0,164.03028848643578
community_arima,5,77,4,81,172.0,162.8186174689657
community_arima,5,77,5,82,149.0,162.37452915544918
hybrid,5,77,1,78,146.0,216.68261539809436
hybrid,5,77,2,79,124.0,167.87427439696427
hybrid,5,77,3,80,111.0,163.82233015201408
hybrid,5,77,4,81,172.0,130.47899647057378
hybrid,5,77,5,82,149.0,170.18056553468048
naive,0,78,1,79,86.0,71.99999999999999
naive,0,78,2,80,101.0,71.99999999999999
naive,0,78,3,81,66.0,71.99999999999999
naive,0,78,4,82,64.0,71.99999999999999
naive,0,78,5,83,56.0,71.99999999999999
global_arima,0,78,1,79,86.0,73.85012916462257
global_arima,0,78,2,80,101.0,73.92544542269758
global_arima,0,78,3,81,66.0,73.9284730264458
global_arima,0,78,4,82,64.0,73.92859466993298
global_arima,0,78,5,83,56.0,73.92859955724231
community_arima,0,78,1,79,86.0,72.76379428187857
community_arima,0,78,2,80,101.0,73.22016370194414
community_arima,0,78,3,81,66.0,73.49192709203727
community_arima,0,78,4,82,64.0,73.65343605289587
community_arima,0,78,5,83,56.0,73.74930709101739
hybrid,0,78,1,79,86.0,68.44746082772507
hybrid,0,78,2,80,101.0,74.85093948423727
hybrid,0,78,3,81,66.0,73.68683602805073
hybrid,0,78,4,82,64.0,68.13430091869884
hybrid,0,78,5,83,56.0,70.53258061887517
naive,1,78,1,79,60.0,71.0
naive,1,78,2,80,43.0,71.0
naive,1,78,3,81,51.0,71.0
naive,1,78,4,82,47.0,71.0
naive,1,78,5,83,71.0,71.0
global_arima,1,78,1,79,60.0,72.82443292622504
global_arima,1,78,2,80,43.0,72.89870312516011
global_arima,1,78,3,81,51.0,72.90168867885629
global_arima,1,78,4,82,47.0,72.90180863285057
global_arima,1,78,5,83,71.0,72.9018134522806
community_arima,1,78,1,79,60.0,71.30442751162504
community_arima,1,78,2,80,43.0,71.29772173916504
community_arima,1,78,3,81,51.0,71.2978691394404
community_arima,1,78,4,82,47.0,71.29786589926957
community_arima,1,78,5,83,71.0,71.29786597049534
hybrid,1,78,1,79,60.0,64.92854566415772
hybrid,1,78,2,80,43.0,72.3159772977507
hybrid,1,78,3,81,51.0,67.52804786200122
hybrid,1,78,4,82,47.0,74.60199845629191
hybrid,1,78,5,83,71.0,63.865048629830234
naive,2,78,1,79,106.0,114.99999999999999
naive,2,78,2,80,94.0,114.99999999999999
naive,2,78,3,81,117.0,114.99999999999999
naive,2,78,4,82,140.0,114.99999999999999
naive,2,78,5,83,114.0,114.99999999999999
global_arima,2,78,1,79,106.0,117.95506741571661
global_arima,2,78,2,80,94.0,118.07536421680861
global_arima,2,78,3,81,117.0,118.0801999727954
global_arima,2,78,4,82,140.0,118.08039426447628
global_arima,2,78,5,83,114.0,118.08040207059535
community_arima,2,78,1,79,106.0,123.85472054504207
community_arima,2,78,2,80,94.0,129.5140589932204
community_arima,2,78,3,81,117.0,133.04771074196802
community_arima,2,78,4,82,140.0,135.22324533225395
community_arima,2,78,5,83,114.0,136.55130986377753
hybrid,2,78,1,79,106.0,109.80815556161234
hybrid,2,78,2,80,94.0,144.13583999744637
hybrid,2,78,3,81,117.0,140.94318442325923
hybrid,2,78,4,82,140.0,151.50601656087258
hybrid,2,78,5,83,114.0,134.64401497440502
naive,3,78,1,79,40.0,28.000000000000004
naive,3,78,2,80,34.0,28.000000000000004
naive,3,78,3,81,61.0,28.000000000000004
naive,3,78,4,82,46.0,28.000000000000004
naive,3,78,5,83,48.0,28.000000000000004
global_arima,3,78,1,79,40.0,28.719494675131003
global_arima,3,78,2,80,34.0,28.748784331049052
global_arima,3,78,3,81,61.0,28.749961732506705
global_arima,3,78,4,82,46.0,28.750009038307265
global_arima,3,78,5,83,48.0,28.750010938927563
community_arima,3,78,1,79,40.0,32.68838444495497
community_arima,3,78,2,80,34.0,34.66991064723819
community_arima,3,78,3,81,61.0,35.45598827399312
community_arima,3,78,4,82,46.0,35.76033496857537
community_arima,3,78,5,83,48.0,35.877078578679885
hybrid,3,78,1,79,40.0,44.592939937522104
hybrid,3,78,2,80,34.0,33.870923039513016
hybrid,3,78,3,81,61.0,53.92072259581306
hybrid,3,78,4,82,46.0,42.779759850832086
hybrid,3,78,5,83,48.0,29.80585117089906
naive,5,78,1,79,124.0,145.99999999999997
naive,5,78,2,80,111.0,145.99999999999997
naive,5,78,3,81,172.0,145.99999999999997
naive,5,78,4,82,149.0,145.99999999999997
naive,5,78,5,83,198.0,145.99999999999997
global_arima,5,78,1,79,124.0,149.75165080604023
global_arima,5,78,2,80,111.0,149.90437544047006
global_arima,5,78,3,81,172.0,149.91051474807068
global_arima,5,78,4,82,149.0,149.91076141403076
global_arima,5,78,5,83,198.0,149.91077132440802
community_arima,5,78,1,79,124.0,149.20989682756672
community_arima,5,78,2,80,111.0,150.40988607262685
community_arima,5,78,3,81,172.0,150.85432880278938
community_arima,5,78,4,82,149.0,151.01837332218523
community_arima,5,78,5,83,198.0,151.07884578439902
hybrid,5,78,1,79,124.0,124.66419381824043
hybrid,5,78,2,80,111.0,142.27960355000423
hybrid,5,78,3,81,172.0,160.98410206216428
hybrid,5,78,4,82,149.0,142.11613842902008
hybrid,5,78,5,83,198.0,217.11508690211167
naive,0,79,1,80,101.0,86.0
naive,0,79,2,81,66.0,86.0
naive,0,79,3,82,64.0,86.0
naive,0,79,4,83,56.0,86.0
naive,0,79,5,84,93.0,86.0
global_arima,0,79,1,80,101.0,88.36800889801914
global_arima,0,79,2,81,66.0,88.46449648225074
global_arima,0,79,3,82,64.0,88.46837528706018
global_arima,0,79,4,83,56.0,88.46853113045616
global_arima,0,79,5,84,93.0,88.46853739182659
community_arima,0,79,1,80,101.0,82.86487430634017
community_arima,0,79,2,81,66.0,81.0606568043719
community_arima,0,79,3,82,64.0,80.00989517753324
community_arima,0,79,4,83,56.0,79.39360196478029
community_arima,0,79,5,84,93.0,79.03061784017406
hybrid,0,79,1,80,101.0,73.46371456853153
hybrid,0,79,2,81,66.0,84.2270606665595
hybrid,0,79,3,82,64.0,77.41101511808392
hybrid,0,79,4,83,56.0,82.45324136358448
hybrid,0,79,5,84,93.0,76.63130233161375
naive,1,79,1,80,43.0,60.00000000000001
naive,1,79,2,81,51.0,60.00000000000001
naive,1,79,3,82,47.0,60.00000000000001
naive,1,79,4,83,71.0,60.00000000000001
naive,1,79,5,84,69.0,60.00000000000001
global_arima,1,79,1,80,43.0,61.652099231176145
global_arima,1,79,2,81,51.0,61.71941615040749
global_arima,1,79,3,82,47.0,61.72212229329781
global_arima,1,79,4,83,71.0,61.72223102124849
global_arima,1,79,5,84,69.0,61.722235389646464
community_arima,1,79,1,80,43.0,59.76969707661931
community_arima,1,79,2,81,51.0,59.77475025983845
community_arima,1,79,3,82,47.0,59.774639175742934
community_arima,1,79,4,83,71.0,59.77464161760244
community_arima,1,79,5,84,69.0,59.774641563925236
hybrid,1,79,1,80,43.0,51.25195166807255
hybrid,1,79,2,81,51.0,51.60945354607709
hybrid,1,79,3,82,47.0,49.39151325476139
hybrid,1,79,4,83,71.0,66.20915488186272
hybrid,1,79,5,84,69.0,55.29039054204909
naive,2,79,1,80,94.0,105.99999999999996
naive,2,79,2,81,117.0,105.99999999999996
naive,2,79,3,82,140.0,105.99999999999996
naive,2,79,4,83,114.0,105.99999999999996
naive,2,79,5,84,96.0,105.99999999999996
global_arima,2,79,1,80,94.0,108.91870864174453
global_arima,2,79,2,81,117.0,109.03763519905326
global_arima,2,79,3,82,140.0,109.0424160514928
global_arima,2,79,4,83,114.0,109.04260813753899
global_arima,2,79,5,84,96.0,109.04261585504209
community_arima,2,79,1,80,94.0,115.96582573497021
community_arima,2,79,2,81,117.0,122.41444175995255
community_arima,2,79,3,82,140.0,126.47105052146875
community_arima,2,79,4,83,114.0,128.9798129737665
community_arima,2,79,5,84,96.0,130.51545960913532
hybrid,2,79,1,80,94.0,105.3028692476472
hybrid,2,79,2,81,117.0,129.1021878725936
hybrid,2,79,3,82,140.0,150.58242122008627
hybrid,2,79,4,83,114.0,107.27957205485598
hybrid,2,79,5,84,96.0,142.26675063734356
naive,3,79,1,80,34.0,40.00000000000001
naive,3,79,2,81,61.0,40.00000000000001
naive,3,79,3,82,46.0,40.00000000000001
naive,3,79,4,83,48.0,40.00000000000001
naive,3,79,5,84,42.0,40.00000000000001
global_arima,3,79,1,80,34.0,41.10139948745076
global_arima,3,79,2,81,61.0,41.14627743360499
global_arima,3,79,3,82,46.0,41.1480815288652
global_arima,3,79,4,83,48.0,41.148154014165655
global_arima,3,79,5,84,42.0,41.14815692643098
community_arima,3,79,1,80,34.0,38.89222243539077
community_arima,3,79,2,81,61.0,38.47765375945303
community_arima,3,79,3,82,46.0,38.32067786689891
community_arima,3,79,4,83,48.0,38.26097305144063
community_arima,3,79,5,84,42.0,38.2382259905267
hybrid,3,79,1,80,34.0,37.14520908360416
hybrid,3,79,2,81,61.0,46.083525081284826
hybrid,3,79,3,82,46.0,36.485164533665404
hybrid,3,79,4,83,48.0,44.06513697515106
hybrid,3,79,5,84,42.0,30.29985979641988
naive,5,79,1,80,111.0,124.00000000000004
naive,5,79,2,81,172.0,124.00000000000004
naive,5,79,3,82,149.0,124.00000000000004
naive,5,79,4,83,198.0,124.00000000000004
naive,5,79,5,84,164.0,124.00000000000004
global_arima,5,79,1,80,111.0,127.41433841109736
global_arima,5,79,2,81,172.0,127.55346004417548
global_arima,5,79,3,82,149.0,127.55905273948214
global_arima,5,79,4,83,198.0,127.55927744391353
global_arima,5,79,5,84,164.0,127.55928647193602
community_arima,5,79,1,80,111.0,134.59431342057078
community_arima,5,79,2,81,172.0,138.71925269458097
community_arima,5,79,3,82,149.0,140.2701502375901
community_arima,5,79,4,83,198.0,140.8457709332029
community_arima,5,79,5,84,164.0,141.05839847775292
hybrid,5,79,1,80,111.0,120.45754426763158
hybrid,5,79,2,81,172.0,125.6180084574862
hybrid,5,79,3,82,149.0,135.21846929668683
hybrid,5,79,4,83,198.0,146.173197987599
hybrid,5,79,5,84,164.0,184.79463068668042
naive,0,80,1,81,66.0,100.99999999999996
naive,0,80,2,82,64.0,100.99999999999996
naive,0,80,3,83,56.0,100.99999999999996
naive,0,80,4,84,93.0,100.99999999999996
naive,0,80,5,85,128.0,100.99999999999996
global_arima,0,80,1,81,66.0,105.81605056929583
global_arima,0,80,2,82,64.0,106.01426138358767
global_arima,0,80,3,83,56.0,106.02223269047826
global_arima,0,80,4,84,93.0,106.02255296844879
global_arima,0,80,5,85,128.0,106.02256583636866
community_arima,0,80,1,81,66.0,93.8573815476022
community_arima,0,80,2,82,64.0,89.86316778371254
community_arima,0,80,3,83,56.0,87.57612531622861
community_arima,0,80,4,84,93.0,86.24814194548985
community_arima,0,80,5,85,128.0,85.47062867935955
hybrid,0,80,1,81,66.0,91.4542667236015
hybrid,0,80,2,82,64.0,90.64987509148193
hybrid,0,80,3,83,56.0,80.48517421445503
hybrid,0,80,4,84,93.0,85.14845939373288
hybrid,0,80,5,85,128.0,77.76090020447886
naive,1,80,1,81,51.0,42.99999999999999
naive,1,80,2,82,47.0,42.99999999999999
naive,1,80,3,83,71.0,42.99999999999999
naive,1,80,4,84,69.0,42.99999999999999
naive,1,80,5,85,79.0,42.99999999999999
global_arima,1,80,1,81,51.0,45.05039776712594
global_arima,1,80,2,82,47.0,45.13478454944821
global_arima,1,80,3,83,71.0,45.138178274164005
global_arima,1,80,4,84,69.0,45.13831463013167
global_arima,1,80,5,85,79.0,45.13832010855299
community_arima,1,80,1,81,51.0,42.69635410260906
community_arima,1,80,2,82,47.0,42.70300629877797
community_arima,1,80,3,83,71.0,42.702860058651034
community_arima,1,80,4,84,69.0,42.70286327331087
community_arima,1,80,5,85,79.0,42.70286320264589
hybrid,1,80,1,81,51.0,33.375159379135795
hybrid,1,80,2,82,47.0,46.360074288656165
hybrid,1,80,3,83,71.0,43.22702407010498
hybrid,1,80,4,84,69.0,61.438292194570515
hybrid,1,80,5,85,79.0,42.498958508975846
naive,2,80,1,81,117.0,94.0
naive,2,80,2,82,140.0,94.0
naive,2,80,3,83,114.0,94.0
naive,2,80,4,84,96.0,94.0
naive,2,80,5,85,84.0,94.0
global_arima,2,80,1,81,117.0,98.4822648862753
global_arima,2,80,2,82,140.0,98.66673831739843
global_arima,2,80,3,83,114.0,98.67415715747482
global_arima,2,80,4,84,96.0,98.67445523796225
global_arima,2,80,5,85,84.0,98.67446721404608
community_arima,2,80,1,81,117.0,105.46576651475142
community_arima,2,80,2,82,140.0,113.03342060821188
community_arima,2,80,3,83,114.0,117.85131694719539
community_arima,2,80,4,84,96.0,120.85249920454318
community_arima,2,80,5,85,84.0,122.6975882409074
hybrid,2,80,1,81,117.0,113.16692638451454
hybrid,2,80,2,82,140.0,111.67595187422509
hybrid,2,80,3,83,114.0,131.86783915640282
hybrid,2,80,4,84,96.0,101.93127283202857
hybrid,2,80,5,85,84.0,114.95550262385143
naive,3,80,1,81,61.0,33.99999999999999
naive,3,80,2,82,46.0,33.99999999999999
naive,3,80,3,83,48.0,33.99999999999999
naive,3,80,4,84,42.0,33.99999999999999
naive,3,80,5,85,37.0,33.99999999999999
global_arima,3,80,1,81,61.0,35.62124474609958
global_arima,3,80,2,82,46.0,35.68796917863347
global_arima,3,80,3,83,48.0,35.69065258887387
global_arima,3,80,4,84,42.0,35.69076040522039
global_arima,3,80,5,85,37.0,35.69076473699539
community_arima,3,80,1,81,61.0,35.642778221568115
community_arima,3,80,2,82,46.0,36.289439852959525
community_arima,3,80,3,83,48.0,36.53906692514696
community_arima,3,80,4,84,42.0,36.63471233825953
community_arima,3,80,5,85,37.0,36.67125491236131
hybrid,3,80,1,81,61.0,34.70683742939579
hybrid,3,80,2,82,46.0,27.47180927700335
hybrid,3,80,3,83,48.0,37.41082775107771
hybrid,3,80,4,84,42.0,54.728894283867206
hybrid,3,80,5,85,37.0,27.199969221004242
naive,5,80,1,81,172.0,110.99999999999996
naive,5,80,2,82,149.0,110.99999999999996
naive,5,80,3,83,198.0,110.99999999999996
naive,5,80,4,84,164.0,110.99999999999996
naive,5,80,5,85,182.0,110.99999999999996
global_arima,5,80,1,81,172.0,116.2928872593251
global_arima,5,80,2,82,149.0,116.51072290671516
global_arima,5,80,3,83,198.0,116.51948345191175
global_arima,5,80,4,84,164.0,116.51983544057244
global_arima,5,80,5,85,182.0,116.51984958254378
community_arima,5,80,1,81,172.0,123.56640748468553
community_arima,5,80,2,82,149.0,128.54271148807356
community_arima,5,80,3,83,198.0,130.42548185161994
community_arima,5,80,4,84,164.0,131.12589890580094
community_arima,5,80,5,85,182.0,131.3848458242233
hybrid,5,80,1,81,172.0,124.50140423467175
hybrid,5,80,2,82,149.0,120.78855081401187
hybrid,5,80,3,83,198.0,140.94741560625852
hybrid,5,80,4,84,164.0,138.93787567107185
hybrid,5,80,5,85,182.0,171.83594976554224
naive,0,81,1,82,64.0,65.99999999999997
naive,0,81,2,83,56.0,65.99999999999997
naive,0,81,3,84,93.0,65.99999999999997
naive,0,81,4,85,128.0,65.99999999999997
naive,0,81,5,86,172.0,65.99999999999997
global_arima,0,81,1,82,64.0,62.096519881247346
global_arima,0,81,2,83,56.0,61.94459607272505
global_arima,0,81,3,84,93.0,61.93849994162986
global_arima,0,81,4,85,128.0,61.93825502813463
global_arima,0,81,5,86,172.0,61.93824518819527
community_arima,0,81,1,82,64.0,69.2445730877421
community_arima,0,81,2,83,56.0,71.24087994026175
community_arima,0,81,3,84,93.0,72.45050552622796
community_arima,0,81,4,85,128.0,73.17683260690123
community_arima,0,81,5,86,172.0,73.61061898325231
hybrid,0,81,1,82,64.0,67.25985444220515
hybrid,0,81,2,83,56.0,62.08031011467834
hybrid,0,81,3,84,93.0,74.93366891763442
hybrid,0,81,4,85,128.0,68.833944199997
hybrid,0,81,5,86,172.0,97.78644819139878
naive,1,81,1,82,47.0,51.00000000000001
naive,1,81,2,83,71.0,51.00000000000001
naive,1,81,3,84,69.0,51.00000000000001
naive,1,81,4,85,79.0,51.00000000000001
naive,1,81,5,86,47.0,51.00000000000001
global_arima,1,81,1,82,47.0,47.98367445369112
global_arima,1,81,2,83,71.0,47.866278783469355
global_arima,1,81,3,84,69.0,47.86156813671398
global_arima,1,81,4,85,79.0,47.86137888537676
global_arima,1,81,5,86,47.0,47.86137128178725
community_arima,1,81,1,82,47.0,51.204667609530695
community_arima,1,81,2,83,71.0,51.20015993799553
community_arima,1,81,3,84,69.0,51.20025902189798
community_arima,1,81,4,85,79.0,51.200256843823695
community_arima,1,81,5,86,47.0,51.20025689170233
hybrid,1,81,1,82,47.0,53.767401551106936
hybrid,1,81,2,83,71.0,56.46126916166578
hybrid,1,81,3,84,69.0,61.35693377191217
hybrid,1,81,4,85,79.0,52.1334485681811
hybrid,1,81,5,86,47.0,45.15159941789866
naive,2,81,1,82,140.0,117.00000000000004
naive,2,81,2,83,114.0,117.00000000000004
naive,2,81,3,84,96.0,117.00000000000004
naive,2,81,4,85,84.0,117.00000000000004
naive,2,81,5,86,70.0,117.00000000000004
global_arima,2,81,1,82,140.0,110.08019433493848
global_arima,2,81,2,83,114.0,109.8108748561944
global_arima,2,81,3,84,96.0,109.80006807834384
global_arima,2,81,4,85,84.0,109.7996339135114
global_arima,2,81,5,86,70.0,109.79961646998252
community_arima,2,81,1,82,140.0,121.67558183189301
community_arima,2,81,2,83,114.0,124.58224621595798
community_arima,2,81,3,84,96.0,126.36705447482373
community_arima,2,81,4,85,84.0,127.45486670601665
community_arima,2,81,5,86,70.0,128.11490060597723
hybrid,2,81,1,82,140.0,136.58279031334158
hybrid,2,81,2,83,114.0,129.8499554990609
hybrid,2,81,3,84,96.0,119.74349082562188
hybrid,2,81,4,85,84.0,114.62972049600455
hybrid,2,81,5,86,70.0,113.86214397894713
naive,3,81,1,82,46.0,61.00000000000001
naive,3,81,2,83,48.0,61.00000000000001
naive,3,81,3,84,42.0,61.00000000000001
naive,3,81,4,85,37.0,61.00000000000001
naive,3,81,5,86,40.0,61.00000000000001
global_arima,3,81,1,82,46.0,57.392238072061936
global_arima,3,81,2,83,48.0,57.25182364297315
global_arima,3,81,3,84,42.0,57.246189339991226
global_arima,3,81,4,85,37.0,57.245962980548676
global_arima,3,81,5,86,40.0,57.24595388605926
community_arima,3,81,1,82,46.0,49.31262579971766
community_arima,3,81,2,83,48.0,45.459989181194835
community_arima,3,81,3,84,42.0,44.06960416586883
community_arima,3,81,4,85,37.0,43.55035165924315
community_arima,3,81,5,86,40.0,43.35389248915242
hybrid,3,81,1,82,46.0,37.77250264367054
hybrid,3,81,2,83,48.0,38.53478168044932
hybrid,3,81,3,84,42.0,52.50768721160795
hybrid,3,81,4,85,37.0,42.35044255966521
hybrid,3,81,5,86,40.0,47.710058271347144
naive,5,81,1,82,149.0,172.00000000000006
naive,5,81,2,83,198.0,172.00000000000006
naive,5,81,3,84,164.0,172.00000000000006
naive,5,81,4,85,182.0,172.00000000000006
naive,5,81,5,86,153.0,172.00000000000006
global_arima,5,81,1,82,149.0,161.82729423597792
global_arima,5,81,2,83,198.0,161.43137158346528
global_arima,5,81,3,84,164.0,161.4154846963687
global_arima,5,81,4,85,182.0,161.4148464369569
global_arima,5,81,5,86,153.0,161.41482079347858
community_arima,5,81,1,82,149.0,156.78689901654008
community_arima,5,81,2,83,198.0,151.52660372384508
community_arima,5,81,3,84,164.0,149.63342126228048
community_arima,5,81,4,85,182.0,148.9419820815891
community_arima,5,81,5,86,153.0,148.68808265153285
hybrid,5,81,1,82,149.0,191.82228763416123
hybrid,5,81,2,83,198.0,164.59718079452938
hybrid,5,81,3,84,164.0,147.83913292115432
hybrid,5,81,4,85,182.0,133.64844877883127
hybrid,5,81,5,86,153.0,140.61115405921254
naive,0,82,1,83,56.0,63.99999999999998
naive,0,82,2,84,93.0,63.99999999999998
naive,0,82,3,85,128.0,63.99999999999998
naive,0,82,4,86,172.0,63.99999999999998
naive,0,82,5,87,198.0,63.99999999999998
global_arima,0,82,1,83,56.0,63.44917470067203
global_arima,0,82,2,84,93.0,63.42714314780952
global_arima,0,82,3,85,128.0,63.42625813931711
global_arima,0,82,4,86,172.0,63.426222582335136
global_arima,0,82,5,87,198.0,63.42622115375251
community_arima,0,82,1,83,56.0,67.20826725361478
community_arima,0,82,2,84,93.0,69.183627890334
community_arima,0,82,3,85,128.0,70.38106221036759
community_arima,0,82,4,86,172.0,71.10024732963147
community_arima,0,82,5,87,198.0,71.52983145585024
hybrid,0,82,1,83,56.0,69.54776695800065
hybrid,0,82,2,84,93.0,77.7260317790822
hybrid,0,82,3,85,128.0,86.83031323441126
hybrid,0,82,4,86,172.0,86.91922414271731
hybrid,0,82,5,87,198.0,69.97976645718356
naive,1,82,1,83,71.0,47.00000000000001
naive,1,82,2,84,69.0,47.00000000000001
naive,1,82,3,85,79.0,47.00000000000001
naive,1,82,4,86,47.0,47.00000000000001
naive,1,82,5,87,60.0,47.00000000000001
global_arima,1,82,1,83,71.0,46.59548767080602
global_arima,1,82,2,84,69.0,46.57930824917261
global_arima,1,82,3,85,79.0,46.578658321061006
global_arima,1,82,4,86,47.0,46.57863220890237
global_arima,1,82,5,87,60.0,46.578631159787
community_arima,1,82,1,83,71.0,46.908464158765725
community_arima,1,82,2,84,69.0,46.910474431154405
community_arima,1,82,3,85,79.0,46.910430240238995
community_arima,1,82,4,86,47.0,46.910431211647676
community_arima,1,82,5,87,60.0,46.91043119029406
hybrid,1,82,1,83,71.0,47.59206520242231
hybrid,1,82,2,84,69.0,42.81873284044451
hybrid,1,82,3,85,79.0,53.353174958319514
hybrid,1,82,4,86,47.0,51.91326801395456
hybrid,1,82,5,87,60.0,41.741554339196234
naive,2,82,1,83,114.0,140.00000000000003
naive,2,82,2,84,96.0,140.00000000000003
naive,2,82,3,85,84.0,140.00000000000003
naive,2,82,4,86,70.0,140.00000000000003
naive,2,82,5,87,151.0,140.00000000000003
global_arima,2,82,1,83,114.0,138.79506965772006
global_arima,2,82,2,84,96.0,138.7468756358333
global_arima,2,82,3,85,84.0,138.7449396797562
global_arima,2,82,4,86,70.0,138.74486189885812
global_arima,2,82,5,87,151.0,138.7448587738336
community_arima,2,82,1,83,114.0,137.63328362235785
community_arima,2,82,2,84,96.0,136.22624681626925
community_arima,2,82,3,85,84.0,135.38522420400807
community_arima,2,82,4,86,70.0,134.88088661474967
community_arima,2,82,5,87,151.0,134.57785676611687
hybrid,2,82,1,83,114.0,139.11945451672688
hybrid,2,82,2,84,96.0,144.26184248727756
hybrid,2,82,3,85,84.0,128.84474272887576
hybrid,2,82,4,86,70.0,121.77380807497933
hybrid,2,82,5,87,151.0,132.61656092292108
naive,3,82,1,83,48.0,45.99999999999999
naive,3,82,2,84,42.0,45.99999999999999
naive,3,82,3,85,37.0,45.99999999999999
naive,3,82,4,86,40.0,45.99999999999999
naive,3,82,5,87,38.0,45.99999999999999
global_arima,3,82,1,83,48.0,45.604094316108025
global_arima,3,82,2,84,42.0,45.588259137488095
global_arima,3,82,3,85,37.0,45.587623037634174
global_arima,3,82,4,86,40.0,45.58759748105338
global_arima,3,82,5,87,38.0,45.58759645425962
community_arima,3,82,1,83,48.0,43.69220598885785
community_arima,3,82,2,84,42.0,42.84219053938421
community_arima,3,82,3,85,37.0,42.522276862599476
community_arima,3,82,4,86,40.0,42.40088015574749
community_arima,3,82,5,87,38.0,42.35466965186424
hybrid,3,82,1,83,48.0,43.18019814286893
hybrid,3,82,2,84,42.0,34.576228748361785
hybrid,3,82,3,85,37.0,37.84895353563808
hybrid,3,82,4,86,40.0,62.12481581739769
hybrid,3,82,5,87,38.0,42.22213583217861
naive,5,82,1,83,198.0,148.99999999999997
naive,5,82,2,84,164.0,148.99999999999997
naive,5,82,3,85,182.0,148.99999999999997
naive,5,82,4,86,153.0,148.99999999999997
naive,5,82,5,87,132.0,148.99999999999997
global_arima,5,82,1,83,198.0,147.71760985000208
global_arima,5,82,2,84,164.0,147.66631764099404
global_arima,5,82,3,85,182.0,147.66425723059766
global_arima,5,82,4,86,153.0,147.66417444949897
global_arima,5,82,5,87,132.0,147.66417112358005
community_arima,5,82,1,83,198.0,146.96086864334873
community_arima,5,82,2,84,164.0,146.2167359860143
community_arima,5,82,3,85,182.0,145.94356979126317
community_arima,5,82,4,86,153.0,145.84307346903992
community_arima,5,82,5,87,132.0,145.8060717410661
hybrid,5,82,1,83,198.0,170.8421814328396
hybrid,5,82,2,84,164.0,135.45320028841854
hybrid,5,82,3,85,182.0,141.83040718583004
hybrid,5,82,4,86,153.0,116.30416747919233
hybrid,5,82,5,87,132.0,166.43691403940701
naive,0,83,1,84,93.0,56.00000000000001
naive,0,83,2,85,128.0,56.00000000000001
naive,0,83,3,86,172.0,56.00000000000001
naive,0,83,4,87,198.0,56.00000000000001
naive,0,83,5,88,214.0,56.00000000000001
global_arima,0,83,1,84,93.0,53.785173676780545
global_arima,0,83,2,85,128.0,53.69803815256799
global_arima,0,83,3,86,172.0,53.694540228666284
global_arima,0,83,4,87,198.0,53.69439969632806
global_arima,0,83,5,88,214.0,53.69439405012778
community_arima,0,83,1,84,93.0,60.45034014246016
community_arima,0,83,2,85,128.0,63.249753539829214
community_arima,0,83,3,86,172.0,64.96841964216127
community_arima,0,83,4,87,198.0,66.00846990515066
community_arima,0,83,5,88,214.0,66.63249636550225
hybrid,0,83,1,84,93.0,62.356524428456595
hybrid,0,83,2,85,128.0,68.60125073436743
hybrid,0,83,3,86,172.0,64.47926680809157
hybrid,0,83,4,87,198.0,69.82181813177887
hybrid,0,83,5,88,214.0,65.1698990133305
naive,1,83,1,84,69.0,71.0
naive,1,83,2,85,79.0,71.0
naive,1,83,3,86,47.0,71.0
naive,1,83,4,87,60.0,71.0
naive,1,83,5,88,50.0,71.0
global_arima,1,83,1,84,69.0,68.1919166259182
global_arima,1,83,2,85,79.0,68.0814412291487
global_arima,1,83,3,86,47.0,68.07700636134476
global_arima,1,83,4,87,60.0,68.07682818641594
global_arima,1,83,5,88,50.0,68.07682102784057
community_arima,1,83,1,84,69.0,71.6424559388491
community_arima,1,83,2,85,79.0,71.62827197200308
community_arima,1,83,3,86,47.0,71.62858373560793
community_arima,1,83,4,87,60.0,71.62857688237479
community_arima,1,83,5,88,50.0,71.62857703302326
hybrid,1,83,1,84,69.0,65.24330729689564
hybrid,1,83,2,85,79.0,74.98798006120677
hybrid,1,83,3,86,47.0,60.879796839883205
hybrid,1,83,4,87,60.0,70.67802725078893
hybrid,1,83,5,88,50.0,74.15080930578917
naive,2,83,1,84,96.0,114.00000000000001
naive,2,83,2,85,84.0,114.00000000000001
naive,2,83,3,86,70.0,114.00000000000001
naive,2,83,4,87,151.0,114.00000000000001
naive,2,83,5,88,164.0,114.00000000000001
global_arima,2,83,1,84,96.0,109.49124641344612
global_arima,2,83,2,85,84.0,109.31386338201341
global_arima,2,83,3,86,70.0,109.30674260835636
global_arima,2,83,4,87,151.0,109.30645652466784
global_arima,2,83,5,88,164.0,109.30644503061725
community_arima,2,83,1,84,96.0,119.16850538449602
community_arima,2,83,2,85,84.0,122.39473748292248
community_arima,2,83,3,86,70.0,124.3806538831075
community_arima,2,83,4,87,151.0,125.59283573454499
community_arima,2,83,5,88,164.0,126.32898960478026
hybrid,2,83,1,84,96.0,124.05769447375573
hybrid,2,83,2,85,84.0,110.06926734557157
hybrid,2,83,3,86,70.0,159.47981592045647
hybrid,2,83,4,87,151.0,102.00277094007066
hybrid,2,83,5,88,164.0,133.48368158991892
naive,3,83,1,84,42.0,47.99999999999999
naive,3,83,2,85,37.0,47.99999999999999
naive,3,83,3,86,40.0,47.99999999999999
naive,3,83,4,87,38.0,47.99999999999999
naive,3,83,5,88,41.0,47.99999999999999
global_arima,3,83,1,84,42.0,46.10157743724047
global_arima,3,83,2,85,37.0,46.02688984505828
global_arima,3,83,3,86,40.0,46.0238916245711
global_arima,3,83,4,87,38.0,46.0237711682812
global_arima,3,83,5,88,41.0,46.02376632868095
community_arima,3,83,1,84,42.0,45.20134408408624
community_arima,3,83,2,85,37.0,44.176574061050204
community_arima,3,83,3,86,40.0,43.79175008227323
community_arima,3,83,4,87,38.0,43.64584626349209
community_arima,3,83,5,88,41.0,43.59032496948727
hybrid,3,83,1,84,42.0,30.502298559690434
hybrid,3,83,2,85,37.0,39.516138264421286
hybrid,3,83,3,86,40.0,49.00203789779816
hybrid,3,83,4,87,38.0,58.45918479015666
hybrid,3,83,5,88,41.0,51.495832636891656
naive,5,83,1,84,164.0,197.99999999999997
naive,5,83,2,85,182.0,197.99999999999997
naive,5,83,3,86,153.0,197.99999999999997
naive,5,83,4,87,132.0,197.99999999999997
naive,5,83,5,88,128.0,197.99999999999997
global_arima,5,83,1,84,164.0,190.16900692861694
global_arima,5,83,2,85,182.0,189.86092061086538
global_arima,5,83,3,86,153.0,189.8485529513558
global_arima,5,83,4,87,132.0,189.84805606915992
global_arima,5,83,5,88,128.0,189.84803610580892
community_arima,5,83,1,84,164.0,174.89149593207117
community_arima,5,83,2,85,182.0,167.0728607995065
community_arima,5,83,3,86,153.0,164.28119745458577
community_arima,5,83,4,87,132.0,163.26458142081378
community_arima,5,83,5,88,128.0,162.891676416088
hybrid,5,83,1,84,164.0,198.59952779361765
hybrid,5,83,2,85,182.0,148.2720891148126
hybrid,5,83,3,86,153.0,168.7370190497862
hybrid,5,83,4,87,132.0,156.21181428465303
hybrid,5,83,5,88,128.0,163.66261901446842
naive,0,84,1,85,128.0,93.0
naive,0,84,2,86,172.0,93.0
naive,0,84,3,87,198.0,93.0
naive,0,84,4,88,214.0,93.0
naive,0,84,5,89,280.0,93.0
global_arima,0,84,1,85,128.0,93.15851665030925
global_arima,0,84,2,86,172.0,93.16489104970896
global_arima,0,84,3,87,198.0,93.16514716487183
global_arima,0,84,4,88,214.0,93.16515745489869
global_arima,0,84,5,89,280.0,93.1651578683241
community_arima,0,84,1,85,128.0,87.00844155354389
community_arima,0,84,2,86,172.0,83.63980503701177
community_arima,0,84,3,87,198.0,81.70480333783934
community_arima,0,84,4,88,214.0,80.57911254677106
community_arima,0,84,5,89,280.0,79.91930164658976
hybrid,0,84,1,85,128.0,87.59624239271415
hybrid,0,84,2,86,172.0,97.25665026948812
hybrid,0,84,3,87,198.0,94.97200673388829
hybrid,0,84,4,88,214.0,93.46955765487183
hybrid,0,84,5,89,280.0,69.97309533883698
naive,1,84,1,85,79.0,69.00000000000003
naive,1,84,2,86,47.0,69.00000000000003
naive,1,84,3,87,60.0,69.00000000000003
naive,1,84,4,88,50.0,69.00000000000003
naive,1,84,5,89,55.0,69.00000000000003
global_arima,1,84,1,85,79.0,69.1176091276488
global_arima,1,84,2,86,47.0,69.12233852075181
global_arima,1,84,3,87,60.0,69.12252854167909
global_arima,1,84,4,88,50.0,69.12253617621516
global_arima,1,84,5,89,55.0,69.12253648295014
community_arima,1,84,1,85,79.0,68.93007089074858
community_arima,1,84,2,86,47.0,68.93160732822803
community_arima,1,84,3,87,60.0,68.93157355374282
community_arima,1,84,4,88,50.0,68.93157429617676
community_arima,1,84,5,89,55.0,68.93157427985646
hybrid,1,84,1,85,79.0,66.59902070899126
hybrid,1,84,2,86,47.0,67.66641135412075
hybrid,1,84,3,87,60.0,59.74467214987585
hybrid,1,84,4,88,50.0,71.23144973404528
hybrid,1,84,5,89,55.0,69.17837187811072
naive,2,84,1,85,84.0,96.0
naive,2,84,2,86,70.0,96.0
naive,2,84,3,87,151.0,96.0
naive,2,84,4,88,164.0,96.0
naive,2,84,5,89,228.0,96.0
global_arima,2,84,1,85,84.0,96.1636300906418
global_arima,2,84,2,86,70.0,96.17021011582861
global_arima,2,84,3,87,151.0,96.17047449277091
global_arima,2,84,4,88,164.0,96.17048511473412
global_arima,2,84,5,89,228.0,96.17048554149585
community_arima,2,84,1,85,84.0,104.98265536906865
community_arima,2,84,2,86,70.0,110.79282706666349
community_arima,2,84,3,87,151.0,114.44695280867073
community_arima,2,84,4,88,164.0,116.70648377616338
community_arima,2,84,5,89,228.0,118.08945419666865
hybrid,2,84,1,85,84.0,104.44188943902171
hybrid,2,84,2,86,70.0,109.08281190973784
hybrid,2,84,3,87,151.0,130.51054848682404
hybrid,2,84,4,88,164.0,93.02241848433692
hybrid,2,84,5,89,228.0,104.00857915160417
naive,3,84,1,85,37.0,42.0
naive,3,84,2,86,40.0,42.0
naive,3,84,3,87,38.0,42.0
naive,3,84,4,88,41.0,42.0
naive,3,84,5,89,42.0,42.0
global_arima,3,84,1,85,37.0,42.07158816465579
global_arima,3,84,2,86,40.0,42.07446692567502
global_arima,3,84,3,87,38.0,42.07458259058727
global_arima,3,84,4,88,41.0,42.074587237696186
global_arima,3,84,5,89,42.0,42.07458742440443
community_arima,3,84,1,85,37.0,42.36613017801224
community_arima,3,84,2,86,40.0,42.50658915070454
community_arima,3,84,3,87,38.0,42.560278865768744
community_arima,3,84,4,88,41.0,42.58077315234079
community_arima,3,84,5,89,42.0,42.58859205269048
hybrid,3,84,1,85,37.0,36.837089876387665
hybrid,3,84,2,86,40.0,41.29371324860216
hybrid,3,84,3,87,38.0,39.53856280928469
hybrid,3,84,4,88,41.0,56.14412466728231
hybrid,3,84,5,89,42.0,33.61319187716745
naive,5,84,1,85,182.0,163.99999999999994
naive,5,84,2,86,153.0,163.99999999999994
naive,5,84,3,87,132.0,163.99999999999994
naive,5,84,4,88,128.0,163.99999999999994
naive,5,84,5,89,126.0,163.99999999999994
global_arima,5,84,1,85,182.0,164.27953473817976
global_arima,5,84,2,86,153.0,164.29077561454054
global_arima,5,84,3,87,132.0,164.29122725848364
global_arima,5,84,4,88,128.0,164.29124540433747
global_arima,5,84,5,89,126.0,164.29124613338874
community_arima,5,84,1,85,182.0,160.7436587699084
community_arima,5,84,2,86,153.0,159.56040993638268
community_arima,5,84,3,87,132.0,159.12673067199844
community_arima,5,84,4,88,128.0,158.9672749856017
community_arima,5,84,5,89,126.0,158.90857755561518
hybrid,5,84,1,85,182.0,136.6734378547216
hybrid,5,84,2,86,153.0,168.36477548368418
hybrid,5,84,3,87,132.0,158.50392768667587
hybrid,5,84,4,88,128.0,137.24204666580204
hybrid,5,84,5,89,126.0,192.50431841749986
naive,0,85,1,86,172.0,127.99999999999997
naive,0,85,2,87,198.0,127.99999999999997
naive,0,85,3,88,214.0,127.99999999999997
naive,0,85,4,89,280.0,127.99999999999997
naive,0,85,5,90,141.0,127.99999999999997
global_arima,0,85,1,86,172.0,123.1806171533496
global_arima,0,85,2,87,198.0,122.99081803607505
global_arima,0,85,3,88,214.0,122.9831985240961
global_arima,0,85,4,89,280.0,122.9828924026271
global_arima,0,85,5,90,141.0,122.98288010351318
community_arima,0,85,1,86,172.0,111.33229228212987
community_arima,0,85,2,87,198.0,102.49034102575965
community_arima,0,85,3,88,214.0,97.5828505879435
community_arima,0,85,4,89,280.0,94.78533042800535
community_arima,0,85,5,90,141.0,93.1652002671583
hybrid,0,85,1,86,172.0,142.6376235683782
hybrid,0,85,2,87,198.0,113.52559091304335
hybrid,0,85,3,88,214.0,102.87592714814106
hybrid,0,85,4,89,280.0,89.4218307683285
hybrid,0,85,5,90,141.0,97.19616031721098
naive,1,85,1,86,47.0,78.99999999999997
naive,1,85,2,87,60.0,78.99999999999997
naive,1,85,3,88,50.0,78.99999999999997
naive,1,85,4,89,55.0,78.99999999999997
naive,1,85,5,90,72.0,78.99999999999997
global_arima,1,85,1,86,47.0,76.02553714933296
global_arima,1,85,2,87,60.0,75.90839550664008
global_arima,1,85,3,88,50.0,75.90369283909055
global_arima,1,85,4,89,55.0,75.90350390474642
global_arima,1,85,5,90,72.0,75.90349631388705
community_arima,1,85,1,86,47.0,79.23568809097345
community_arima,1,85,2,87,60.0,79.23049971527347
community_arima,1,85,3,88,50.0,79.23061376306043
community_arima,1,85,4,89,55.0,79.23061125604883
community_arima,1,85,5,90,72.0,79.2306113111582
hybrid,1,85,1,86,47.0,66.35826711574255
hybrid,1,85,2,87,60.0,66.74210063529834
hybrid,1,85,3,88,50.0,81.72803439881419
hybrid,1,85,4,89,55.0,81.01947321477029
hybrid,1,85,5,90,72.0,78.95756556475756
naive,2,85,1,86,70.0,84.00000000000001
naive,2,85,2,87,151.0,84.00000000000001
naive,2,85,3,88,164.0,84.00000000000001
naive,2,85,4,89,228.0,84.00000000000001
naive,2,85,5,90,299.0,84.00000000000001
global_arima,2,85,1,86,70.0,80.83728000688568
global_arima,2,85,2,87,151.0,80.71272433617426
global_arima,2,85,3,88,164.0,80.70772403143806
global_arima,2,85,4,89,228.0,80.70752313922404
global_arima,2,85,5,90,299.0,80.70751506793052
community_arima,2,85,1,86,70.0,94.5797108502217
community_arima,2,85,2,87,151.0,101.58124590176865
community_arima,2,85,3,88,164.0,106.04593707035669
community_arima,2,85,4,89,228.0,108.82981479768826
community_arima,2,85,5,90,299.0,110.54231567354515
hybrid,2,85,1,86,70.0,98.86752169115945
hybrid,2,85,2,87,151.0,115.18105061629902
hybrid,2,85,3,88,164.0,119.40494566314696
hybrid,2,85,4,89,228.0,70.93159488557878
hybrid,2,85,5,90,299.0,97.37033747561685
naive,3,85,1,86,40.0,36.99999999999999
naive,3,85,2,87,38.0,36.99999999999999
naive,3,85,3,88,41.0,36.99999999999999
naive,3,85,4,89,42.0,36.99999999999999
naive,3,85,5,90,46.0,36.99999999999999
global_arima,3,85,1,86,40.0,35.606897145890116
global_arima,3,85,2,87,38.0,35.55203333855294
global_arima,3,85,3,88,41.0,35.54983082337152
global_arima,3,85,4,89,42.0,35.549742335134404
global_arima,3,85,5,90,46.0,35.54973877992178
community_arima,3,85,1,86,40.0,39.3534442882795
community_arima,3,85,2,87,38.0,40.28894683423648
community_arima,3,85,3,88,41.0,40.651426181966016
community_arima,3,85,4,89,42.0,40.79050974242591
community_arima,3,85,5,90,46.0,40.84367738375949
hybrid,3,85,1,86,40.0,33.65186201156634
hybrid,3,85,2,87,38.0,43.349963679088575
hybrid,3,85,3,88,41.0,41.29806023797777
hybrid,3,85,4,89,42.0,49.73604761408161
hybrid,3,85,5,90,46.0,34.13693420830077
naive,5,85,1,86,153.0,182.00000000000009
naive,5,85,2,87,132.0,182.00000000000009
naive,5,85,3,88,128.0,182.00000000000009
naive,5,85,4,89,126.0,182.00000000000009
naive,5,85,5,90,196.0,182.00000000000009
global_arima,5,85,1,86,153.0,175.14744001491894
global_arima,5,85,2,87,132.0,174.87756939504422
global_arima,5,85,3,88,128.0,174.86673540144912
global_arima,5,85,4,89,126.0,174.8663001349854
global_arima,5,85,5,90,196.0,174.8662826471828
community_arima,5,85,1,86,153.0,171.91768088652498
community_arima,5,85,2,87,132.0,168.3453926931668
community_arima,5,85,3,88,128.0,167.04817756758953
community_arima,5,85,4,89,126.0,166.5728408843275
community_arima,5,85,5,90,196.0,166.39808384732657
hybrid,5,85,1,86,153.0,158.44319404001362
hybrid,5,85,2,87,132.0,176.49085772994263
hybrid,5,85,3,88,128.0,159.3085041998818
hybrid,5,85,4,89,126.0,209.90982684925947
hybrid,5,85,5,90,196.0,188.2720183964075
naive,0,86,1,87,198.0,172.00000000000006
naive,0,86,2,88,214.0,172.00000000000006
naive,0,86,3,89,280.0,172.00000000000006
naive,0,86,4,90,141.0,172.00000000000006
naive,0,86,5,91,159.0,172.00000000000006
global_arima,0,86,1,87,198.0,173.02652968203196
global_arima,0,86,2,88,214.0,173.0679003694384
global_arima,0,86,3,89,280.0,173.0695627376373
global_arima,0,86,4,90,141.0,173.06962952741307
global_arima,0,86,5,91,159.0,173.06963221084553
community_arima,0,86,1,87,198.0,141.4713300328313
community_arima,0,86,2,88,214.0,125.9879568824812
community_arima,0,86,3,89,280.0,117.61910921236833
community_arima,0,86,4,90,141.0,112.92258439318857
community_arima,0,86,5,91,159.0,110.22777141834175
hybrid,0,86,1,87,198.0,171.21560047787182
hybrid,0,86,2,88,214.0,136.00340080081395
hybrid,0,86,3,89,280.0,126.85741582168451
hybrid,0,86,4,90,141.0,118.79755157987499
hybrid,0,86,5,91,159.0,129.561513185061
naive,1,86,1,87,60.0,47.00000000000001
naive,1,86,2,88,50.0,47.00000000000001
naive,1,86,3,89,55.0,47.00000000000001
naive,1,86,4,90,72.0,47.00000000000001
naive,1,86,5,91,80.0,47.00000000000001
global_arima,1,86,1,87,60.0,47.28050520381107
global_arima,1,86,2,88,50.0,47.29180998467212
global_arima,1,86,3,89,55.0,47.2922642364474
global_arima,1,86,4,90,72.0,47.29228248714194
global_arima,1,86,5,91,80.0,47.292283220405466
community_arima,1,86,1,87,60.0,46.46467560634463
community_arima,1,86,2,88,50.0,46.47637873858124
community_arima,1,86,3,89,55.0,46.47612144814222
community_arima,1,86,4,90,72.0,46.47612710391139
community_arima,1,86,5,91,80.0,46.4761269795857
hybrid,1,86,1,87,60.0,52.09828392754192
hybrid,1,86,2,88,50.0,45.882395733905156
hybrid,1,86,3,89,55.0,61.23975395397983
hybrid,1,86,4,90,72.0,40.01121913735454
hybrid,1,86,5,91,80.0,44.77160398282639
naive,2,86,1,87,151.0,70.0
naive,2,86,2,88,164.0,70.0
naive,2,86,3,89,228.0,70.0
naive,2,86,4,90,299.0,70.0
naive,2,86,5,91,357.0,70.0
global_arima,2,86,1,87,151.0,70.41777370780372
global_arima,2,86,2,88,164.0,70.43461061546911
global_arima,2,86,3,89,228.0,70.43528716066633
global_arima,2,86,4,90,299.0,70.43531434255182
global_arima,2,86,5,91,357.0,70.43531543464643
community_arima,2,86,1,87,151.0,82.05699146949345
community_arima,2,86,2,88,164.0,90.2906532782799
community_arima,2,86,3,89,228.0,95.64168764328629
community_arima,2,86,4,90,299.0,99.01671260175571
community_arima,2,86,5,91,357.0,101.1072743833605
hybrid,2,86,1,87,151.0,83.84634543421069
hybrid,2,86,2,88,164.0,107.86479672330388
hybrid,2,86,3,89,228.0,99.833655441358
hybrid,2,86,4,90,299.0,57.24734972523559
hybrid,2,86,5,91,357.0,93.96126293885537
naive,3,86,1,87,38.0,40.00000000000001
naive,3,86,2,88,41.0,40.00000000000001
naive,3,86,3,89,42.0,40.00000000000001
naive,3,86,4,90,46.0,40.00000000000001
naive,3,86,5,91,35.0,40.00000000000001
global_arima,3,86,1,87,38.0,40.238727833030694
global_arima,3,86,2,88,41.0,40.248348923125214
global_arima,3,86,3,89,42.0,40.24873552038077
global_arima,3,86,4,90,46.0,40.24875105288676
global_arima,3,86,5,91,35.0,40.24875167694082
community_arima,3,86,1,87,38.0,40.664451787294134
community_arima,3,86,2,88,41.0,40.92069570873424
community_arima,3,86,3,89,42.0,41.01883975632289
community_arima,3,86,4,90,46.0,41.0563316274804
community_arima,3,86,5,91,35.0,41.07063954455791
hybrid,3,86,1,87,38.0,41.536789249726446
hybrid,3,86,2,88,41.0,32.09100150135837
hybrid,3,86,3,89,42.0,38.63011515489399
hybrid,3,86,4,90,46.0,63.799485646307495
hybrid,3,86,5,91,35.0,31.34962818032795
naive,5,86,1,87,132.0,153.00000000000006
naive,5,86,2,88,128.0,153.00000000000006
naive,5,86,3,89,126.0,153.00000000000006
naive,5,86,4,90,196.0,153.00000000000006
naive,5,86,5,91,163.0,153.00000000000006
global_arima,5,86,1,87,132.0,153.9131339613424
global_arima,5,86,2,88,128.0,153.94993463095392
global_arima,5,86,3,89,126.0,153.95141336545643
global_arima,5,86,4,90,196.0,153.95147277729185
global_arima,5,86,5,91,163.0,153.95147516429864
community_arima,5,86,1,87,132.0,156.96365737793656
community_arima,5,86,2,88,128.0,158.44929220844546
community_arima,5,86,3,89,126.0,159.0000584483733
community_arima,5,86,4,90,196.0,159.20341906357294
community_arima,5,86,5,91,163.0,159.27839456378405
hybrid,5,86,1,87,132.0,120.42427122212004
hybrid,5,86,2,88,128.0,205.01186373980826
hybrid,5,86,3,89,126.0,160.12986912403747
hybrid,5,86,4,90,196.0,163.04944144252485
hybrid,5,86,5,91,163.0,159.49124185571162
naive,0,87,1,88,214.0,197.99999999999997
naive,0,87,2,89,280.0,197.99999999999997
naive,0,87,3,90,141.0,197.99999999999997
naive,0,87,4,91,159.0,197.99999999999997
naive,0,87,5,92,150.0,197.99999999999997
global_arima,0,87,1,88,214.0,184.0168808175879
global_arima,0,87,2,89,280.0,183.47615767579495
global_arima,0,87,3,90,141.0,183.45446605790391
global_arima,0,87,4,91,159.0,183.45359460105527
global_arima,0,87,5,92,150.0,183.4535595883704
community_arima,0,87,1,88,214.0,161.62668915437808
community_arima,0,87,2,89,280.0,143.2932862310698
community_arima,0,87,3,90,141.0,133.42019031098374
community_arima,0,87,4,91,159.0,127.89146174047359
community_arima,0,87,5,92,150.0,124.72319390273097
hybrid,0,87,1,88,214.0,181.21374413474578
hybrid,0,87,2,89,280.0,148.01394582957417
hybrid,0,87,3,90,141.0,138.0843176187789
hybrid,0,87,4,91,159.0,137.2341065662159
hybrid,0,87,5,92,150.0,151.44722206423998
naive,1,87,1,88,50.0,60.00000000000001
naive,1,87,2,89,55.0,60.00000000000001
naive,1,87,3,90,72.0,60.00000000000001
naive,1,87,4,91,80.0,60.00000000000001
naive,1,87,5,92,57.0,60.00000000000001
global_arima,1,87,1,88,50.0,55.76269115684482
global_arima,1,87,2,89,55.0,55.598835659331804
global_arima,1,87,3,90,72.0,55.59226244178907
global_arima,1,87,4,91,80.0,55.59199836395614
global_arima,1,87,5,92,57.0,55.59198775405164
community_arima,1,87,1,88,50.0,60.348183624824784
community_arima,1,87,2,89,55.0,60.340508495463546
community_arima,1,87,3,90,72.0,60.34067720060247
community_arima,1,87,4,91,80.0,60.34067349210424
community_arima,1,87,5,92,57.0,60.3406735736248
hybrid,1,87,1,88,50.0,49.99464493037471
hybrid,1,87,2,89,55.0,59.436790435478606
hybrid,1,87,3,90,72.0,78.76589809831701
hybrid,1,87,4,91,80.0,57.7943041631119
hybrid,1,87,5,92,57.0,67.21440271702465
naive,2,87,1,88,164.0,151.0
naive,2,87,2,89,228.0,151.0
naive,2,87,3,90,299.0,151.0
naive,2,87,4,91,357.0,151.0
naive,2,87,5,92,330.0,151.0
global_arima,2,87,1,88,164.0,140.33610607805946
global_arima,2,87,2,89,228.0,139.9237364093184
global_arima,2,87,3,90,299.0,139.9071938118358
global_arima,2,87,4,91,357.0,139.90652921595628
global_arima,2,87,5,92,330.0,139.9065025143633
community_arima,2,87,1,88,164.0,139.22650044045804
community_arima,2,87,2,89,228.0,132.57641418523286
community_arima,2,87,3,90,299.0,128.72211391742118
community_arima,2,87,4,91,357.0,126.45329508941619
community_arima,2,87,5,92,330.0,125.10523488986205
hybrid,2,87,1,88,164.0,150.83391719757515
hybrid,2,87,2,89,228.0,155.00359021028515
hybrid,2,87,3,90,299.0,140.99437399278258
hybrid,2,87,4,91,357.0,67.99413775405183
hybrid,2,87,5,92,330.0,100.13371098566783
naive,3,87,1,88,41.0,37.99999999999999
naive,3,87,2,89,42.0,37.99999999999999
naive,3,87,3,90,46.0,37.99999999999999
naive,3,87,4,91,35.0,37.99999999999999
naive,3,87,5,92,29.0,37.99999999999999
global_arima,3,87,1,88,41.0,35.316371066001714
global_arima,3,87,2,89,42.0,35.212595917576806
global_arima,3,87,3,90,46.0,35.208432879799744
global_arima,3,87,4,91,35.0,35.20826563050555
global_arima,3,87,5,92,29.0,35.20825891089937
community_arima,3,87,1,88,41.0,39.372094766139924
community_arima,3,87,2,89,42.0,39.90802636275487
community_arima,3,87,3,90,46.0,40.11429549402222
community_arima,3,87,4,91,35.0,40.19323862292
community_arima,3,87,5,92,29.0,40.223386828572316
hybrid,3,87,1,88,41.0,39.780576603016804
hybrid,3,87,2,89,42.0,32.16677342308698
hybrid,3,87,3,90,46.0,36.91558385240438
hybrid,3,87,4,91,35.0,59.39350218075618
hybrid,3,87,5,92,29.0,29.13470193341725
naive,5,87,1,88,128.0,132.0
naive,5,87,2,89,126.0,132.0
naive,5,87,3,90,196.0,132.0
naive,5,87,4,91,163.0,132.0
naive,5,87,5,92,244.0,132.0
global_arima,5,87,1,88,128.0,122.6779205450586
global_arima,5,87,2,89,126.0,122.31743845052996
global_arima,5,87,3,90,196.0,122.30297737193595
global_arima,5,87,4,91,163.0,122.30239640070351
global_arima,5,87,5,92,244.0,122.3023730589136
community_arima,5,87,1,88,128.0,142.80108459081322
community_arima,5,87,2,89,126.0,146.99720638573055
community_arima,5,87,3,90,196.0,148.5735708124466
community_arima,5,87,4,91,163.0,149.15846613976686
community_arima,5,87,5,92,244.0,149.37449546207367
hybrid,5,87,1,88,128.0,136.64987170975112
hybrid,5,87,2,89,126.0,130.33185918390785
hybrid,5,87,3,90,196.0,177.72984872648982
hybrid,5,87,4,91,163.0,159.06930641660793
hybrid,5,87,5,92,244.0,188.4924178983075
naive,0,88,1,89,280.0,213.99999999999991
naive,0,88,2,90,141.0,213.99999999999991
naive,0,88,3,91,159.0,213.99999999999991
naive,0,88,4,92,150.0,213.99999999999991
naive,0,88,5,93,231.0,213.99999999999991
global_arima,0,88,1,89,280.0,204.38745902576724
global_arima,0,88,2,90,141.0,204.010392644895
global_arima,0,88,3,91,159.0,203.99525765994935
global_arima,0,88,4,92,150.0,203.99464960075045
global_arima,0,88,5,93,231.0,203.99462517061983
community_arima,0,88,1,89,280.0,176.41853962559134
community_arima,0,88,2,90,141.0,157.3270159908344
community_arima,0,88,3,91,159.0,146.99800509013724
community_arima,0,88,4,92,150.0,141.1981565807745
community_arima,0,88,5,93,231.0,137.86914946184902
hybrid,0,88,1,89,280.0,179.2150439933839
hybrid,0,88,2,90,141.0,159.97063092131475
hybrid,0,88,3,91,159.0,152.81721877241168
hybrid,0,88,4,92,150.0,159.82545763752466
hybrid,0,88,5,93,231.0,152.68111409004194
naive,1,88,1,89,55.0,50.0
naive,1,88,2,90,72.0,50.0
naive,1,88,3,91,80.0,50.0
naive,1,88,4,92,57.0,50.0
naive,1,88,5,93,54.0,50.0
global_arima,1,88,1,89,55.0,47.75407921162786
global_arima,1,88,2,90,72.0,47.665979589928746
global_arima,1,88,3,91,80.0,47.66244337849283
global_arima,1,88,4,92,57.0,47.66230130858656
global_arima,1,88,5,93,54.0,47.66229560061211
community_arima,1,88,1,89,55.0,49.78956920762762
community_arima,1,88,2,90,72.0,49.79418557192145
community_arima,1,88,3,91,80.0,49.79408409002965
community_arima,1,88,4,92,57.0,49.79408632081256
community_arima,1,88,5,93,54.0,49.794086271775264
hybrid,1,88,1,89,55.0,50.44071847761148
hybrid,1,88,2,90,72.0,52.911187376870004
hybrid,1,88,3,91,80.0,50.946962482899245
hybrid,1,88,4,92,57.0,49.727255330468104
hybrid,1,88,5,93,54.0,44.71550245998903
naive,2,88,1,89,228.0,163.99999999999994
naive,2,88,2,90,299.0,163.99999999999994
naive,2,88,3,91,357.0,163.99999999999994
naive,2,88,4,92,330.0,163.99999999999994
naive,2,88,5,93,256.0,163.99999999999994
global_arima,2,88,1,89,228.0,156.63337981413937
global_arima,2,88,2,90,299.0,156.34441305496628
global_arima,2,88,3,91,357.0,156.3328142814565
global_arima,2,88,4,92,330.0,156.33234829216389
global_arima,2,88,5,93,256.0,156.33232957000772
community_arima,2,88,1,89,228.0,148.93671548771505
community_arima,2,88,2,90,299.0,140.53143767076665
community_arima,2,88,3,91,357.0,135.69539447090202
community_arima,2,88,4,92,330.0,132.86119353087827
community_arima,2,88,5,93,256.0,131.1816635827197
hybrid,2,88,1,89,228.0,219.66509598307354
hybrid,2,88,2,90,299.0,157.1941989746867
hybrid,2,88,3,91,357.0,139.9360533614693
hybrid,2,88,4,92,330.0,99.57164549273968
hybrid,2,88,5,93,256.0,115.39803432684444
naive,3,88,1,89,42.0,41.00000000000001
naive,3,88,2,90,46.0,41.00000000000001
naive,3,88,3,91,35.0,41.00000000000001
naive,3,88,4,92,29.0,41.00000000000001
naive,3,88,5,93,29.0,41.00000000000001
global_arima,3,88,1,89,42.0,39.158344953534844
global_arima,3,88,2,90,46.0,39.08610326374157
global_arima,3,88,3,91,35.0,39.08320357036413
global_arima,3,88,4,92,29.0,39.08308707304097
global_arima,3,88,5,93,29.0,39.08308239250193
community_arima,3,88,1,89,42.0,40.83953680182243
community_arima,3,88,2,90,46.0,40.77849901605815
community_arima,3,88,3,91,35.0,40.75524314589187
community_arima,3,88,4,92,29.0,40.74637694943678
community_arima,3,88,5,93,29.0,40.7429959474127
hybrid,3,88,1,89,42.0,33.07359729188335
hybrid,3,88,2,90,46.0,43.60534562478676
hybrid,3,88,3,91,35.0,38.466928086715946
hybrid,3,88,4,92,29.0,47.079481407556884
hybrid,3,88,5,93,29.0,34.65501320191034
naive,5,88,1,89,126.0,127.99999999999997
naive,5,88,2,90,196.0,127.99999999999997
naive,5,88,3,91,163.0,127.99999999999997
naive,5,88,4,92,244.0,127.99999999999997
naive,5,88,5,93,282.0,127.99999999999997
global_arima,5,88,1,89,126.0,122.25044278176732
global_arima,5,88,2,90,196.0,122.02490775021758
global_arima,5,88,3,91,163.0,122.01585504894166
global_arima,5,88,4,92,244.0,122.01549134998157
global_arima,5,88,5,93,282.0,122.015476737567
community_arima,5,88,1,89,126.0,137.65215171528826
community_arima,5,88,2,90,196.0,141.38687096678706
community_arima,5,88,3,91,163.0,142.78781172415992
community_arima,5,88,4,92,244.0,143.30733214822396
community_arima,5,88,5,93,282.0,143.49917658080014
hybrid,5,88,1,89,126.0,137.167410599934
hybrid,5,88,2,90,196.0,134.74594783146625
hybrid,5,88,3,91,163.0,158.4719838407346
hybrid,5,88,4,92,244.0,146.49938608749426
hybrid,5,88,5,93,282.0,166.9911315074237
naive,0,89,1,90,141.0,279.9999999999999
naive,0,89,2,91,159.0,279.9999999999999
naive,0,89,3,92,150.0,279.9999999999999
naive,0,89,4,93,231.0,279.9999999999999
naive,0,89,5,94,149.0,279.9999999999999
global_arima,0,89,1,90,141.0,252.15406736382542
global_arima,0,89,2,91,159.0,251.09501143606317
global_arima,0,89,3,92,150.0,251.0525543726444
global_arima,0,89,4,93,231.0,251.05084871284936
global_arima,0,89,5,94,149.0,251.05078018430945
community_arima,0,89,1,90,141.0,221.52994155872835
community_arima,0,89,2,91,159.0,192.79841419510353
community_arima,0,89,3,92,150.0,177.55547864210698
community_arima,0,89,4,93,231.0,169.09485862288503
community_arima,0,89,5,94,149.0,164.2717271824137
hybrid,0,89,1,90,141.0,211.48711398492148
hybrid,0,89,2,91,159.0,191.6796483536593
hybrid,0,89,3,92,150.0,165.87951823092365
hybrid,0,89,4,93,231.0,181.21864919390558
hybrid,0,89,5,94,149.0,191.21131299944534
naive,1,89,1,90,72.0,55.00000000000002
naive,1,89,2,91,80.0,55.00000000000002
naive,1,89,3,92,57.0,55.00000000000002
naive,1,89,4,93,54.0,55.00000000000002
naive,1,89,5,94,36.0,55.00000000000002
global_arima,1,89,1,90,72.0,49.53026323218
global_arima,1,89,2,91,80.0,49.32223438922669
global_arima,1,89,3,92,57.0,49.3138946089123
global_arima,1,89,4,93,54.0,49.31355956859541
global_arima,1,89,5,94,36.0,49.31354610763222
community_arima,1,89,1,90,72.0,55.123923373472884
community_arima,1,89,2,91,80.0,55.1211963318605
community_arima,1,89,3,92,57.0,55.12125627653756
community_arima,1,89,4,93,54.0,55.12125495882697
community_arima,1,89,5,94,36.0,55.121254987792994
hybrid,1,89,1,90,72.0,46.42144239655835
hybrid,1,89,2,91,80.0,56.4899799467112
hybrid,1,89,3,92,57.0,53.47337831293469
hybrid,1,89,4,93,54.0,51.75366389871376
hybrid,1,89,5,94,36.0,58.430826635716144
naive,2,89,1,90,299.0,228.00000000000006
naive,2,89,2,91,357.0,228.00000000000006
naive,2,89,3,92,330.0,228.00000000000006
naive,2,89,4,93,256.0,228.00000000000006
naive,2,89,5,94,229.0,228.00000000000006
global_arima,2,89,1,90,299.0,205.32545485340071
global_arima,2,89,2,91,357.0,204.4630807407943
global_arima,2,89,3,92,330.0,204.42850856058186
global_arima,2,89,4,93,256.0,204.42711966617736
global_arima,2,89,5,94,229.0,204.42706386436626
community_arima,2,89,1,90,299.0,190.19557112408697
community_arima,2,89,2,91,357.0,170.49712927434058
community_arima,2,89,3,92,330.0,159.62010249558526
community_arima,2,89,4,93,256.0,153.40123661951029
community_arima,2,89,5,94,229.0,149.77041555449637
hybrid,2,89,1,90,299.0,230.93103477243386
hybrid,2,89,2,91,357.0,175.8112664862972
hybrid,2,89,3,92,330.0,159.33862020169332
hybrid,2,89,4,93,256.0,176.48592371642374
hybrid,2,89,5,94,229.0,169.31141749714686
naive,3,89,1,90,46.0,42.0
naive,3,89,2,91,35.0,42.0
naive,3,89,3,92,29.0,42.0
naive,3,89,4,93,29.0,42.0
naive,3,89,5,94,41.0,42.0
global_arima,3,89,1,90,46.0,37.823110104573814
global_arima,3,89,2,91,35.0,37.66425171540948
global_arima,3,89,3,92,29.0,37.65788315589666
global_arima,3,89,4,93,29.0,37.65762730692741
global_arima,3,89,5,94,41.0,37.657617027646424
community_arima,3,89,1,90,46.0,41.43460859349793
community_arima,3,89,2,91,35.0,41.22093641438188
community_arima,3,89,3,92,29.0,41.13972723408924
community_arima,3,89,4,93,29.0,41.10879585154548
community_arima,3,89,5,94,41.0,41.09700484597729
hybrid,3,89,1,90,46.0,35.94604410835374
hybrid,3,89,2,91,35.0,44.88930221040752
hybrid,3,89,3,92,29.0,36.32096728603624
hybrid,3,89,4,93,29.0,46.005425624881916
hybrid,3,89,5,94,41.0,34.63518198218215
naive,5,89,1,90,196.0,125.99999999999999
naive,5,89,2,91,163.0,125.99999999999999
naive,5,89,3,92,244.0,125.99999999999999
naive,5,89,4,93,282.0,125.99999999999999
naive,5,89,5,94,333.0,125.99999999999999
global_arima,5,89,1,90,196.0,113.46933031372144
global_arima,5,89,2,91,163.0,112.99275514622842
global_arima,5,89,3,92,244.0,112.97364946769
global_arima,5,89,4,93,282.0,112.97288192078221
global_arima,5,89,5,94,333.0,112.97285108293927
community_arima,5,89,1,90,196.0,134.07571430811996
community_arima,5,89,2,91,163.0,137.1782343509309
community_arima,5,89,3,92,244.0,138.33895925866827
community_arima,5,89,4,93,282.0,138.76897951741043
community_arima,5,89,5,94,333.0,138.92771700038384
hybrid,5,89,1,90,196.0,89.66135080817126
hybrid,5,89,2,91,163.0,217.71426940893141
hybrid,5,89,3,92,244.0,140.49082534397974
hybrid,5,89,4,93,282.0,175.75264153328723
hybrid,5,89,5,94,333.0,122.04403263786381
naive,0,90,1,91,159.0,141.00000000000003
naive,0,90,2,92,150.0,141.00000000000003
naive,0,90,3,93,231.0,141.00000000000003
naive,0,90,4,94,149.0,141.00000000000003
naive,0,90,5,95,184.0,141.00000000000003
global_arima,0,90,1,91,159.0,132.73218471565937
global_arima,0,90,2,92,150.0,132.4103183517504
global_arima,0,90,3,93,231.0,132.39740293365415
global_arima,0,90,4,94,149.0,132.39688405349375
global_arima,0,90,5,95,184.0,132.3968632063395
community_arima,0,90,1,91,159.0,137.9719915032569
community_arima,0,90,2,92,150.0,136.20823175402003
community_arima,0,90,3,93,231.0,135.1736559875218
community_arima,0,90,4,94,149.0,134.56427898422498
community_arima,0,90,5,95,184.0,134.20446612861178
hybrid,0,90,1,91,159.0,134.27757368257025
hybrid,0,90,2,92,150.0,115.3345866822285
hybrid,0,90,3,93,231.0,155.74326663564045
hybrid,0,90,4,94,149.0,150.18867147158247
hybrid,0,90,5,95,184.0,186.39600478105663
naive,1,90,1,91,80.0,71.99999999999999
naive,1,90,2,92,57.0,71.99999999999999
naive,1,90,3,93,54.0,71.99999999999999
naive,1,90,4,94,36.0,71.99999999999999
naive,1,90,5,95,51.0,71.99999999999999
global_arima,1,90,1,91,80.0,67.77813687608139
global_arima,1,90,2,92,57.0,67.61377958387253
global_arima,1,90,3,93,54.0,67.60718447675956
global_arima,1,90,4,94,36.0,67.60691951667766
global_arima,1,90,5,95,51.0,67.6069088713223
community_arima,1,90,1,91,80.0,72.4141471336499
community_arima,1,90,2,92,57.0,72.40501810215528
community_arima,1,90,3,93,54.0,72.40521876523533
community_arima,1,90,4,94,36.0,72.40521435423355
community_arima,1,90,5,95,51.0,72.40521445119663
hybrid,1,90,1,91,80.0,63.396375511682386
hybrid,1,90,2,92,57.0,64.22987703279728
hybrid,1,90,3,93,54.0,59.89278136393619
hybrid,1,90,4,94,36.0,68.4944426281948
hybrid,1,90,5,95,51.0,72.63561775281977
naive,2,90,1,91,357.0,298.99999999999994
naive,2,90,2,92,330.0,298.99999999999994
naive,2,90,3,93,256.0,298.99999999999994
naive,2,90,4,94,229.0,298.99999999999994
naive,2,90,5,95,287.0,298.99999999999994
global_arima,2,90,1,91,357.0,281.4675406381713
global_arima,2,90,2,92,330.0,280.78500132747064
global_arima,2,90,3,93,256.0,280.75761331320984
global_arima,2,90,4,94,229.0,280.7565129928697
global_arima,2,90,5,95,287.0,280.75646878507456
community_arima,2,90,1,91,357.0,235.15785642010013
community_arima,2,90,2,92,330.0,203.44541702377663
community_arima,2,90,3,93,256.0,186.429274804993
community_arima,2,90,4,94,229.0,176.8664558188644
community_arima,2,90,5,95,287.0,171.34080814243632
hybrid,2,90,1,91,357.0,311.8432783450234
hybrid,2,90,2,92,330.0,211.91418661953028
hybrid,2,90,3,93,256.0,192.21125109733646
hybrid,2,90,4,94,229.0,181.23911398995915
hybrid,2,90,5,95,287.0,179.49318812824077
naive,3,90,1,91,35.0,45.99999999999999
naive,3,90,2,92,29.0,45.99999999999999
naive,3,90,3,93,29.0,45.99999999999999
naive,3,90,4,94,41.0,45.99999999999999
naive,3,90,5,95,45.0,45.99999999999999
global_arima,3,90,1,91,35.0,43.30269855971866
global_arima,3,90,2,92,29.0,43.19769251191856
global_arima,3,90,3,93,29.0,43.19347897126305
global_arima,3,90,4,94,41.0,43.19330969121072
global_arima,3,90,5,95,45.0,43.19330289001147
community_arima,3,90,1,91,35.0,43.75112302581051
community_arima,3,90,2,92,29.0,42.922050203246265
community_arima,3,90,3,93,29.0,42.6099100209293
community_arima,3,90,4,94,41.0,42.491447409036304
community_arima,3,90,5,95,45.0,42.446351511819046
hybrid,3,90,1,91,35.0,51.40314449439288
hybrid,3,90,2,92,29.0,38.68263075717777
hybrid,3,90,3,93,29.0,42.625850917346334
hybrid,3,90,4,94,41.0,47.81115763832765
hybrid,3,90,5,95,45.0,43.569494753675905
naive,5,90,1,91,163.0,196.0
naive,5,90,2,92,244.0,196.0
naive,5,90,3,93,282.0,196.0
naive,5,90,4,94,333.0,196.0
naive,5,90,5,95,461.0,196.0
global_arima,5,90,1,91,163.0,184.5071503848882
global_arima,5,90,2,92,244.0,184.05973331165302
global_arima,5,90,3,93,282.0,184.04177996451216
global_arima,5,90,4,94,333.0,184.04105868428917
global_arima,5,90,5,95,461.0,184.04102970526628
community_arima,5,90,1,91,163.0,172.32229207600517
community_arima,5,90,2,92,244.0,164.33665021679903
community_arima,5,90,3,93,282.0,161.48868610660304
community_arima,5,90,4,94,333.0,160.4520124006194
community_arima,5,90,5,95,461.0,160.07181006746148
hybrid,5,90,1,91,163.0,180.73963340709025
hybrid,5,90,2,92,244.0,210.0966333266675
hybrid,5,90,3,93,282.0,163.03333689384473
hybrid,5,90,4,94,333.0,193.52487967146894
hybrid,5,90,5,95,461.0,185.24532548801014
naive,0,91,1,92,150.0,158.99999999999994
naive,0,91,2,93,231.0,158.99999999999994
naive,0,91,3,94,149.0,158.99999999999994
naive,0,91,4,95,184.0,158.99999999999994
naive,0,91,5,96,124.0,158.99999999999994
global_arima,0,91,1,92,150.0,151.4169604219478
global_arima,0,91,2,93,231.0,151.1199597135403
global_arima,0,91,3,94,149.0,151.10803919567346
global_arima,0,91,4,95,184.0,151.10756028123927
global_arima,0,91,5,96,124.0,151.10754103978877
community_arima,0,91,1,92,150.0,151.29235077551039
community_arima,0,91,2,93,231.0,146.90137224563804
community_arima,0,91,3,94,149.0,144.35937182171762
community_arima,0,91,4,95,184.0,142.87371467054336
community_arima,0,91,5,96,124.0,142.0005291138643
hybrid,0,91,1,92,150.0,130.2970727420138
hybrid,0,91,2,93,231.0,116.10564823026125
hybrid,0,91,3,94,149.0,154.24677408959667
hybrid,0,91,4,95,184.0,127.79021611426217
hybrid,0,91,5,96,124.0,167.2980822806853
naive,1,91,1,92,57.0,80.00000000000003
naive,1,91,2,93,54.0,80.00000000000003
naive,1,91,3,94,36.0,80.00000000000003
naive,1,91,4,95,51.0,80.00000000000003
naive,1,91,5,96,79.0,80.00000000000003
global_arima,1,91,1,92,57.0,76.18463417456493
global_arima,1,91,2,93,54.0,76.03519985586935
global_arima,1,91,3,94,36.0,76.02920211103067
global_arima,1,91,4,95,51.0,76.02896114779335
global_arima,1,91,5,96,79.0,76.02895146656039
community_arima,1,91,1,92,57.0,80.16295813516804
community_arima,1,91,2,93,54.0,80.1593724514176
community_arima,1,91,3,94,36.0,80.15945127057353
community_arima,1,91,4,95,51.0,80.15944953796213
community_arima,1,91,5,96,79.0,80.15944957604854
hybrid,1,91,1,92,57.0,76.29066403145983
hybrid,1,91,2,93,54.0,62.788889742273845
hybrid,1,91,3,94,36.0,65.87508467635634
hybrid,1,91,4,95,51.0,71.81999973908879
hybrid,1,91,5,96,79.0,82.3170200166381
naive,2,91,1,92,330.0,357.0
naive,2,91,2,93,256.0,357.0
naive,2,91,3,94,229.0,357.0
naive,2,91,4,95,287.0,357.0
naive,2,91,5,96,250.0,357.0
global_arima,2,91,1,92,330.0,339.97393000399603
global_arima,2,91,2,93,256.0,339.3070793568169
global_arima,2,91,3,94,229.0,339.2803144204744
global_arima,2,91,4,95,287.0,339.2792391220278
global_arima,2,91,5,96,250.0,339.2791959195257
community_arima,2,91,1,92,330.0,273.72385735507106
community_arima,2,91,2,93,256.0,233.20789453424146
community_arima,2,91,3,94,229.0,211.7365498528754
community_arima,2,91,4,95,287.0,199.75967013234762
community_arima,2,91,5,96,250.0,192.87008847921598
hybrid,2,91,1,92,330.0,280.60591707336937
hybrid,2,91,2,93,256.0,223.10819101052562
hybrid,2,91,3,94,229.0,218.79883296294975
hybrid,2,91,4,95,287.0,224.6783482517601
hybrid,2,91,5,96,250.0,245.9600140876607
naive,3,91,1,92,29.0,35.0
naive,3,91,2,93,29.0,35.0
naive,3,91,3,94,41.0,35.0
naive,3,91,4,95,45.0,35.0
naive,3,91,5,96,48.0,35.0
global_arima,3,91,1,92,29.0,33.33077745137216
global_arima,3,91,2,93,29.0,33.265399936942835
global_arima,3,91,3,94,41.0,33.262775923575916
global_arima,3,91,4,95,45.0,33.262670502159594
global_arima,3,91,5,96,48.0,33.262666266620165
community_arima,3,91,1,92,29.0,37.80231562977645
community_arima,3,91,2,93,29.0,38.927665731746536
community_arima,3,91,3,94,41.0,39.3654122208047
community_arima,3,91,4,95,45.0,39.533626704253955
community_arima,3,91,5,96,48.0,39.59796689549933
hybrid,3,91,1,92,29.0,31.468870268026368
hybrid,3,91,2,93,29.0,36.50929379187003
hybrid,3,91,3,94,41.0,37.27496280353623
hybrid,3,91,4,95,45.0,48.263266038644346
hybrid,3,91,5,96,48.0,35.16293917046472
naive,5,91,1,92,244.0,163.00000000000006
naive,5,91,2,93,282.0,163.00000000000006
naive,5,91,3,94,333.0,163.00000000000006
naive,5,91,4,95,461.0,163.00000000000006
naive,5,91,5,96,522.0,163.00000000000006
global_arima,5,91,1,92,244.0,155.22619213067605
global_arima,5,91,2,93,282.0,154.92171970633376
global_arima,5,91,3,94,333.0,154.90949930122497
global_arima,5,91,4,95,461.0,154.90900833862895
global_arima,5,91,5,96,522.0,154.90898861311678
community_arima,5,91,1,92,244.0,158.93770565023476
community_arima,5,91,2,93,282.0,157.4668030942627
community_arima,5,91,3,94,333.0,156.92839401461754
community_arima,5,91,4,95,461.0,156.7305257931409
community_arima,5,91,5,96,522.0,156.65770110394487
hybrid,5,91,1,92,244.0,122.20254314828584
hybrid,5,91,2,93,282.0,226.21633568478177
hybrid,5,91,3,94,333.0,139.617252963759
hybrid,5,91,4,95,461.0,185.5963954760092
hybrid,5,91,5,96,522.0,232.06501914889765
naive,0,92,1,93,231.0,150.0
naive,0,92,2,94,149.0,150.0
naive,0,92,3,95,184.0,150.0
naive,0,92,4,96,124.0,150.0
naive,0,92,5,97,67.0,150.0
global_arima,0,92,1,93,231.0,145.4987011249623
global_arima,0,92,2,94,149.0,145.32069766351736
global_arima,0,92,3,95,184.0,145.31355051397568
global_arima,0,92,4,96,124.0,145.31326336823946
global_arima,0,92,5,97,67.0,145.3132518315149
community_arima,0,92,1,93,231.0,145.97126447217966
community_arima,0,92,2,94,149.0,143.63484911040908
community_arima,0,92,3,95,184.0,142.26791627414138
community_arima,0,92,4,96,124.0,141.4640124189792
community_arima,0,92,5,97,67.0,140.9897707855432
hybrid,0,92,1,93,231.0,210.52252119873015
hybrid,0,92,2,94,149.0,174.6389029909173
hybrid,0,92,3,95,184.0,129.23569943198586
hybrid,0,92,4,96,124.0,93.89291089479954
hybrid,0,92,5,97,67.0,102.70519003579922
naive,1,92,1,93,54.0,56.999999999999986
naive,1,92,2,94,36.0,56.999999999999986
naive,1,92,3,95,51.0,56.999999999999986
naive,1,92,4,96,79.0,56.999999999999986
naive,1,92,5,97,104.0,56.999999999999986
global_arima,1,92,1,93,54.0,55.28950642748567
global_arima,1,92,2,94,36.0,55.22186511213659
global_arima,1,92,3,95,51.0,55.21914919531076
global_arima,1,92,4,96,79.0,55.21904007993099
global_arima,1,92,5,97,104.0,55.219035695975656
community_arima,1,92,1,93,54.0,56.576015776641185
community_arima,1,92,2,94,36.0,56.585302440617966
community_arima,1,92,3,95,51.0,56.585098284141196
community_arima,1,92,4,96,79.0,56.58510277192153
community_arima,1,92,5,97,104.0,56.585102673270704
hybrid,1,92,1,93,54.0,59.85115214171261
hybrid,1,92,2,94,36.0,50.97880633359645
hybrid,1,92,3,95,51.0,60.23743428935131
hybrid,1,92,4,96,79.0,60.94628213600983
hybrid,1,92,5,97,104.0,64.28940033670595
naive,2,92,1,93,256.0,330.0
naive,2,92,2,94,229.0,330.0
naive,2,92,3,95,287.0,330.0
naive,2,92,4,96,250.0,330.0
naive,2,92,5,97,187.0,330.0
global_arima,2,92,1,93,256.0,320.09714247491706
global_arima,2,92,2,94,229.0,319.7055348597381
global_arima,2,92,3,95,287.0,319.68981113074653
global_arima,2,92,4,96,250.0,319.68917941012677
global_arima,2,92,5,97,187.0,319.6891540293327
community_arima,2,92,1,93,256.0,266.34926350767205
community_arima,2,92,2,94,229.0,234.06355823903857
community_arima,2,92,3,95,287.0,216.52134492674173
community_arima,2,92,4,96,250.0,206.588412511065
community_arima,2,92,5,97,187.0,200.82287151580422
hybrid,2,92,1,93,256.0,267.44888048160203
hybrid,2,92,2,94,229.0,228.38430361115869
hybrid,2,92,3,95,287.0,216.70311456811143
hybrid,2,92,4,96,250.0,244.2627469739328
hybrid,2,92,5,97,187.0,254.6577017649173
naive,3,92,1,93,29.0,29.000000000000004
naive,3,92,2,94,41.0,29.000000000000004
naive,3,92,3,95,45.0,29.000000000000004
naive,3,92,4,96,48.0,29.000000000000004
naive,3,92,5,97,36.0,29.000000000000004
global_arima,3,92,1,93,29.0,28.12974888415938
global_arima,3,92,2,94,41.0,28.09533488161335
global_arima,3,92,3,95,45.0,28.093953099368633
global_arima,3,92,4,96,48.0,28.093897584526296
global_arima,3,92,5,97,36.0,28.093895354092872
community_arima,3,92,1,93,29.0,33.48517946305027
community_arima,3,92,2,94,41.0,35.36729525055107
community_arima,3,92,3,95,45.0,36.11188095177966
community_arima,3,92,4,96,48.0,36.39985914609618
community_arima,3,92,5,97,36.0,36.51027949860892
hybrid,3,92,1,93,29.0,28.486583218766754
hybrid,3,92,2,94,41.0,39.93545708614314
hybrid,3,92,3,95,45.0,42.02248728129698
hybrid,3,92,4,96,48.0,39.446184645999196
hybrid,3,92,5,97,36.0,31.2068661651938
naive,5,92,1,93,282.0,244.0000000000001
naive,5,92,2,94,333.0,244.0000000000001
naive,5,92,3,95,461.0,244.0000000000001
naive,5,92,4,96,522.0,244.0000000000001
naive,5,92,5,97,626.0,244.0000000000001
global_arima,5,92,1,93,282.0,236.677887163272
global_arima,5,92,2,94,333.0,236.3883348659882
global_arima,5,92,3,95,461.0,236.37670883606714
global_arima,5,92,4,96,522.0,236.3762417456695
global_arima,5,92,5,97,626.0,236.37622297926418
community_arima,5,92,1,93,282.0,203.7196059190619
community_arima,5,92,2,94,333.0,190.61289473336268
community_arima,5,92,3,95,461.0,185.99928716819167
community_arima,5,92,4,96,522.0,184.3279480359734
community_arima,5,92,5,97,626.0,183.7160616300965
hybrid,5,92,1,93,282.0,251.63152465320698
hybrid,5,92,2,94,333.0,268.52294580554747
hybrid,5,92,3,95,461.0,239.80461495131408
hybrid,5,92,4,96,522.0,298.0504300954573
hybrid,5,92,5,97,626.0,221.54814729200504
naive,0,93,1,94,149.0,230.99999999999997
naive,0,93,2,95,184.0,230.99999999999997
naive,0,93,3,96,124.0,230.99999999999997
naive,0,93,4,97,67.0,230.99999999999997
naive,0,93,5,98,88.0,230.99999999999997
global_arima,0,93,1,94,149.0,223.10319230466996
global_arima,0,93,2,95,184.0,222.7916169013963
global_arima,0,93,3,96,124.0,222.77910773269187
global_arima,0,93,4,97,67.0,222.77860516290053
global_arima,0,93,5,98,88.0,222.7785849710338
community_arima,0,93,1,94,149.0,201.78307482981492
community_arima,0,93,2,95,184.0,186.23717871758015
community_arima,0,93,3,96,124.0,177.5934745867779
community_arima,0,93,4,97,67.0,172.66093511727175
community_arima,0,93,5,98,88.0,169.8025703628589
hybrid,0,93,1,94,149.0,203.5080352783857
hybrid,0,93,2,95,184.0,185.3764146034433
hybrid,0,93,3,96,124.0,165.72790382851332
hybrid,0,93,4,97,67.0,147.96885586239276
hybrid,0,93,5,98,88.0,173.0334532038383
naive,1,93,1,94,36.0,54.000000000000014
naive,1,93,2,95,51.0,54.000000000000014
naive,1,93,3,96,79.0,54.000000000000014
naive,1,93,4,97,104.0,54.000000000000014
naive,1,93,5,98,154.0,54.000000000000014
global_arima,1,93,1,94,36.0,52.153993006286484
global_arima,1,93,2,95,51.0,52.081157197729006
global_arima,1,93,3,96,79.0,52.07823297647342
global_arima,1,93,4,97,104.0,52.0781154926261
global_arima,1,93,5,98,154.0,52.07811077244946
community_arima,1,93,1,94,36.0,53.95425056752148
community_arima,1,93,2,95,51.0,53.95525582693822
community_arima,1,93,3,96,79.0,53.95523372902754
community_arima,1,93,4,97,104.0,53.95523421478592
community_arima,1,93,5,98,154.0,53.95523420410794
hybrid,1,93,1,94,36.0,47.46741169893985
hybrid,1,93,2,95,51.0,56.6783832821043
hybrid,1,93,3,96,79.0,53.185252779091655
hybrid,1,93,4,97,104.0,53.83637163641987
hybrid,1,93,5,98,154.0,49.44560508402241
naive,2,93,1,94,229.0,256.00000000000006
naive,2,93,2,95,287.0,256.00000000000006
naive,2,93,3,96,250.0,256.00000000000006
naive,2,93,4,97,187.0,256.00000000000006
naive,2,93,5,98,178.0,256.00000000000006
global_arima,2,93,1,94,229.0,247.24855943720996
global_arima,2,93,2,95,287.0,246.90326375219678
global_arima,2,93,3,96,250.0,246.8894007773555
global_arima,2,93,4,97,187.0,246.88884381689408
global_arima,2,93,5,98,178.0,246.88882143976042
community_arima,2,93,1,94,229.0,227.5642730295526
community_arima,2,93,2,95,287.0,211.9704523862842
community_arima,2,93,3,96,250.0,203.0915988281454
community_arima,2,93,4,97,187.0,197.9206556238134
community_arima,2,93,5,98,178.0,194.86795080697266
hybrid,2,93,1,94,229.0,211.88796173352972
hybrid,2,93,2,95,287.0,198.75046247733545
hybrid,2,93,3,96,250.0,215.13810867750257
hybrid,2,93,4,97,187.0,250.54549842093587
hybrid,2,93,5,98,178.0,234.00765468415784
naive,3,93,1,94,41.0,29.000000000000004
naive,3,93,2,95,45.0,29.000000000000004
naive,3,93,3,96,48.0,29.000000000000004
naive,3,93,4,97,36.0,29.000000000000004
naive,3,93,5,98,38.0,29.000000000000004
global_arima,3,93,1,94,41.0,28.00862587374644
global_arima,3,93,2,95,45.0,27.96951034692854
global_arima,3,93,3,96,48.0,27.9679399318098
global_arima,3,93,4,97,36.0,27.96787683863253
global_arima,3,93,5,98,38.0,27.967874303722862
community_arima,3,93,1,94,41.0,32.59276572673274
community_arima,3,93,2,95,45.0,34.07369037359468
community_arima,3,93,3,96,48.0,34.655547879476984
community_arima,3,93,4,97,36.0,34.87999793111396
community_arima,3,93,5,98,38.0,34.96597313877454
hybrid,3,93,1,94,41.0,41.269801131541755
hybrid,3,93,2,95,45.0,32.79954013509842
hybrid,3,93,3,96,48.0,49.50662765454966
hybrid,3,93,4,97,36.0,35.57152252876865
hybrid,3,93,5,98,38.0,23.568580012423677
naive,5,93,1,94,333.0,282.0
naive,5,93,2,95,461.0,282.0
naive,5,93,3,96,522.0,282.0
naive,5,93,4,97,626.0,282.0
naive,5,93,5,98,775.0,282.0
global_arima,5,93,1,94,333.0,272.3597412550516
global_arima,5,93,2,95,461.0,271.97937647702923
global_arima,5,93,3,96,522.0,271.96410554380566
global_arima,5,93,4,97,626.0,271.9634920170474
global_arima,5,93,5,98,775.0,271.9634673672361
community_arima,5,93,1,94,333.0,231.73987049369873
community_arima,5,93,2,95,461.0,215.56639567191922
community_arima,5,93,3,96,522.0,209.89622224455675
community_arima,5,93,4,97,626.0,207.84516801195772
community_arima,5,93,5,98,775.0,207.09467463853605
hybrid,5,93,1,94,333.0,389.49011521396653
hybrid,5,93,2,95,461.0,255.7964055401845
hybrid,5,93,3,96,522.0,218.50743329631493
hybrid,5,93,4,97,626.0,224.82423412580457
hybrid,5,93,5,98,775.0,223.5236071181255
naive,0,94,1,95,184.0,148.99999999999997
naive,0,94,2,96,124.0,148.99999999999997
naive,0,94,3,97,67.0,148.99999999999997
naive,0,94,4,98,88.0,148.99999999999997
naive,0,94,5,99,116.0,148.99999999999997
global_arima,0,94,1,95,184.0,151.48503246130133
global_arima,0,94,2,96,124.0,151.58573468743182
global_arima,0,94,3,97,67.0,151.58978202637755
global_arima,0,94,4,98,88.0,151.58994463972755
global_arima,0,94,5,99,116.0,151.5899511730943
community_arima,0,94,1,95,184.0,148.78329123475075
community_arima,0,94,2,96,124.0,148.65502322553758
community_arima,0,94,3,97,67.0,148.57906689909538
community_arima,0,94,4,98,88.0,148.53407542047475
community_arima,0,94,5,99,116.0,148.50742106951301
hybrid,0,94,1,95,184.0,148.33207224041595
hybrid,0,94,2,96,124.0,149.18002089981073
hybrid,0,94,3,97,67.0,151.42128382633814
hybrid,0,94,4,98,88.0,118.70804742550672
hybrid,0,94,5,99,116.0,178.63112763060454
naive,1,94,1,95,51.0,35.99999999999999
naive,1,94,2,96,79.0,35.99999999999999
naive,1,94,3,97,104.0,35.99999999999999
naive,1,94,4,98,154.0,35.99999999999999
naive,1,94,5,99,211.0,35.99999999999999
global_arima,1,94,1,95,51.0,36.60041052756274
global_arima,1,94,2,96,79.0,36.62474126676205
global_arima,1,94,3,97,104.0,36.625719147312694
global_arima,1,94,4,98,154.0,36.62575843644424
global_arima,1,94,5,99,211.0,36.6257600149758
community_arima,1,94,1,95,51.0,35.6843650188654
community_arima,1,94,2,96,79.0,35.69127431037746
community_arima,1,94,3,97,104.0,35.69112241565284
community_arima,1,94,4,98,154.0,35.69112575461111
community_arima,1,94,5,99,211.0,35.69112568121379
hybrid,1,94,1,95,51.0,40.25509311202582
hybrid,1,94,2,96,79.0,43.00943429319144
hybrid,1,94,3,97,104.0,28.63462007793284
hybrid,1,94,4,98,154.0,46.06676015724761
hybrid,1,94,5,99,211.0,26.88608306029807
naive,2,94,1,95,287.0,229.00000000000006
naive,2,94,2,96,250.0,229.00000000000006
naive,2,94,3,97,187.0,229.00000000000006
naive,2,94,4,98,178.0,229.00000000000006
naive,2,94,5,99,153.0,229.00000000000006
global_arima,2,94,1,95,287.0,232.8192780781074
global_arima,2,94,2,96,250.0,232.97404861356975
global_arima,2,94,3,97,187.0,232.98026902040576
global_arima,2,94,4,98,178.0,232.98051894293695
global_arima,2,94,5,99,153.0,232.98052898415165
community_arima,2,94,1,95,287.0,212.9196744353806
community_arima,2,94,2,96,250.0,203.77718065480263
community_arima,2,94,3,97,187.0,198.45737360849452
community_arima,2,94,4,98,178.0,195.31844687352714
community_arima,2,94,5,99,153.0,193.45072792102516
hybrid,2,94,1,95,287.0,179.9207776088593
hybrid,2,94,2,96,250.0,225.3549530392566
hybrid,2,94,3,97,187.0,206.1920939471835
hybrid,2,94,4,98,178.0,232.19562900436287
hybrid,2,94,5,99,153.0,197.13899321597535
naive,3,94,1,95,45.0,41.00000000000001
naive,3,94,2,96,48.0,41.00000000000001
naive,3,94,3,97,36.0,41.00000000000001
naive,3,94,4,98,38.0,41.00000000000001
naive,3,94,5,99,42.0,41.00000000000001
global_arima,3,94,1,95,45.0,41.68380087861312
global_arima,3,94,2,96,48.0,41.711510887145664
global_arima,3,94,3,97,36.0,41.71262458443946
global_arima,3,94,4,98,38.0,41.712669330394824
global_arima,3,94,5,99,42.0,41.71267112816689
community_arima,3,94,1,95,45.0,38.83194688169014
community_arima,3,94,2,96,48.0,38.03487040934633
community_arima,3,94,3,97,36.0,37.73509087803093
community_arima,3,94,4,98,38.0,37.62136474393981
community_arima,3,94,5,99,42.0,37.57807849713674
hybrid,3,94,1,95,45.0,46.218042440632686
hybrid,3,94,2,96,48.0,36.14564124901293
hybrid,3,94,3,97,36.0,40.44619447062699
hybrid,3,94,4,98,38.0,46.049899532838324
hybrid,3,94,5,99,42.0,28.48691283704522
naive,5,94,1,95,461.0,333.0000000000001
naive,5,94,2,96,522.0,333.0000000000001
naive,5,94,3,97,626.0,333.0000000000001
naive,5,94,4,98,775.0,333.0000000000001
naive,5,94,5,99,364.0,333.0000000000001
global_arima,5,94,1,95,461.0,338.55379737995537
global_arima,5,94,2,96,522.0,338.778856717549
global_arima,5,94,3,97,626.0,338.7879021126424
global_arima,5,94,4,98,775.0,338.7882655371092
global_arima,5,94,5,99,364.0,338.7882801385262
community_arima,5,94,1,95,461.0,268.0260930163243
community_arima,5,94,2,96,522.0,247.41968717344113
community_arima,5,94,3,97,626.0,240.23348131743293
community_arima,5,94,4,98,775.0,237.6390685467526
community_arima,5,94,5,99,364.0,236.69043291678807
hybrid,5,94,1,95,461.0,363.87149509271296
hybrid,5,94,2,96,522.0,281.589045086715
hybrid,5,94,3,97,626.0,274.66656637425046
hybrid,5,94,4,98,775.0,307.07821265664865
hybrid,5,94,5,99,364.0,271.4357252562353
naive,0,95,1,96,124.0,183.99999999999991
naive,0,95,2,97,67.0,183.99999999999991
naive,0,95,3,98,88.0,183.99999999999991
naive,0,95,4,99,116.0,183.99999999999991
naive,0,95,5,100,89.0,183.99999999999991
global_arima,0,95,1,96,124.0,166.05689502424505
global_arima,0,95,2,97,67.0,165.3737128983517
global_arima,0,95,3,98,88.0,165.34632324057085
global_arima,0,95,4,99,116.0,165.3452228931467
global_arima,0,95,5,100,89.0,165.34517868432633
community_arima,0,95,1,96,124.0,173.97598622032135
community_arima,0,95,2,97,67.0,168.29423362102412
community_arima,0,95,3,98,88.0,165.01482437786964
community_arima,0,95,4,99,116.0,163.10158938303428
community_arima,0,95,5,100,89.0,161.97827829083937
hybrid,0,95,1,96,124.0,177.60283110216298
hybrid,0,95,2,97,67.0,135.14879944405078
hybrid,0,95,3,98,88.0,163.0332570063484
hybrid,0,95,4,99,116.0,140.2726826208182
hybrid,0,95,5,100,89.0,171.6991364761216
naive,1,95,1,96,79.0,51.00000000000001
naive,1,95,2,97,104.0,51.00000000000001
naive,1,95,3,98,154.0,51.00000000000001
naive,1,95,4,99,211.0,51.00000000000001
naive,1,95,5,100,179.0,51.00000000000001
global_arima,1,95,1,96,79.0,46.0266393817201
global_arima,1,95,2,97,104.0,45.83727911856487
global_arima,1,95,3,98,154.0,45.82968741994084
global_arima,1,95,4,99,211.0,45.82938243233958
global_arima,1,95,5,100,179.0,45.82937017880784
community_arima,1,95,1,96,79.0,51.40511846160036
community_arima,1,95,2,97,104.0,51.396179269654894
community_arima,1,95,3,98,154.0,51.39637575547414
community_arima,1,95,4,99,211.0,51.3963714362953
community_arima,1,95,5,100,179.0,51.396371531239915
hybrid,1,95,1,96,79.0,51.44252391644682
hybrid,1,95,2,97,104.0,52.92991541620889
hybrid,1,95,3,98,154.0,50.571856337941
hybrid,1,95,4,99,211.0,28.91444159978167
hybrid,1,95,5,100,179.0,41.840138939881335
naive,2,95,1,96,250.0,287.00000000000006
naive,2,95,2,97,187.0,287.00000000000006
naive,2,95,3,98,178.0,287.00000000000006
naive,2,95,4,99,153.0,287.00000000000006
naive,2,95,5,100,100.0,287.00000000000006
global_arima,2,95,1,96,250.0,259.012656912817
global_arima,2,95,2,97,187.0,257.9470413142769
global_arima,2,95,3,98,178.0,257.90431940241217
global_arima,2,95,4,99,153.0,257.90260309963645
global_arima,2,95,5,100,100.0,257.9025341434873
community_arima,2,95,1,96,250.0,251.928495335072
community_arima,2,95,2,97,187.0,232.8903963898204
community_arima,2,95,3,98,178.0,222.1164832209362
community_arima,2,95,4,99,153.0,215.86490322898607
community_arima,2,95,5,100,100.0,212.18239409595796
hybrid,2,95,1,96,250.0,261.3203498631702
hybrid,2,95,2,97,187.0,270.00631058911137
hybrid,2,95,3,98,178.0,215.71095928218935
hybrid,2,95,4,99,153.0,184.56402628739536
hybrid,2,95,5,100,100.0,200.12501437685026
naive,3,95,1,96,48.0,45.0
naive,3,95,2,97,36.0,45.0
naive,3,95,3,98,38.0,45.0
naive,3,95,4,99,42.0,45.0
naive,3,95,5,100,84.0,45.0
global_arima,3,95,1,96,48.0,40.611740630929496
global_arima,3,95,2,97,36.0,40.44465804579253
global_arima,3,95,3,98,38.0,40.43795948818309
global_arima,3,95,4,99,42.0,40.4376903814761
global_arima,3,95,5,100,84.0,40.43767956953633
community_arima,3,95,1,96,48.0,41.37070567191575
community_arima,3,95,2,97,36.0,40.063219461010085
community_arima,3,95,3,98,38.0,39.57525132041175
community_arima,3,95,4,99,42.0,39.39067537588955
community_arima,3,95,5,100,84.0,39.32050094319241
hybrid,3,95,1,96,48.0,37.68950585274561
hybrid,3,95,2,97,36.0,35.13958775866324
hybrid,3,95,3,98,38.0,36.651943522558014
hybrid,3,95,4,99,42.0,54.965899468784215
hybrid,3,95,5,100,84.0,33.50157084014587
naive,5,95,1,96,522.0,460.9999999999999
naive,5,95,2,97,626.0,460.9999999999999
naive,5,95,3,98,775.0,460.9999999999999
naive,5,95,4,99,364.0,460.9999999999999
naive,5,95,5,100,374.0,460.9999999999999
global_arima,5,95,1,96,522.0,416.0447206857444
global_arima,5,95,2,97,626.0,414.33305242467463
global_arima,5,95,3,98,775.0,414.2644294233868
global_arima,5,95,4,99,364.0,414.26167257467733
global_arima,5,95,5,100,374.0,414.2615618123611
community_arima,5,95,1,96,522.0,342.7250746677617
community_arima,5,95,2,97,626.0,307.2493501886427
community_arima,5,95,3,98,775.0,295.12515627319164
community_arima,5,95,4,99,364.0,290.78025726255305
community_arima,5,95,5,100,374.0,289.19587721011766
hybrid,5,95,1,96,522.0,426.2676959123508
hybrid,5,95,2,97,626.0,310.88133289698146
hybrid,5,95,3,98,775.0,315.6661737567692
hybrid,5,95,4,99,364.0,308.41300592081757
hybrid,5,95,5,100,374.0,346.20840411215516
naive,0,96,1,97,67.0,124.00000000000004
naive,0,96,2,98,88.0,124.00000000000004
naive,0,96,3,99,116.0,124.00000000000004
naive,0,96,4,100,89.0,124.00000000000004
naive,0,96,5,101,101.0,124.00000000000004
global_arima,0,96,1,97,67.0,118.59079992014523
global_arima,0,96,2,98,88.0,118.37846894154302
global_arima,0,96,3,99,116.0,118.36994599939754
global_arima,0,96,4,100,89.0,118.36960358352188
global_arima,0,96,5,101,101.0,118.36958982620196
community_arima,0,96,1,97,67.0,130.98207256225083
community_arima,0,96,2,98,88.0,135.30211330142384
community_arima,0,96,3,99,116.0,137.92848214336198
community_arima,0,96,4,100,89.0,139.5086146343492
community_arima,0,96,5,101,101.0,140.45342570237452
hybrid,0,96,1,97,67.0,130.24368199319616
hybrid,0,96,2,98,88.0,155.36522415951634
hybrid,0,96,3,99,116.0,145.4167200963299
hybrid,0,96,4,100,89.0,96.01428640604192
hybrid,0,96,5,101,101.0,135.7491966599154
naive,1,96,1,97,104.0,78.99999999999997
naive,1,96,2,98,154.0,78.99999999999997
naive,1,96,3,99,211.0,78.99999999999997
naive,1,96,4,100,179.0,78.99999999999997
naive,1,96,5,101,194.0,78.99999999999997
global_arima,1,96,1,97,104.0,75.55381607815704
global_arima,1,96,2,98,154.0,75.41854069662821
global_arima,1,96,3,99,211.0,75.4131107576807
global_arima,1,96,4,100,179.0,75.41289260563087
global_arima,1,96,5,101,194.0,75.41288384088672
community_arima,1,96,1,97,104.0,79.72409720959334
community_arima,1,96,2,98,154.0,79.7081097971397
community_arima,1,96,3,99,211.0,79.70846120000077
community_arima,1,96,4,100,179.0,79.70845347541146
community_arima,1,96,5,101,194.0,79.70845364521414
hybrid,1,96,1,97,104.0,76.52582646847361
hybrid,1,96,2,98,154.0,86.52800572610575
hybrid,1,96,3,99,211.0,85.8788111553237
hybrid,1,96,4,100,179.0,66.12787591520224
hybrid,1,96,5,101,194.0,87.2891518081836
naive,2,96,1,97,187.0,249.9999999999999
naive,2,96,2,98,178.0,249.9999999999999
naive,2,96,3,99,153.0,249.9999999999999
naive,2,96,4,100,100.0,249.9999999999999
naive,2,96,5,101,126.0,249.9999999999999
global_arima,2,96,1,97,187.0,239.09435467771218
global_arima,2,96,2,98,178.0,238.66626802730445
global_arima,2,96,3,99,153.0,238.64908467620472
global_arima,2,96,4,100,100.0,238.64839432161668
global_arima,2,96,5,101,126.0,238.64836658508457
community_arima,2,96,1,97,187.0,231.62247095401625
community_arima,2,96,2,98,178.0,221.20378680862217
community_arima,2,96,3,99,153.0,215.15183013025356
community_arima,2,96,4,100,100.0,211.5846034557752
community_arima,2,96,5,101,126.0,209.4633634059968
hybrid,2,96,1,97,187.0,207.76750013883628
hybrid,2,96,2,98,178.0,253.40025063416584
hybrid,2,96,3,99,153.0,201.00168397798612
hybrid,2,96,4,100,100.0,213.28221818809246
hybrid,2,96,5,101,126.0,252.67303061959674
naive,3,96,1,97,36.0,47.99999999999999
naive,3,96,2,98,38.0,47.99999999999999
naive,3,96,3,99,42.0,47.99999999999999
naive,3,96,4,100,84.0,47.99999999999999
naive,3,96,5,101,108.0,47.99999999999999
global_arima,3,96,1,97,36.0,45.906116098120734
global_arima,3,96,2,98,38.0,45.82392346124246
global_arima,3,96,3,99,42.0,45.82062425783131
global_arima,3,96,4,100,84.0,45.82049170975041
global_arima,3,96,5,101,108.0,45.82048638433624
community_arima,3,96,1,97,36.0,43.60771925856016
community_arima,3,96,2,98,38.0,42.03824307907943
community_arima,3,96,3,99,42.0,41.45431069649973
community_arima,3,96,4,100,84.0,41.233696357627466
community_arima,3,96,5,101,108.0,41.14985809694278
hybrid,3,96,1,97,36.0,41.40690039630882
hybrid,3,96,2,98,38.0,38.10652603628732
hybrid,3,96,3,99,42.0,37.080205026135744
hybrid,3,96,4,100,84.0,47.99291205050445
hybrid,3,96,5,101,108.0,44.70301386274097
naive,5,96,1,97,626.0,522.0000000000001
naive,5,96,2,98,775.0,522.0000000000001
naive,5,96,3,99,364.0,522.0000000000001
naive,5,96,4,100,374.0,522.0000000000001
naive,5,96,5,101,275.0,522.0000000000001
global_arima,5,96,1,97,626.0,499.229012567063
global_arima,5,96,2,98,775.0,498.3351676410117
global_arima,5,96,3,99,364.0,498.29928880391554
global_arima,5,96,4,100,374.0,498.2978473435357
global_arima,5,96,5,101,275.0,498.29778942965663
community_arima,5,96,1,97,626.0,395.6130572267196
community_arima,5,96,2,98,775.0,357.19038621865235
community_arima,5,96,3,99,364.0,343.9949672981697
community_arima,5,96,4,100,374.0,339.2577497759554
community_arima,5,96,5,101,275.0,337.5291791040262
hybrid,5,96,1,97,626.0,518.4709385929787
hybrid,5,96,2,98,775.0,349.44126638314935
hybrid,5,96,3,99,364.0,353.2448791168491
hybrid,5,96,4,100,374.0,379.78422495939003
hybrid,5,96,5,101,275.0,456.66591618309377
naive,0,97,1,98,88.0,67.00000000000001
naive,0,97,2,99,116.0,67.00000000000001
naive,0,97,3,100,89.0,67.00000000000001
naive,0,97,4,101,101.0,67.00000000000001
naive,0,97,5,102,131.0,67.00000000000001
global_arima,0,97,1,98,88.0,65.73569339761151
global_arima,0,97,2,99,116.0,65.6853980593778
global_arima,0,97,3,100,89.0,65.68337813268117
global_arima,0,97,4,101,101.0,65.683296978805
global_arima,0,97,5,102,131.0,65.68329371826462
community_arima,0,97,1,98,88.0,82.42688035165321
community_arima,0,97,2,99,116.0,93.1726443265611
community_arima,0,97,3,100,89.0,100.18245773804313
community_arima,0,97,4,101,101.0,104.58006457456001
community_arima,0,97,5,102,131.0,107.27562936571222
hybrid,0,97,1,98,88.0,96.09895007364729
hybrid,0,97,2,99,116.0,81.46915425682347
hybrid,0,97,3,100,89.0,136.00850878671207
hybrid,0,97,4,101,101.0,91.74076589335213
hybrid,0,97,5,102,131.0,117.50998179732764
naive,1,97,1,98,154.0,103.99999999999997
naive,1,97,2,99,211.0,103.99999999999997
naive,1,97,3,100,179.0,103.99999999999997
naive,1,97,4,101,194.0,103.99999999999997
naive,1,97,5,102,163.0,103.99999999999997
global_arima,1,97,1,98,154.0,102.03749422912831
global_arima,1,97,2,99,211.0,101.95942385336255
global_arima,1,97,3,100,179.0,101.95628844475883
global_arima,1,97,4,101,194.0,101.95616247456297
global_arima,1,97,5,102,163.0,101.95615741342566
community_arima,1,97,1,98,154.0,104.579967378527
community_arima,1,97,2,99,211.0,104.56718410693065
community_arima,1,97,3,100,179.0,104.56746509344708
community_arima,1,97,4,101,194.0,104.56745891676535
community_arima,1,97,5,102,163.0,104.56745905254176
hybrid,1,97,1,98,154.0,108.61665056594528
hybrid,1,97,2,99,211.0,105.50768418965728
hybrid,1,97,3,100,179.0,114.22381657087956
hybrid,1,97,4,101,194.0,82.92832873051672
hybrid,1,97,5,102,163.0,117.01811681355254
naive,2,97,1,98,178.0,187.0
naive,2,97,2,99,153.0,187.0
naive,2,97,3,100,100.0,187.0
naive,2,97,4,101,126.0,187.0
naive,2,97,5,102,134.0,187.0
global_arima,2,97,1,98,178.0,183.47126366199035
global_arima,2,97,2,99,153.0,183.33088712095
global_arima,2,97,3,100,100.0,183.3252494150952
global_arima,2,97,4,101,126.0,183.32502291099306
global_arima,2,97,5,102,134.0,183.32501381067885
community_arima,2,97,1,98,178.0,190.01283308029758
community_arima,2,97,2,99,153.0,191.8517347891675
community_arima,2,97,3,100,100.0,192.9684572443236
community_arima,2,97,4,101,126.0,193.6445522444292
community_arima,2,97,5,102,134.0,194.05312743854034
hybrid,2,97,1,98,178.0,177.70068005446188
hybrid,2,97,2,99,153.0,221.43297431414314
hybrid,2,97,3,100,100.0,221.18123450825516
hybrid,2,97,4,101,126.0,235.29264614642733
hybrid,2,97,5,102,134.0,191.51947446576906
naive,3,97,1,98,38.0,35.99999999999999
naive,3,97,2,99,42.0,35.99999999999999
naive,3,97,3,100,84.0,35.99999999999999
naive,3,97,4,101,108.0,35.99999999999999
naive,3,97,5,102,119.0,35.99999999999999
global_arima,3,97,1,98,38.0,35.32067107931365
global_arima,3,97,2,99,42.0,35.293646718471656
global_arima,3,97,3,100,84.0,35.29256138472421
global_arima,3,97,4,101,108.0,35.29251777965642
global_arima,3,97,5,102,119.0,35.29251602772427
community_arima,3,97,1,98,38.0,37.69019494883173
community_arima,3,97,2,99,42.0,38.35497300610902
community_arima,3,97,3,100,84.0,38.61151249421499
community_arima,3,97,4,101,108.0,38.70979457980568
community_arima,3,97,5,102,119.0,38.747342802795956
hybrid,3,97,1,98,38.0,40.09280357872527
hybrid,3,97,2,99,42.0,28.378540939249177
hybrid,3,97,3,100,84.0,39.4586895408438
hybrid,3,97,4,101,108.0,47.33869598248276
hybrid,3,97,5,102,119.0,36.24808532936765
naive,5,97,1,98,775.0,626.0000000000001
naive,5,97,2,99,364.0,626.0000000000001
naive,5,97,3,100,374.0,626.0000000000001
naive,5,97,4,101,275.0,626.0000000000001
naive,5,97,5,102,305.0,626.0000000000001
global_arima,5,97,1,98,775.0,614.1872248791761
global_arima,5,97,2,99,364.0,613.7173012712017
global_arima,5,97,3,100,374.0,613.6984285232598
global_arima,5,97,4,101,275.0,613.6976702795811
global_arima,5,97,5,102,305.0,613.6976398154276
community_arima,5,97,1,98,775.0,470.57747198454314
community_arima,5,97,2,99,364.0,423.60128142538366
community_arima,5,97,3,100,374.0,407.5021888093913
community_arima,5,97,4,101,275.0,401.7269776021622
community_arima,5,97,5,102,305.0,399.62024661687974
hybrid,5,97,1,98,775.0,551.0004059908579
hybrid,5,97,2,99,364.0,413.5558198406717
hybrid,5,97,3,100,374.0,422.1177503680781
hybrid,5,97,4,101,275.0,504.7252559180616
hybrid,5,97,5,102,305.0,543.6365394218531
naive,0,98,1,99,116.0,87.99999999999999
naive,0,98,2,100,89.0,87.99999999999999
naive,0,98,3,101,101.0,87.99999999999999
naive,0,98,4,102,131.0,87.99999999999999
naive,0,98,5,103,76.0,87.99999999999999
global_arima,0,98,1,99,116.0,80.65086176211545
global_arima,0,98,2,100,89.0,80.36876449638534
global_arima,0,98,3,101,101.0,80.35745121667888
global_arima,0,98,4,102,131.0,80.35699671305245
global_arima,0,98,5,103,76.0,80.35697845238391
community_arima,0,98,1,99,116.0,97.79022172283129
community_arima,0,98,2,100,89.0,104.09249739016234
community_arima,0,98,3,101,101.0,108.01515895653112
community_arima,0,98,4,102,131.0,110.40836448261017
community_arima,0,98,5,103,76.0,111.85123063336744
hybrid,0,98,1,99,116.0,88.95251747542463
hybrid,0,98,2,100,89.0,123.57884230564666
hybrid,0,98,3,101,101.0,123.31909836163229
hybrid,0,98,4,102,131.0,104.86733759875285
hybrid,0,98,5,103,76.0,102.53622901299012
naive,1,98,1,99,211.0,154.00000000000003
naive,1,98,2,100,179.0,154.00000000000003
naive,1,98,3,101,194.0,154.00000000000003
naive,1,98,4,102,163.0,154.00000000000003
naive,1,98,5,103,121.0,154.00000000000003
global_arima,1,98,1,99,211.0,141.13900808370204
global_arima,1,98,2,100,179.0,140.64533786867437
global_arima,1,98,3,101,194.0,140.62553962918804
global_arima,1,98,4,102,163.0,140.6247442478418
global_arima,1,98,5,103,121.0,140.62471229167184
community_arima,1,98,1,99,211.0,155.2781223245978
community_arima,1,98,2,100,179.0,155.24991353679394
community_arima,1,98,3,101,194.0,155.25053357045115
community_arima,1,98,4,102,163.0,155.2505199407829
community_arima,1,98,5,103,121.0,155.2505202403916
hybrid,1,98,1,99,211.0,171.62305680441864
hybrid,1,98,2,100,179.0,151.55038129222896
hybrid,1,98,3,101,194.0,152.68998601976608
hybrid,1,98,4,102,163.0,123.9759342767948
hybrid,1,98,5,103,121.0,162.930928378242
naive,2,98,1,99,153.0,178.0
naive,2,98,2,100,100.0,178.0
naive,2,98,3,101,126.0,178.0
naive,2,98,4,102,134.0,178.0
naive,2,98,5,103,117.0,178.0
global_arima,2,98,1,99,153.0,163.1346976551881
global_arima,2,98,2,100,100.0,162.564091822234
global_arima,2,98,3,101,126.0,162.54120814282774
global_arima,2,98,4,102,134.0,162.540288805947
global_arima,2,98,5,103,117.0,162.54025186959473
community_arima,2,98,1,99,153.0,183.1574160295786
community_arima,2,98,2,100,100.0,186.33693606906007
community_arima,2,98,3,101,126.0,188.27947104913864
community_arima,2,98,4,102,134.0,189.45982187961806
community_arima,2,98,5,103,117.0,190.17469277504372
hybrid,2,98,1,99,153.0,123.5029026274258
hybrid,2,98,2,100,100.0,274.2637376768588
hybrid,2,98,3,101,126.0,214.93117425896045
hybrid,2,98,4,102,134.0,237.19876896512451
hybrid,2,98,5,103,117.0,166.70711679429314
naive,3,98,1,99,42.0,37.99999999999999
naive,3,98,2,100,84.0,37.99999999999999
naive,3,98,3,101,108.0,37.99999999999999
naive,3,98,4,102,119.0,37.99999999999999
naive,3,98,5,103,128.0,37.99999999999999
global_arima,3,98,1,99,42.0,34.82650848818622
global_arima,3,98,2,100,84.0,34.704693759802765
global_arima,3,98,3,101,108.0,34.699808479929516
global_arima,3,98,4,102,119.0,34.699612216999924
global_arima,3,98,5,103,128.0,34.699604331711235
community_arima,3,98,1,99,42.0,38.53415166264706
community_arima,3,98,2,100,84.0,38.739794700661925
community_arima,3,98,3,101,108.0,38.81850682798663
community_arima,3,98,4,102,119.0,38.84856807013641
community_arima,3,98,5,103,128.0,38.86003917026521
hybrid,3,98,1,99,42.0,55.37378760173117
hybrid,3,98,2,100,84.0,37.3029408008781
hybrid,3,98,3,101,108.0,41.23416843037999
hybrid,3,98,4,102,119.0,50.06338680684365
hybrid,3,98,5,103,128.0,43.08312414468009
naive,5,98,1,99,364.0,775.0000000000002
naive,5,98,2,100,374.0,775.0000000000002
naive,5,98,3,101,275.0,775.0000000000002
naive,5,98,4,102,305.0,775.0000000000002
naive,5,98,5,103,337.0,775.0000000000002
global_arima,5,98,1,99,364.0,710.2774757459032
global_arima,5,98,2,100,374.0,707.79309641703
global_arima,5,98,3,101,275.0,707.6934624196152
global_arima,5,98,4,102,305.0,707.6894596888142
global_arima,5,98,5,103,337.0,707.6892988704266
community_arima,5,98,1,99,364.0,571.6298139542845
community_arima,5,98,2,100,374.0,510.9819430273585
community_arima,5,98,3,101,275.0,490.2981453906178
community_arima,5,98,4,102,305.0,482.8914334137335
community_arima,5,98,5,103,337.0,480.1913119388533
hybrid,5,98,1,99,364.0,651.9340407059846
hybrid,5,98,2,100,374.0,454.42935088598455
hybrid,5,98,3,101,275.0,514.6978349259043
hybrid,5,98,4,102,305.0,498.4858768347983
hybrid,5,98,5,103,337.0,684.2255516611198
naive,0,99,1,100,89.0,116.00000000000003
naive,0,99,2,101,101.0,116.00000000000003
naive,0,99,3,102,131.0,116.00000000000003
naive,0,99,4,103,76.0,116.00000000000003
naive,0,99,5,104,71.0,116.00000000000003
global_arima,0,99,1,100,89.0,127.85090109294977
global_arima,0,99,2,101,101.0,128.35152243393028
global_arima,0,99,3,102,131.0,128.37167690898647
global_arima,0,99,4,103,76.0,128.3724867271568
global_arima,0,99,5,104,71.0,128.37251926355978
community_arima,0,99,1,100,89.0,118.1130426755214
community_arima,0,99,2,101,101.0,119.38313791099816
community_arima,0,99,3,102,131.0,120.1421432214633
community_arima,0,99,4,103,76.0,120.59416542749055
community_arima,0,99,5,104,71.0,120.86281705088034
hybrid,0,99,1,100,89.0,148.276771587016
hybrid,0,99,2,101,101.0,140.4656159722455
hybrid,0,99,3,102,131.0,113.82599797790814
hybrid,0,99,4,103,76.0,103.4198124015796
hybrid,0,99,5,104,71.0,93.96808937768581
naive,1,99,1,100,179.0,210.99999999999997
naive,1,99,2,101,194.0,210.99999999999997
naive,1,99,3,102,163.0,210.99999999999997
naive,1,99,4,103,121.0,210.99999999999997
naive,1,99,5,104,134.0,210.99999999999997
global_arima,1,99,1,100,179.0,232.55638043631382
global_arima,1,99,2,101,194.0,233.4669933927525
global_arima,1,99,3,102,163.0,233.50365368789778
global_arima,1,99,4,103,121.0,233.50512671922485
global_arima,1,99,5,104,134.0,233.5051859018199
community_arima,1,99,1,100,179.0,212.3692502594923
community_arima,1,99,2,101,194.0,212.33905640790246
community_arima,1,99,3,102,163.0,212.339720086236
community_arima,1,99,4,103,121.0,212.3397054971703
community_arima,1,99,5,104,134.0,212.3397058178687
hybrid,1,99,1,100,179.0,241.08070827336107
hybrid,1,99,2,101,194.0,227.37632017821144
hybrid,1,99,3,102,163.0,214.1325815416445
hybrid,1,99,4,103,121.0,189.72604969809004
hybrid,1,99,5,104,134.0,219.63263727380192
naive,2,99,1,100,100.0,153.00000000000006
naive,2,99,2,101,126.0,153.00000000000006
naive,2,99,3,102,134.0,153.00000000000006
naive,2,99,4,103,117.0,153.00000000000006
naive,2,99,5,104,139.0,153.00000000000006
global_arima,2,99,1,100,100.0,168.6309298898389
global_arima,2,99,2,101,126.0,169.29123217578737
global_arima,2,99,3,102,134.0,169.31781523340456
global_arima,2,99,4,103,117.0,169.31888335564645
global_arima,2,99,5,104,139.0,169.31892627004007
community_arima,2,99,1,100,100.0,163.9922010323778
community_arima,2,99,2,101,126.0,170.99186163726333
community_arima,2,99,3,102,134.0,175.35269955255026
community_arima,2,99,4,103,117.0,178.033903933013
community_arima,2,99,5,104,139.0,179.6693339700378
hybrid,2,99,1,100,100.0,130.98658293484084
hybrid,2,99,2,101,126.0,221.7546430933594
hybrid,2,99,3,102,134.0,204.0708581000334
hybrid,2,99,4,103,117.0,174.7344340392815
hybrid,2,99,5,104,139.0,170.98359812535375
naive,3,99,1,100,84.0,42.0
naive,3,99,2,101,108.0,42.0
naive,3,99,3,102,119.0,42.0
naive,3,99,4,103,128.0,42.0
naive,3,99,5,104,163.0,42.0
global_arima,3,99,1,100,84.0,46.290843499171466
global_arima,3,99,2,101,108.0,46.47210295021613
global_arima,3,99,3,102,119.0,46.47940026015028
global_arima,3,99,4,103,128.0,46.47969347017746
global_arima,3,99,5,104,163.0,46.47970525059923
community_arima,3,99,1,100,84.0,40.68814564447393
community_arima,3,99,2,101,108.0,40.19842474672476
community_arima,3,99,3,102,119.0,40.01316817180227
community_arima,3,99,4,103,128.0,39.942732411885615
community_arima,3,99,5,104,163.0,39.9159006408648
hybrid,3,99,1,100,84.0,48.95792944005452
hybrid,3,99,2,101,108.0,31.00990078951476
hybrid,3,99,3,102,119.0,35.516565387506496
hybrid,3,99,4,103,128.0,54.19166247055159
hybrid,3,99,5,104,163.0,34.85779352619752
naive,5,99,1,100,374.0,364.0
naive,5,99,2,101,275.0,364.0
naive,5,99,3,102,305.0,364.0
naive,5,99,4,103,337.0,364.0
naive,5,99,5,104,343.0,364.0
global_arima,5,99,1,100,374.0,401.1873103261527
global_arima,5,99,2,101,275.0,402.75822556853984
global_arima,5,99,3,102,305.0,402.82146892130237
global_arima,5,99,4,103,337.0,402.8240100748713
global_arima,5,99,5,104,343.0,402.82411217186
community_arima,5,99,1,100,374.0,389.6688943578777
community_arima,5,99,2,101,275.0,399.57275046928737
community_arima,5,99,3,102,305.0,403.28390001437776
community_arima,5,99,4,103,337.0,404.6595958718884
community_arima,5,99,5,104,343.0,405.16752925288625
hybrid,5,99,1,100,374.0,370.6288981691479
hybrid,5,99,2,101,275.0,368.39949684918815
hybrid,5,99,3,102,305.0,534.607019809747
hybrid,5,99,4,103,337.0,494.15147398846943
hybrid,5,99,5,104,343.0,661.3118987253963
naive,0,100,1,101,101.0,89.0
naive,0,100,2,102,131.0,89.0
naive,0,100,3,103,76.0,89.0
naive,0,100,4,104,71.0,89.0
naive,0,100,5,105,114.0,89.0
global_arima,0,100,1,101,101.0,95.7640642616335
global_arima,0,100,2,102,131.0,96.0463036836547
global_arima,0,100,3,103,76.0,96.05766064344137
global_arima,0,100,4,104,71.0,96.05811696329246
global_arima,0,100,5,105,114.0,96.05813529703093
community_arima,0,100,1,101,101.0,96.82835265299632
community_arima,0,100,2,102,131.0,101.7848384461953
community_arima,0,100,3,103,76.0,104.83961053361615
community_arima,0,100,4,104,71.0,106.69245400710388
community_arima,0,100,5,105,114.0,107.80566816411513
hybrid,0,100,1,101,101.0,95.64346345265979
hybrid,0,100,2,102,131.0,95.04468470502812
hybrid,0,100,3,103,76.0,120.06569095149528
hybrid,0,100,4,104,71.0,91.71737083722597
hybrid,0,100,5,105,114.0,124.57347290238287
naive,1,100,1,101,194.0,179.0
naive,1,100,2,102,163.0,179.0
naive,1,100,3,103,121.0,179.0
naive,1,100,4,104,134.0,179.0
naive,1,100,5,105,167.0,179.0
global_arima,1,100,1,101,194.0,192.6041292453078
global_arima,1,100,2,102,163.0,193.17177931881113
global_arima,1,100,3,103,121.0,193.19462084467423
global_arima,1,100,4,104,134.0,193.19553861156575
global_arima,1,100,5,105,167.0,193.19557548503974
community_arima,1,100,1,101,194.0,178.31145452969113
community_arima,1,100,2,102,163.0,178.3265618555785
community_arima,1,100,3,103,121.0,178.32622975114833
community_arima,1,100,4,104,134.0,178.32623705149456
community_arima,1,100,5,105,167.0,178.32623689101757
hybrid,1,100,1,101,194.0,175.9338349932341
hybrid,1,100,2,102,163.0,173.23205973442217
hybrid,1,100,3,103,121.0,178.16463958593815
hybrid,1,100,4,104,134.0,197.35090287319537
hybrid,1,100,5,105,167.0,192.46614642843474
naive,2,100,1,101,126.0,100.00000000000003
naive,2,100,2,102,134.0,100.00000000000003
naive,2,100,3,103,117.0,100.00000000000003
naive,2,100,4,104,139.0,100.00000000000003
naive,2,100,5,105,121.0,100.00000000000003
global_arima,2,100,1,101,126.0,107.60007220408258
global_arima,2,100,2,102,134.0,107.91719515017381
global_arima,2,100,3,103,117.0,107.9299557791476
global_arima,2,100,4,104,139.0,107.93046849808141
global_arima,2,100,5,105,121.0,107.93048909778756
community_arima,2,100,1,101,126.0,120.37657389160024
community_arima,2,100,2,102,134.0,134.59172629772337
community_arima,2,100,3,103,117.0,143.95021442400187
community_arima,2,100,4,104,139.0,149.89908582065112
community_arima,2,100,5,105,121.0,153.6013435358999
hybrid,2,100,1,101,126.0,104.26617944720444
hybrid,2,100,2,102,134.0,177.17054192388576
hybrid,2,100,3,103,117.0,169.37856330893695
hybrid,2,100,4,104,139.0,157.5065661101524
hybrid,2,100,5,105,121.0,147.98420865482683
naive,3,100,1,101,108.0,84.00000000000001
naive,3,100,2,102,119.0,84.00000000000001
naive,3,100,3,103,128.0,84.00000000000001
naive,3,100,4,104,163.0,84.00000000000001
naive,3,100,5,105,88.0,84.00000000000001
global_arima,3,100,1,101,108.0,90.38406065142938
global_arima,3,100,2,102,119.0,90.65044392614601
global_arima,3,100,3,103,128.0,90.66116285448399
global_arima,3,100,4,104,163.0,90.66159353838839
global_arima,3,100,5,105,88.0,90.66161084214156
community_arima,3,100,1,101,108.0,60.81707500081979
community_arima,3,100,2,102,119.0,53.74669655568715
community_arima,3,100,3,103,128.0,51.26840867396599
community_arima,3,100,4,104,163.0,50.35304328934936
community_arima,3,100,5,105,88.0,50.00816832751025
hybrid,3,100,1,101,108.0,54.34009493407376
hybrid,3,100,2,102,119.0,49.62291810108007
hybrid,3,100,3,103,128.0,59.03095551670594
hybrid,3,100,4,104,163.0,41.250397409746505
hybrid,3,100,5,105,88.0,58.90217614905681
naive,5,100,1,101,275.0,373.99999999999994
naive,5,100,2,102,305.0,373.99999999999994
naive,5,100,3,103,337.0,373.99999999999994
naive,5,100,4,104,343.0,373.99999999999994
naive,5,100,5,105,298.0,373.99999999999994
global_arima,5,100,1,101,275.0,402.42427004326885
global_arima,5,100,2,102,305.0,403.6103098616501
global_arima,5,100,3,103,337.0,403.6580346140121
global_arima,5,100,4,104,343.0,403.6599521828245
global_arima,5,100,5,105,298.0,403.66002922572545
community_arima,5,100,1,101,275.0,389.84632424210037
community_arima,5,100,2,102,305.0,395.85079688202995
community_arima,5,100,3,103,337.0,398.0857914959267
community_arima,5,100,4,104,343.0,398.91224769329773
community_arima,5,100,5,105,298.0,399.21711411803113
hybrid,5,100,1,101,275.0,409.69013981014507
hybrid,5,100,2,102,305.0,341.72185917517413
hybrid,5,100,3,103,337.0,427.8688302074979
hybrid,5,100,4,104,343.0,450.1327696397318
hybrid,5,100,5,105,298.0,500.08095857127427
naive,0,101,1,102,131.0,100.99999999999996
naive,0,101,2,103,76.0,100.99999999999996
naive,0,101,3,104,71.0,100.99999999999996
naive,0,101,4,105,114.0,100.99999999999996
naive,0,101,5,106,174.0,100.99999999999996
global_arima,0,101,1,102,131.0,105.59268750060488
global_arima,0,101,2,103,76.0,105.78150569806446
global_arima,0,101,3,104,71.0,105.78909894364095
global_arima,0,101,4,105,114.0,105.78940403101673
global_arima,0,101,5,106,174.0,105.78941628861783
community_arima,0,101,1,102,131.0,105.01170472581603
community_arima,0,101,2,103,76.0,107.46299121412086
community_arima,0,101,3,104,71.0,108.9422193468919
community_arima,0,101,4,105,114.0,109.8282716861551
community_arima,0,101,5,106,174.0,110.35668822829905
hybrid,0,101,1,102,131.0,105.67654379814554
hybrid,0,101,2,103,76.0,102.45089810171835
hybrid,0,101,3,104,71.0,123.58396015016167
hybrid,0,101,4,105,114.0,112.91341105631187
hybrid,0,101,5,106,174.0,105.4378190696907
naive,1,101,1,102,163.0,194.0
naive,1,101,2,103,121.0,194.0
naive,1,101,3,104,134.0,194.0
naive,1,101,4,105,167.0,194.0
naive,1,101,5,106,169.0,194.0
global_arima,1,101,1,102,163.0,202.8215977734391
global_arima,1,101,2,103,121.0,203.18427827152976
global_arima,1,101,3,104,134.0,203.19886331748856
global_arima,1,101,4,105,167.0,203.1994493269034
global_arima,1,101,5,106,169.0,203.19947287120652
community_arima,1,101,1,102,163.0,194.37175889019295
community_arima,1,101,2,103,121.0,194.36357923545276
community_arima,1,101,3,104,134.0,194.36375903775993
community_arima,1,101,4,105,167.0,194.36375508532592
community_arima,1,101,5,106,169.0,194.36375517220876
hybrid,1,101,1,102,163.0,160.76388265209806
hybrid,1,101,2,103,121.0,186.33070537143314
hybrid,1,101,3,104,134.0,179.21514498635648
hybrid,1,101,4,105,167.0,184.54998390656849
hybrid,1,101,5,106,169.0,217.15843649648684
naive,2,101,1,102,134.0,125.99999999999999
naive,2,101,2,103,117.0,125.99999999999999
naive,2,101,3,104,139.0,125.99999999999999
naive,2,101,4,105,121.0,125.99999999999999
naive,2,101,5,106,101.0,125.99999999999999
global_arima,2,101,1,102,134.0,131.72949133738825
global_arima,2,101,2,103,117.0,131.96504671243687
global_arima,2,101,3,104,139.0,131.97451947424514
global_arima,2,101,4,105,121.0,131.97490007829808
global_arima,2,101,5,106,101.0,131.97491536995886
community_arima,2,101,1,102,134.0,139.02383330555418
community_arima,2,101,2,103,117.0,147.50893293088345
community_arima,2,101,3,104,139.0,152.86868509009688
community_arima,2,101,4,105,121.0,156.19162233468126
community_arima,2,101,5,106,101.0,158.22869222408698
hybrid,2,101,1,102,134.0,120.07331963916857
hybrid,2,101,2,103,117.0,186.07443275396727
hybrid,2,101,3,104,139.0,160.03346388364696
hybrid,2,101,4,105,121.0,214.4518354391929
hybrid,2,101,5,106,101.0,150.56058325053067
naive,3,101,1,102,119.0,107.99999999999997
naive,3,101,2,103,128.0,107.99999999999997
naive,3,101,3,104,163.0,107.99999999999997
naive,3,101,4,105,88.0,107.99999999999997
naive,3,101,5,106,107.0,107.99999999999997
global_arima,3,101,1,102,119.0,112.91099257490423
global_arima,3,101,2,103,128.0,113.11289718208876
global_arima,3,101,3,104,163.0,113.12101669221012
global_arima,3,101,4,105,88.0,113.1213429242555
global_arima,3,101,5,106,107.0,113.12135603139333
community_arima,3,101,1,102,119.0,74.6227915483118
community_arima,3,101,2,103,128.0,64.78056844900448
community_arima,3,101,3,104,163.0,61.373826406149135
community_arima,3,101,4,105,88.0,60.121505834352355
community_arima,3,101,5,106,107.0,59.650531708754215
hybrid,3,101,1,102,119.0,74.29367668308534
hybrid,3,101,2,103,128.0,54.68441506483848
hybrid,3,101,3,104,163.0,60.766531221082246
hybrid,3,101,4,105,88.0,61.592335282681255
hybrid,3,101,5,106,107.0,88.0639651900736
naive,5,101,1,102,305.0,274.9999999999999
naive,5,101,2,103,337.0,274.9999999999999
naive,5,101,3,104,343.0,274.9999999999999
naive,5,101,4,105,298.0,274.9999999999999
naive,5,101,5,106,228.0,274.9999999999999
global_arima,5,101,1,102,305.0,287.50484220461726
global_arima,5,101,2,103,337.0,288.01895115809634
global_arima,5,101,3,104,343.0,288.03962583664617
global_arima,5,101,4,105,298.0,288.040456520095
global_arima,5,101,5,106,228.0,288.04048989475154
community_arima,5,101,1,102,305.0,321.0282919681683
community_arima,5,101,2,103,337.0,339.8542824780736
community_arima,5,101,3,104,343.0,347.06310711891973
community_arima,5,101,4,105,298.0,349.75682075413096
community_arima,5,101,5,106,228.0,350.7543286748642
hybrid,5,101,1,102,305.0,351.50516048653265
hybrid,5,101,2,103,337.0,363.40995217773064
hybrid,5,101,3,104,343.0,355.55073399702906
hybrid,5,101,4,105,298.0,304.5652850698276
hybrid,5,101,5,106,228.0,475.880345929013
naive,0,102,1,103,76.0,130.99999999999997
naive,0,102,2,104,71.0,130.99999999999997
naive,0,102,3,105,114.0,130.99999999999997
naive,0,102,4,106,174.0,130.99999999999997
naive,0,102,5,107,224.0,130.99999999999997
global_arima,0,102,1,103,76.0,130.50143572737315
global_arima,0,102,2,104,71.0,130.4814444184214
global_arima,0,102,3,105,114.0,130.48064128580157
global_arima,0,102,4,106,174.0,130.48060901821572
global_arima,0,102,5,107,224.0,130.48060772179187
community_arima,0,102,1,103,76.0,126.57580161611682
community_arima,0,102,2,104,71.0,124.02443241572028
community_arima,0,102,3,105,114.0,122.5367019836524
community_arima,0,102,4,106,174.0,121.66348004029773
community_arima,0,102,5,107,224.0,121.14894756084159
hybrid,0,102,1,103,76.0,120.18327859873698
hybrid,0,102,2,104,71.0,140.84082329789
hybrid,0,102,3,105,114.0,112.77624693751919
hybrid,0,102,4,106,174.0,111.73418715528425
hybrid,0,102,5,107,224.0,124.55837924684157
naive,1,102,1,103,121.0,163.00000000000006
naive,1,102,2,104,134.0,163.00000000000006
naive,1,102,3,105,167.0,163.00000000000006
naive,1,102,4,106,169.0,163.00000000000006
naive,1,102,5,107,95.0,163.00000000000006
global_arima,1,102,1,103,121.0,162.37964903482307
global_arima,1,102,2,104,134.0,162.35477435269226
global_arima,1,102,3,105,167.0,162.353775035005
global_arima,1,102,4,106,169.0,162.35373488526074
global_arima,1,102,5,107,95.0,162.35373327215328
community_arima,1,102,1,103,121.0,162.37131512070317
community_arima,1,102,2,104,134.0,162.38510899422906
community_arima,1,102,3,105,167.0,162.3848057634028
community_arima,1,102,4,106,169.0,162.38481242904703
community_arima,1,102,5,107,95.0,162.38481228252223
hybrid,1,102,1,103,121.0,171.35310820406156
hybrid,1,102,2,104,134.0,169.24292378426244
hybrid,1,102,3,105,167.0,156.22357796318923
hybrid,1,102,4,106,169.0,147.98701795634764
hybrid,1,102,5,107,95.0,151.81251467924872
naive,2,102,1,103,117.0,134.00000000000003
naive,2,102,2,104,139.0,134.00000000000003
naive,2,102,3,105,121.0,134.00000000000003
naive,2,102,4,106,101.0,134.00000000000003
naive,2,102,5,107,76.0,134.00000000000003
global_arima,2,102,1,103,117.0,133.4900182249466
global_arima,2,102,2,104,139.0,133.4695690997593
global_arima,2,102,3,105,121.0,133.46874757478938
global_arima,2,102,4,106,101.0,133.46871456825116
global_arima,2,102,5,107,76.0,133.46871324213825
community_arima,2,102,1,103,117.0,143.70482752801567
community_arima,2,102,2,104,139.0,149.887053859115
community_arima,2,102,3,105,121.0,153.73950672136638
community_arima,2,102,4,106,101.0,156.10846449252125
community_arima,2,102,5,107,76.0,157.55355669280576
hybrid,2,102,1,103,117.0,135.09076067974635
hybrid,2,102,2,104,139.0,195.62270488745827
hybrid,2,102,3,105,121.0,142.38066606742763
hybrid,2,102,4,106,101.0,132.78795300472026
hybrid,2,102,5,107,76.0,151.27295744189843
naive,3,102,1,103,128.0,118.99999999999997
naive,3,102,2,104,163.0,118.99999999999997
naive,3,102,3,105,88.0,118.99999999999997
naive,3,102,4,106,107.0,118.99999999999997
naive,3,102,5,107,83.0,118.99999999999997
global_arima,3,102,1,103,128.0,118.54710573707942
global_arima,3,102,2,104,163.0,118.52894569306983
global_arima,3,102,3,105,88.0,118.52821612985028
global_arima,3,102,4,106,107.0,118.5281868180738
global_arima,3,102,5,107,83.0,118.52818564040638
community_arima,3,102,1,103,128.0,84.56815902394676
community_arima,3,102,2,104,163.0,74.21379092578559
community_arima,3,102,3,105,88.0,70.60344313298516
community_arima,3,102,4,106,107.0,69.27259754472293
community_arima,3,102,5,107,83.0,68.77156459654556
hybrid,3,102,1,103,128.0,65.6510983852917
hybrid,3,102,2,104,163.0,57.372805834285224
hybrid,3,102,3,105,88.0,64.58760333246862
hybrid,3,102,4,106,107.0,77.46660803342681
hybrid,3,102,5,107,83.0,115.16729333957458
naive,5,102,1,103,337.0,305.0
naive,5,102,2,104,343.0,305.0
naive,5,102,3,105,298.0,305.0
naive,5,102,4,106,228.0,305.0
naive,5,102,5,107,203.0,305.0
global_arima,5,102,1,103,337.0,303.8392205866321
global_arima,5,102,2,104,343.0,303.79267593601935
global_arima,5,102,3,105,298.0,303.79080604709526
global_arima,5,102,4,106,228.0,303.7907309202732
global_arima,5,102,5,107,203.0,303.7907279018819
community_arima,5,102,1,103,337.0,329.56295277811137
community_arima,5,102,2,104,343.0,339.0998025624074
community_arima,5,102,3,105,298.0,342.68174466350376
community_arima,5,102,4,106,228.0,344.0106836910543
community_arima,5,102,5,107,203.0,344.5015087118257
hybrid,5,102,1,103,337.0,368.65258579746165
hybrid,5,102,2,104,343.0,354.445799974382
hybrid,5,102,3,105,298.0,405.81845015636486
hybrid,5,102,4,106,228.0,360.0628454545203
hybrid,5,102,5,107,203.0,343.1394381814122
naive,0,103,1,104,71.0,76.00000000000001
naive,0,103,2,105,114.0,76.00000000000001
naive,0,103,3,106,174.0,76.00000000000001
naive,0,103,4,107,224.0,76.00000000000001
naive,0,103,5,108,279.0,76.00000000000001
global_arima,0,103,1,104,71.0,78.73640562924679
global_arima,0,103,2,105,114.0,78.848379852672
global_arima,0,103,3,106,174.0,78.85288199496007
global_arima,0,103,4,107,224.0,78.85306288418376
global_arima,0,103,5,108,279.0,78.85307015183048
community_arima,0,103,1,104,71.0,85.03488261846763
community_arima,0,103,2,105,114.0,90.88127598326489
community_arima,0,103,3,106,174.0,94.53146282207202
community_arima,0,103,4,107,224.0,96.76252592555849
community_arima,0,103,5,108,279.0,98.1091024393146
hybrid,0,103,1,104,71.0,91.82268428799738
hybrid,0,103,2,105,114.0,82.46233687840888
hybrid,0,103,3,106,174.0,112.89568421105695
hybrid,0,103,4,107,224.0,75.57226068077331
hybrid,0,103,5,108,279.0,117.46793110504429
naive,1,103,1,104,134.0,121.00000000000003
naive,1,103,2,105,167.0,121.00000000000003
naive,1,103,3,106,169.0,121.00000000000003
naive,1,103,4,107,95.0,121.00000000000003
naive,1,103,5,108,60.0,121.00000000000003
global_arima,1,103,1,104,134.0,125.3566458044587
global_arima,1,103,2,105,167.0,125.53492055491198
global_arima,1,103,3,106,169.0,125.54208843934433
global_arima,1,103,4,107,95.0,125.54237643402939
global_arima,1,103,5,108,60.0,125.54238800488801
community_arima,1,103,1,104,134.0,120.23950082473482
community_arima,1,103,2,105,167.0,120.25616712578
community_arima,1,103,3,106,169.0,120.25580074085735
community_arima,1,103,4,107,95.0,120.25580879475548
community_arima,1,103,5,108,60.0,120.25580861771391
hybrid,1,103,1,104,134.0,127.34813184692649
hybrid,1,103,2,105,167.0,108.62739405282507
hybrid,1,103,3,106,169.0,134.03438919053303
hybrid,1,103,4,107,95.0,117.10809426460771
hybrid,1,103,5,108,60.0,115.02952207476555
naive,2,103,1,104,139.0,117.00000000000004
naive,2,103,2,105,121.0,117.00000000000004
naive,2,103,3,106,101.0,117.00000000000004
naive,2,103,4,107,76.0,117.00000000000004
naive,2,103,5,108,80.0,117.00000000000004
global_arima,2,103,1,104,139.0,121.21262445555098
global_arima,2,103,2,105,121.0,121.38500582582398
global_arima,2,103,3,106,101.0,121.39193675539906
global_arima,2,103,4,107,76.0,121.39221522959868
global_arima,2,103,5,108,80.0,121.39222641794957
community_arima,2,103,1,104,139.0,129.53522708987862
community_arima,2,103,2,105,121.0,137.7236937954768
community_arima,2,103,3,106,101.0,142.90437142452413
community_arima,2,103,4,107,76.0,146.1193954962703
community_arima,2,103,5,108,80.0,148.0914617599598
hybrid,2,103,1,104,139.0,135.68283615272563
hybrid,2,103,2,105,121.0,145.54309637595975
hybrid,2,103,3,106,101.0,156.9614215231764
hybrid,2,103,4,107,76.0,128.4595739441257
hybrid,2,103,5,108,80.0,134.071565064063
naive,3,103,1,104,163.0,127.99999999999997
naive,3,103,2,105,88.0,127.99999999999997
naive,3,103,3,106,107.0,127.99999999999997
naive,3,103,4,107,83.0,127.99999999999997
naive,3,103,5,108,76.0,127.99999999999997
global_arima,3,103,1,104,163.0,132.60868316504724
global_arima,3,103,2,105,88.0,132.797271330816
global_arima,3,103,3,106,107.0,132.80485388624854
global_arima,3,103,4,107,83.0,132.80515854178316
global_arima,3,103,5,108,76.0,132.8051707820303
community_arima,3,103,1,104,163.0,94.02515451244115
community_arima,3,103,2,105,88.0,83.56844467168048
community_arima,3,103,3,106,107.0,79.89065749984535
community_arima,3,103,4,107,83.0,78.5304959939121
community_arima,3,103,5,108,76.0,78.01778684986503
hybrid,3,103,1,104,163.0,76.472189577255
hybrid,3,103,2,105,88.0,71.24901858604966
hybrid,3,103,3,106,107.0,66.83145765106326
hybrid,3,103,4,107,83.0,90.76936893630482
hybrid,3,103,5,108,76.0,124.67869935321332
naive,5,103,1,104,343.0,337.00000000000006
naive,5,103,2,105,298.0,337.00000000000006
naive,5,103,3,106,228.0,337.00000000000006
naive,5,103,4,107,203.0,337.00000000000006
naive,5,103,5,108,149.0,337.00000000000006
global_arima,5,103,1,104,343.0,349.1337986454759
global_arima,5,103,2,105,298.0,349.6303159256639
global_arima,5,103,3,106,228.0,349.65027937238875
global_arima,5,103,4,107,203.0,349.65108147328846
global_arima,5,103,5,108,149.0,349.6511136995641
community_arima,5,103,1,104,343.0,343.6741334164353
community_arima,5,103,2,105,298.0,346.1657091577043
community_arima,5,103,3,106,228.0,347.08804400742116
community_arima,5,103,4,107,203.0,347.4284145827942
community_arima,5,103,5,108,149.0,347.5538781204732
hybrid,5,103,1,104,343.0,417.1876946585294
hybrid,5,103,2,105,298.0,383.00917675979474
hybrid,5,103,3,106,228.0,373.0890192587673
hybrid,5,103,4,107,203.0,281.2167603677984
hybrid,5,103,5,108,149.0,350.6154696855631
naive,0,104,1,105,114.0,71.0
naive,0,104,2,106,174.0,71.0
naive,0,104,3,107,224.0,71.0
naive,0,104,4,108,279.0,71.0
naive,0,104,5,109,365.0,71.0
global_arima,0,104,1,105,114.0,69.59013706867782
global_arima,0,104,2,106,174.0,69.5340806558609
global_arima,0,104,3,107,224.0,69.5318294039774
global_arima,0,104,4,108,279.0,69.53173895630756
global_arima,0,104,5,109,365.0,69.53173532236808
community_arima,0,104,1,105,114.0,79.5331181792864
community_arima,0,104,2,106,174.0,85.05942960092602
community_arima,0,104,3,107,224.0,88.51148407175319
community_arima,0,104,4,108,279.0,90.62206577335927
community_arima,0,104,5,109,365.0,91.89614708327127
hybrid,0,104,1,105,114.0,103.68910524405905
hybrid,0,104,2,106,174.0,85.59055137964664
hybrid,0,104,3,107,224.0,120.85135165062447
hybrid,0,104,4,108,279.0,144.73321489794958
hybrid,0,104,5,109,365.0,90.37591256229227
naive,1,104,1,105,167.0,134.00000000000003
naive,1,104,2,106,169.0,134.00000000000003
naive,1,104,3,107,95.0,134.00000000000003
naive,1,104,4,108,60.0,134.00000000000003
naive,1,104,5,109,89.0,134.00000000000003
global_arima,1,104,1,105,167.0,131.3391319324342
global_arima,1,104,2,106,169.0,131.23333532232905
global_arima,1,104,3,107,95.0,131.22908648074608
global_arima,1,104,4,108,60.0,131.22891577669316
global_arima,1,104,5,109,89.0,131.22890891827214
community_arima,1,104,1,105,167.0,134.33396199444437
community_arima,1,104,2,106,169.0,134.32661193527724
community_arima,1,104,3,107,95.0,134.32677350072183
community_arima,1,104,4,108,60.0,134.32676994917202
community_arima,1,104,5,109,89.0,134.32677002724256
hybrid,1,104,1,105,167.0,119.59136306006332
hybrid,1,104,2,106,169.0,158.18439323924855
hybrid,1,104,3,107,95.0,148.62977024959324
hybrid,1,104,4,108,60.0,156.20328350028797
hybrid,1,104,5,109,89.0,123.86699112888896
naive,2,104,1,105,121.0,138.99999999999994
naive,2,104,2,106,101.0,138.99999999999994
naive,2,104,3,107,76.0,138.99999999999994
naive,2,104,4,108,80.0,138.99999999999994
naive,2,104,5,109,98.0,138.99999999999994
global_arima,2,104,1,105,121.0,136.2398458105101
global_arima,2,104,2,106,101.0,136.13010156569953
global_arima,2,104,3,107,76.0,136.12569418525155
global_arima,2,104,4,108,80.0,136.1255171116444
global_arima,2,104,5,109,98.0,136.12550999731215
community_arima,2,104,1,105,121.0,144.79441144447367
community_arima,2,104,2,106,101.0,148.401504549368
community_arima,2,104,3,107,76.0,150.61821633297296
community_arima,2,104,4,108,80.0,151.9699333807427
community_arima,2,104,5,109,98.0,152.79033634865166
hybrid,2,104,1,105,121.0,124.25334318230583
hybrid,2,104,2,106,101.0,172.39473111755706
hybrid,2,104,3,107,76.0,151.43647327519696
hybrid,2,104,4,108,80.0,174.9391962658563
hybrid,2,104,5,109,98.0,146.08596757196827
naive,3,104,1,105,88.0,163.00000000000006
naive,3,104,2,106,107.0,163.00000000000006
naive,3,104,3,107,83.0,163.00000000000006
naive,3,104,4,108,76.0,163.00000000000006
naive,3,104,5,109,95.0,163.00000000000006
global_arima,3,104,1,105,88.0,159.76327242527444
global_arima,3,104,2,106,107.0,159.63457953387785
global_arima,3,104,3,107,83.0,159.6294111668777
global_arima,3,104,4,108,76.0,159.6292035194103
global_arima,3,104,5,109,95.0,159.6291951767042
community_arima,3,104,1,105,88.0,114.39815624887834
community_arima,3,104,2,106,107.0,99.92093590649245
community_arima,3,104,3,107,83.0,94.89093026036863
community_arima,3,104,4,108,76.0,93.0392593597769
community_arima,3,104,5,109,95.0,92.34250345070838
hybrid,3,104,1,105,88.0,87.4862044650399
hybrid,3,104,2,106,107.0,88.0293232385482
hybrid,3,104,3,107,83.0,84.94326943419463
hybrid,3,104,4,108,76.0,107.26001321490651
hybrid,3,104,5,109,95.0,135.9288096165181
naive,5,104,1,105,298.0,342.99999999999994
naive,5,104,2,106,228.0,342.99999999999994
naive,5,104,3,107,203.0,342.99999999999994
naive,5,104,4,108,149.0,342.99999999999994
naive,5,104,5,109,175.0,342.99999999999994
global_arima,5,104,1,105,298.0,336.188972036007
global_arima,5,104,2,106,228.0,335.9181642952154
global_arima,5,104,3,107,203.0,335.9072885290739
global_arima,5,104,4,108,149.0,335.90685157765483
global_arima,5,104,5,109,175.0,335.9068340221444
community_arima,5,104,1,105,298.0,345.7578084634686
community_arima,5,104,2,106,228.0,346.779243709922
community_arima,5,104,3,107,203.0,347.1562597371629
community_arima,5,104,4,108,149.0,347.2952411954737
community_arima,5,104,5,109,175.0,347.3464507009244
hybrid,5,104,1,105,298.0,350.4226509032425
hybrid,5,104,2,106,228.0,368.6570788816743
hybrid,5,104,3,107,203.0,365.7372736571649
hybrid,5,104,4,108,149.0,346.18609818964944
hybrid,5,104,5,109,175.0,436.4588474587687
naive,0,105,1,106,174.0,114.00000000000001
naive,0,105,2,107,224.0,114.00000000000001
naive,0,105,3,108,279.0,114.00000000000001
naive,0,105,4,109,365.0,114.00000000000001
naive,0,105,5,110,360.0,114.00000000000001
global_arima,0,105,1,106,174.0,116.56595559222967
global_arima,0,105,2,107,224.0,116.67024546466062
global_arima,0,105,3,108,279.0,116.67443749544297
global_arima,0,105,4,109,365.0,116.67460592300651
global_arima,0,105,5,110,360.0,116.674612689974
community_arima,0,105,1,106,174.0,111.02951860478201
community_arima,0,105,2,107,224.0,109.30562449568414
community_arima,0,105,3,108,279.0,108.2966346319394
community_arima,0,105,4,109,365.0,107.70309486899603
community_arima,0,105,5,110,360.0,107.35290124908977
hybrid,0,105,1,106,174.0,90.40069933568226
hybrid,0,105,2,107,224.0,132.72335408732727
hybrid,0,105,3,108,279.0,127.0584705095896
hybrid,0,105,4,109,365.0,109.53657512910824
hybrid,0,105,5,110,360.0,113.41353984106111
naive,1,105,1,106,169.0,166.99999999999997
naive,1,105,2,107,95.0,166.99999999999997
naive,1,105,3,108,60.0,166.99999999999997
naive,1,105,4,109,89.0,166.99999999999997
naive,1,105,5,110,64.0,166.99999999999997
global_arima,1,105,1,106,169.0,170.7588998587926
global_arima,1,105,2,107,95.0,170.91167537366948
global_arima,1,105,3,108,60.0,170.91781633104367
global_arima,1,105,4,109,89.0,170.91806306264988
global_arima,1,105,5,110,64.0,170.91807297566365
community_arima,1,105,1,106,169.0,167.78106098121765
community_arima,1,105,2,107,95.0,167.76385264797773
community_arima,1,105,3,108,60.0,167.7642309044194
community_arima,1,105,4,109,89.0,167.76422258953943
community_arima,1,105,5,110,64.0,167.76422277231788
hybrid,1,105,1,106,169.0,152.01441410414128
hybrid,1,105,2,107,95.0,196.91730923808433
hybrid,1,105,3,108,60.0,168.01369157011433
hybrid,1,105,4,109,89.0,153.37498323106817
hybrid,1,105,5,110,64.0,171.60234254570244
naive,2,105,1,106,101.0,121.00000000000003
naive,2,105,2,107,76.0,121.00000000000003
naive,2,105,3,108,80.0,121.00000000000003
naive,2,105,4,109,98.0,121.00000000000003
naive,2,105,5,110,131.0,121.00000000000003
global_arima,2,105,1,106,101.0,123.72351426894552
global_arima,2,105,2,107,76.0,123.8342079054731
global_arima,2,105,3,108,80.0,123.83865734165438
global_arima,2,105,4,109,98.0,123.83883611126132
global_arima,2,105,5,110,131.0,123.83884329374433
community_arima,2,105,1,106,101.0,130.6434081604725
community_arima,2,105,2,107,76.0,136.8191951122
community_arima,2,105,3,108,80.0,140.67998606292045
community_arima,2,105,4,109,98.0,143.05866505185392
community_arima,2,105,5,110,131.0,144.5113799034615
hybrid,2,105,1,106,101.0,126.0140717435344
hybrid,2,105,2,107,76.0,150.4377800029981
hybrid,2,105,3,108,80.0,141.73848894790365
hybrid,2,105,4,109,98.0,122.55375315652235
hybrid,2,105,5,110,131.0,146.43722870442653
naive,3,105,1,106,107.0,87.99999999999999
naive,3,105,2,107,83.0,87.99999999999999
naive,3,105,3,108,76.0,87.99999999999999
naive,3,105,4,109,95.0,87.99999999999999
naive,3,105,5,110,72.0,87.99999999999999
global_arima,3,105,1,106,107.0,89.9807376501422
global_arima,3,105,2,107,83.0,90.06124211307134
global_arima,3,105,3,108,76.0,90.06447806665774
global_arima,3,105,4,109,95.0,90.06460808091731
global_arima,3,105,5,110,72.0,90.06461330454133
community_arima,3,105,1,106,107.0,86.04202621841542
community_arima,3,105,2,107,83.0,85.30666930948148
community_arima,3,105,3,108,76.0,85.02784933516016
community_arima,3,105,4,109,95.0,84.9217470166819
community_arima,3,105,5,110,72.0,84.88131490333554
hybrid,3,105,1,106,107.0,72.0825376554729
hybrid,3,105,2,107,83.0,77.78585993976887
hybrid,3,105,3,108,76.0,82.95669812474408
hybrid,3,105,4,109,95.0,133.8307673152657
hybrid,3,105,5,110,72.0,106.5928976766744
naive,5,105,1,106,228.0,298.0000000000001
naive,5,105,2,107,203.0,298.0000000000001
naive,5,105,3,108,149.0,298.0000000000001
naive,5,105,4,109,175.0,298.0000000000001
naive,5,105,5,110,204.0,298.0000000000001
global_arima,5,105,1,106,228.0,304.70749795161794
global_arima,5,105,2,107,203.0,304.98011533744614
global_arima,5,105,3,108,149.0,304.99107345300007
global_arima,5,105,4,109,175.0,304.9915137285609
global_arima,5,105,5,110,204.0,304.9915314176513
community_arima,5,105,1,106,228.0,317.16957898022173
community_arima,5,105,2,107,203.0,324.5365951904855
community_arima,5,105,3,108,149.0,327.2931086411746
community_arima,5,105,4,109,175.0,328.31437627806844
community_arima,5,105,5,110,204.0,328.6913728977069
hybrid,5,105,1,106,228.0,307.2015160910023
hybrid,5,105,2,107,203.0,332.6166567823803
hybrid,5,105,3,108,149.0,349.7692367453957
hybrid,5,105,4,109,175.0,358.86554435101516
hybrid,5,105,5,110,204.0,424.6943704516953
naive,0,106,1,107,224.0,174.00000000000009
naive,0,106,2,108,279.0,174.00000000000009
naive,0,106,3,109,365.0,174.00000000000009
naive,0,106,4,110,360.0,174.00000000000009
naive,0,106,5,111,180.0,174.00000000000009
global_arima,0,106,1,107,224.0,176.60718143307784
global_arima,0,106,2,108,279.0,176.71274228871283
global_arima,0,106,3,109,365.0,176.71698475392023
global_arima,0,106,4,110,360.0,176.71715520678433
global_arima,0,106,5,111,180.0,176.71716205512126
community_arima,0,106,1,107,224.0,152.4575618352582
community_arima,0,106,2,108,279.0,140.9652814000924
community_arima,0,106,3,109,365.0,134.56561143101177
community_arima,0,106,4,110,360.0,130.91031350220914
community_arima,0,106,5,111,180.0,128.79096028333348
hybrid,0,106,1,107,224.0,207.219011723024
hybrid,0,106,2,108,279.0,158.04602954806663
hybrid,0,106,3,109,365.0,148.00342767413815
hybrid,0,106,4,110,360.0,130.33075040897137
hybrid,0,106,5,111,180.0,131.83521933869358
naive,1,106,1,107,95.0,169.00000000000006
naive,1,106,2,108,60.0,169.00000000000006
naive,1,106,3,109,89.0,169.00000000000006
naive,1,106,4,110,64.0,169.00000000000006
naive,1,106,5,111,61.0,169.00000000000006
global_arima,1,106,1,107,95.0,171.53226242638024
global_arima,1,106,2,108,60.0,171.63478992409463
global_arima,1,106,3,109,89.0,171.63891047938233
global_arima,1,106,4,110,64.0,171.63907603417556
global_arima,1,106,5,111,61.0,171.6390826857212
community_arima,1,106,1,107,95.0,169.00921737205252
community_arima,1,106,2,108,60.0,169.00901474948614
community_arima,1,106,3,109,89.0,169.00901920355304
community_arima,1,106,4,110,64.0,169.0090191056433
community_arima,1,106,5,111,61.0,169.0090191077956
hybrid,1,106,1,107,95.0,164.46771020345003
hybrid,1,106,2,108,60.0,189.75221118114098
hybrid,1,106,3,109,89.0,151.50879133272758
hybrid,1,106,4,110,64.0,173.15258927867242
hybrid,1,106,5,111,61.0,203.12736204923053
naive,2,106,1,107,76.0,100.99999999999996
naive,2,106,2,108,80.0,100.99999999999996
naive,2,106,3,109,98.0,100.99999999999996
naive,2,106,4,110,131.0,100.99999999999996
naive,2,106,5,111,236.0,100.99999999999996
global_arima,2,106,1,107,76.0,102.51336393529232
global_arima,2,106,2,108,80.0,102.57463776528732
global_arima,2,106,3,109,98.0,102.57710034566635
global_arima,2,106,4,110,131.0,102.57719928669665
global_arima,2,106,5,111,236.0,102.57720326188073
community_arima,2,106,1,107,76.0,113.97953155305265
community_arima,2,106,2,108,80.0,122.58613931246764
community_arima,2,106,3,109,98.0,128.0808666302753
community_arima,2,106,4,110,131.0,131.5094633971702
community_arima,2,106,5,111,236.0,133.6194758134836
hybrid,2,106,1,107,76.0,108.04728655744455
hybrid,2,106,2,108,80.0,130.52998869838567
hybrid,2,106,3,109,98.0,132.88558785285576
hybrid,2,106,4,110,131.0,133.7127327195226
hybrid,2,106,5,111,236.0,136.8877422066587
naive,3,106,1,107,83.0,107.00000000000003
naive,3,106,2,108,76.0,107.00000000000003
naive,3,106,3,109,95.0,107.00000000000003
naive,3,106,4,110,72.0,107.00000000000003
naive,3,106,5,111,84.0,107.00000000000003
global_arima,3,106,1,107,83.0,108.60326674332948
global_arima,3,106,2,108,76.0,108.66818060282914
global_arima,3,106,3,109,95.0,108.67078947511189
global_arima,3,106,4,110,72.0,108.67089429382713
global_arima,3,106,5,111,84.0,108.67089850516076
community_arima,3,106,1,107,83.0,96.59102092613048
community_arima,3,106,2,108,76.0,92.89085768536798
community_arima,3,106,3,109,95.0,91.51689430990942
community_arima,3,106,4,110,72.0,90.99818796387767
community_arima,3,106,5,111,84.0,90.80112440029657
hybrid,3,106,1,107,83.0,85.39256440432821
hybrid,3,106,2,108,76.0,81.49713761559681
hybrid,3,106,3,109,95.0,101.07594091266199
hybrid,3,106,4,110,72.0,80.61291378148104
hybrid,3,106,5,111,84.0,89.8826028656435
naive,5,106,1,107,203.0,228.00000000000006
naive,5,106,2,108,149.0,228.00000000000006
naive,5,106,3,109,175.0,228.00000000000006
naive,5,106,4,110,204.0,228.00000000000006
naive,5,106,5,111,189.0,228.00000000000006
global_arima,5,106,1,107,203.0,231.41630670541238
global_arima,5,106,2,108,149.0,231.5546278265892
global_arima,5,106,3,109,175.0,231.56018691893001
global_arima,5,106,4,110,204.0,231.56041027095876
global_arima,5,106,5,111,189.0,231.56041924464162
community_arima,5,106,1,107,203.0,266.1990846913736
community_arima,5,106,2,108,149.0,281.82321014777204
community_arima,5,106,3,109,175.0,287.8060308137869
community_arima,5,106,4,110,204.0,290.0416318138456
community_arima,5,106,5,111,189.0,290.869497191469
hybrid,5,106,1,107,203.0,241.96029860032863
hybrid,5,106,2,108,149.0,296.6804416765591
hybrid,5,106,3,109,175.0,315.68729749768454
hybrid,5,106,4,110,204.0,357.34273316056766
hybrid,5,106,5,111,189.0,386.95347193172086
naive,0,107,1,108,279.0,224.0
naive,0,107,2,109,365.0,224.0
naive,0,107,3,110,360.0,224.0
naive,0,107,4,111,180.0,224.0
naive,0,107,5,112,204.0,224.0
global_arima,0,107,1,108,279.0,238.43556550063371
global_arima,0,107,2,109,365.0,239.03457051431008
global_arima,0,107,3,110,360.0,239.05866828636383
global_arima,0,107,4,111,180.0,239.05963652013835
global_arima,0,107,5,112,204.0,239.05967542122553
community_arima,0,107,1,108,279.0,187.45492513805138
community_arima,0,107,2,109,365.0,168.66574460228935
community_arima,0,107,3,110,360.0,158.42812610612899
community_arima,0,107,4,111,180.0,152.65551451840213
community_arima,0,107,5,112,204.0,149.33393774978973
hybrid,0,107,1,108,279.0,241.89794306456636
hybrid,0,107,2,109,365.0,184.12464363643997
hybrid,0,107,3,110,360.0,176.95126947147293
hybrid,0,107,4,111,180.0,164.34657320568598
hybrid,0,107,5,112,204.0,168.6135401783815
naive,1,107,1,108,60.0,94.99999999999999
naive,1,107,2,109,89.0,94.99999999999999
naive,1,107,3,110,64.0,94.99999999999999
naive,1,107,4,111,61.0,94.99999999999999
naive,1,107,5,112,78.0,94.99999999999999
global_arima,1,107,1,108,60.0,101.1222264400009
global_arima,1,107,2,109,89.0,101.3762687449083
global_arima,1,107,3,110,64.0,101.38648878216324
global_arima,1,107,4,111,61.0,101.38689941702297
global_arima,1,107,5,112,78.0,101.3869159152519
community_arima,1,107,1,108,60.0,93.81648797684477
community_arima,1,107,2,109,89.0,93.84234655248551
community_arima,1,107,3,110,64.0,93.84177805088949
community_arima,1,107,4,111,61.0,93.84179054771178
community_arima,1,107,5,112,78.0,93.8417902730054
hybrid,1,107,1,108,60.0,113.31232707901809
hybrid,1,107,2,109,89.0,82.79438329559308
hybrid,1,107,3,110,64.0,151.47989781542844
hybrid,1,107,4,111,61.0,78.65535886843705
hybrid,1,107,5,112,78.0,94.7734484278888
naive,2,107,1,108,80.0,76.00000000000001
naive,2,107,2,109,98.0,76.00000000000001
naive,2,107,3,110,131.0,76.00000000000001
naive,2,107,4,111,236.0,76.00000000000001
naive,2,107,5,112,277.0,76.00000000000001
global_arima,2,107,1,108,80.0,80.89778115200073
global_arima,2,107,2,109,98.0,81.10101499592663
global_arima,2,107,3,110,131.0,81.10919102573058
global_arima,2,107,4,111,236.0,81.10951953361838
global_arima,2,107,5,112,277.0,81.10953273220153
community_arima,2,107,1,108,80.0,91.9615051791123
community_arima,2,107,2,109,98.0,103.13724403486319
community_arima,2,107,3,110,131.0,110.51099612154924
community_arima,2,107,4,111,236.0,115.20449292287523
community_arima,2,107,5,112,277.0,118.12782536126608
hybrid,2,107,1,108,80.0,96.68693550249884
hybrid,2,107,2,109,98.0,115.04848955505338
hybrid,2,107,3,110,131.0,131.63607691697672
hybrid,2,107,4,111,236.0,107.44563510407403
hybrid,2,107,5,112,277.0,110.17348476271155
naive,3,107,1,108,76.0,82.99999999999999
naive,3,107,2,109,95.0,82.99999999999999
naive,3,107,3,110,72.0,82.99999999999999
naive,3,107,4,111,84.0,82.99999999999999
naive,3,107,5,112,60.0,82.99999999999999
global_arima,3,107,1,108,76.0,88.34889257389553
global_arima,3,107,2,109,95.0,88.57084532449882
global_arima,3,107,3,110,72.0,88.57977440967946
global_arima,3,107,4,111,84.0,88.5801331748727
global_arima,3,107,5,112,60.0,88.58014758911483
community_arima,3,107,1,108,76.0,85.2039246961418
community_arima,3,107,2,109,95.0,86.05963535221632
community_arima,3,107,3,110,72.0,86.38822975769865
community_arima,3,107,4,111,84.0,86.5138795497356
community_arima,3,107,5,112,60.0,86.56184897500549
hybrid,3,107,1,108,76.0,75.44090122763707
hybrid,3,107,2,109,95.0,90.67277987062647
hybrid,3,107,3,110,72.0,68.37696972335029
hybrid,3,107,4,111,84.0,84.5713565172252
hybrid,3,107,5,112,60.0,73.5770330434969
naive,5,107,1,108,149.0,202.99999999999994
naive,5,107,2,109,175.0,202.99999999999994
naive,5,107,3,110,204.0,202.99999999999994
naive,5,107,4,111,189.0,202.99999999999994
naive,5,107,5,112,372.0,202.99999999999994
global_arima,5,107,1,108,149.0,216.08223123494932
global_arima,5,107,2,109,175.0,216.6250795285935
global_arima,5,107,3,110,204.0,216.6469181345172
global_arima,5,107,4,111,189.0,216.6477955963754
global_arima,5,107,5,112,372.0,216.6478308504857
community_arima,5,107,1,108,149.0,239.51044730891337
community_arima,5,107,2,109,175.0,254.54844316865592
community_arima,5,107,3,110,204.0,260.32180014002864
community_arima,5,107,4,111,189.0,262.48120430244194
community_arima,5,107,5,112,372.0,263.2811366633125
hybrid,5,107,1,108,149.0,234.96837288636462
hybrid,5,107,2,109,175.0,256.12075831834653
hybrid,5,107,3,110,204.0,281.46133266833317
hybrid,5,107,4,111,189.0,346.36614503024464
hybrid,5,107,5,112,372.0,371.9667066518237
naive,0,108,1,109,365.0,278.9999999999999
naive,0,108,2,110,360.0,278.9999999999999
naive,0,108,3,111,180.0,278.9999999999999
naive,0,108,4,112,204.0,278.9999999999999
naive,0,108,5,113,173.0,278.9999999999999
global_arima,0,108,1,109,365.0,293.7510365692685
global_arima,0,108,2,110,360.0,294.35969666779204
global_arima,0,108,3,111,180.0,294.3841772753955
global_arima,0,108,4,112,204.0,294.38516088225043
global_arima,0,108,5,113,173.0,294.3852004009729
community_arima,0,108,1,109,365.0,226.44721652715842
community_arima,0,108,2,110,360.0,200.08731299077482
community_arima,0,108,3,111,180.0,185.93232625952174
community_arima,0,108,4,112,204.0,178.01923263055596
community_arima,0,108,5,113,173.0,173.48912833339415
hybrid,0,108,1,109,365.0,255.15331698267659
hybrid,0,108,2,110,360.0,209.68141634195757
hybrid,0,108,3,111,180.0,196.91753587478175
hybrid,0,108,4,112,204.0,202.45084717025006
hybrid,0,108,5,113,173.0,201.0716930934957
naive,1,108,1,109,89.0,60.00000000000001
naive,1,108,2,110,64.0,60.00000000000001
naive,1,108,3,111,61.0,60.00000000000001
naive,1,108,4,112,78.0,60.00000000000001
naive,1,108,5,113,94.0,60.00000000000001
global_arima,1,108,1,109,89.0,63.172265928874936
global_arima,1,108,2,110,64.0,63.30316057371871
global_arima,1,108,3,111,61.0,63.30842522051514
global_arima,1,108,4,112,78.0,63.30863674887106
global_arima,1,108,5,113,94.0,63.308645247521056
community_arima,1,108,1,109,89.0,59.43532420276997
community_arima,1,108,2,110,64.0,59.447680595175335
community_arima,1,108,3,111,61.0,59.447408948566874
community_arima,1,108,4,112,78.0,59.44741491991668
community_arima,1,108,5,113,94.0,59.447414788653866
hybrid,1,108,1,109,89.0,68.81994495133182
hybrid,1,108,2,110,64.0,43.983880745648094
hybrid,1,108,3,111,61.0,84.8335193842081
hybrid,1,108,4,112,78.0,78.26118601245639
hybrid,1,108,5,113,94.0,48.565848411177555
naive,2,108,1,109,98.0,80.00000000000003
naive,2,108,2,110,131.0,80.00000000000003
naive,2,108,3,111,236.0,80.00000000000003
naive,2,108,4,112,277.0,80.00000000000003
naive,2,108,5,113,271.0,80.00000000000003
global_arima,2,108,1,109,98.0,84.22968790516659
global_arima,2,108,2,110,131.0,84.40421409829163
global_arima,2,108,3,111,236.0,84.41123362735352
global_arima,2,108,4,112,277.0,84.4115156651614
global_arima,2,108,5,113,271.0,84.41152699669475
community_arima,2,108,1,109,98.0,93.43291008977474
community_arima,2,108,2,110,131.0,102.58142944114269
community_arima,2,108,3,111,236.0,108.5173147537547
community_arima,2,108,4,112,277.0,112.25752319462633
community_arima,2,108,5,113,271.0,114.57290674184715
hybrid,2,108,1,109,98.0,97.32488133958894
hybrid,2,108,2,110,131.0,124.45130658857094
hybrid,2,108,3,111,236.0,106.09145560317627
hybrid,2,108,4,112,277.0,100.57901635696557
hybrid,2,108,5,113,271.0,98.82709140902789
naive,3,108,1,109,95.0,76.00000000000001
naive,3,108,2,110,72.0,76.00000000000001
naive,3,108,3,111,84.0,76.00000000000001
naive,3,108,4,112,60.0,76.00000000000001
naive,3,108,5,113,49.0,76.00000000000001
global_arima,3,108,1,109,95.0,80.01820350990826
global_arima,3,108,2,110,72.0,80.18400339337704
global_arima,3,108,3,111,84.0,80.19067194598586
global_arima,3,108,4,112,60.0,80.19093988190333
global_arima,3,108,5,113,49.0,80.19095064686
community_arima,3,108,1,109,95.0,80.63705825178802
community_arima,3,108,2,110,72.0,82.47826603853203
community_arima,3,108,3,111,84.0,83.19137685803672
community_arima,3,108,4,112,60.0,83.4649536503522
community_arima,3,108,5,113,49.0,83.56952772229756
hybrid,3,108,1,109,95.0,71.07467575026784
hybrid,3,108,2,110,72.0,85.95409994714444
hybrid,3,108,3,111,84.0,84.17195599559919
hybrid,3,108,4,112,60.0,73.49822385885966
hybrid,3,108,5,113,49.0,69.32207483756068
naive,5,108,1,109,175.0,148.99999999999997
naive,5,108,2,110,204.0,148.99999999999997
naive,5,108,3,111,189.0,148.99999999999997
naive,5,108,4,112,372.0,148.99999999999997
naive,5,108,5,113,273.0,148.99999999999997
global_arima,5,108,1,109,175.0,156.87779372337278
global_arima,5,108,2,110,204.0,157.20284875806814
global_arima,5,108,3,111,189.0,157.21592263094595
global_arima,5,108,4,112,372.0,157.21644792636314
global_arima,5,108,5,113,273.0,157.21646903134393
community_arima,5,108,1,109,175.0,191.46234421871694
community_arima,5,108,2,110,204.0,209.97094491667045
community_arima,5,108,3,111,189.0,217.22865926931658
community_arima,5,108,4,112,372.0,219.96460285525993
community_arima,5,108,5,113,273.0,220.98104319117405
hybrid,5,108,1,109,175.0,176.11541508301994
hybrid,5,108,2,110,204.0,230.97918200333882
hybrid,5,108,3,111,189.0,277.68935416324564
hybrid,5,108,4,112,372.0,269.253685318416
hybrid,5,108,5,113,273.0,277.725801918109
naive,0,109,1,110,360.0,364.9999999999999
naive,0,109,2,111,180.0,364.9999999999999
naive,0,109,3,112,204.0,364.9999999999999
naive,0,109,4,113,173.0,364.9999999999999
naive,0,109,5,114,194.0,364.9999999999999
global_arima,0,109,1,110,360.0,337.72336397133967
global_arima,0,109,2,111,180.0,336.67105963634276
global_arima,0,109,3,112,204.0,336.6288493962997
global_arima,0,109,4,113,173.0,336.6271536138502
global_arima,0,109,5,114,194.0,336.62708548209173
community_arima,0,109,1,110,360.0,284.97017912788283
community_arima,0,109,2,111,180.0,246.0702309750818
community_arima,0,109,3,112,204.0,225.5644888030208
community_arima,0,109,4,113,173.0,214.22571460778403
community_arima,0,109,5,114,194.0,207.7762792448426
hybrid,0,109,1,110,360.0,292.66370755884816
hybrid,0,109,2,111,180.0,244.90409016570692
hybrid,0,109,3,112,204.0,221.8527646498761
hybrid,0,109,4,113,173.0,234.0213360817004
hybrid,0,109,5,114,194.0,255.986307105747
naive,1,109,1,110,64.0,89.0
naive,1,109,2,111,61.0,89.0
naive,1,109,3,112,78.0,89.0
naive,1,109,4,113,94.0,89.0
naive,1,109,5,114,69.0,89.0
global_arima,1,109,1,110,64.0,82.34898463958693
global_arima,1,109,2,111,61.0,82.09239536338222
global_arima,1,109,3,112,78.0,82.0821030034813
global_arima,1,109,4,113,94.0,82.0816895113224
global_arima,1,109,5,114,69.0,82.08167289837304
community_arima,1,109,1,110,64.0,89.79981451284556
community_arima,1,109,2,111,61.0,89.78215673546741
community_arima,1,109,3,112,78.0,89.78254485358075
community_arima,1,109,4,113,94.0,89.78253632191169
community_arima,1,109,5,114,69.0,89.78253650945565
hybrid,1,109,1,110,64.0,92.08530720348004
hybrid,1,109,2,111,61.0,105.26211678360775
hybrid,1,109,3,112,78.0,90.65421911905342
hybrid,1,109,4,113,94.0,78.61413550924978
hybrid,1,109,5,114,69.0,72.3998878491842
naive,2,109,1,110,131.0,97.99999999999999
naive,2,109,2,111,236.0,97.99999999999999
naive,2,109,3,112,277.0,97.99999999999999
naive,2,109,4,113,271.0,97.99999999999999
naive,2,109,5,114,277.0,97.99999999999999
global_arima,2,109,1,110,131.0,90.67641005257886
global_arima,2,109,2,111,236.0,90.39387354619615
global_arima,2,109,3,112,277.0,90.38254038585582
global_arima,2,109,4,113,271.0,90.38208507988307
global_arima,2,109,5,114,277.0,90.38206678697257
community_arima,2,109,1,110,131.0,106.11476804716274
community_arima,2,109,2,111,236.0,111.32281011726131
community_arima,2,109,3,112,277.0,114.58285858894466
community_arima,2,109,4,113,271.0,116.59299195378539
community_arima,2,109,5,114,277.0,117.82120928841297
hybrid,2,109,1,110,131.0,127.93740498031678
hybrid,2,109,2,111,236.0,135.8613534776015
hybrid,2,109,3,112,277.0,103.37589912544468
hybrid,2,109,4,113,271.0,76.0506818261213
hybrid,2,109,5,114,277.0,75.897046783587
naive,3,109,1,110,72.0,94.99999999999999
naive,3,109,2,111,84.0,94.99999999999999
naive,3,109,3,112,60.0,94.99999999999999
naive,3,109,4,113,49.0,94.99999999999999
naive,3,109,5,114,46.0,94.99999999999999
global_arima,3,109,1,110,72.0,87.90060158158154
global_arima,3,109,2,111,84.0,87.62671415192483
global_arima,3,109,3,112,60.0,87.61572792506432
global_arima,3,109,4,113,49.0,87.6152865570295
global_arima,3,109,5,114,46.0,87.61526882410607
community_arima,3,109,1,110,72.0,90.55072818363661
community_arima,3,109,2,111,84.0,88.90866053287762
community_arima,3,109,3,112,60.0,88.29017620309673
community_arima,3,109,4,113,49.0,88.05541347684846
community_arima,3,109,5,114,46.0,87.96603949489715
hybrid,3,109,1,110,72.0,77.371162639635
hybrid,3,109,2,111,84.0,83.1504279811832
hybrid,3,109,3,112,60.0,87.08754699710995
hybrid,3,109,4,113,49.0,72.12655611120638
hybrid,3,109,5,114,46.0,73.32233548125556
naive,5,109,1,110,204.0,174.99999999999991
naive,5,109,2,111,189.0,174.99999999999991
naive,5,109,3,112,372.0,174.99999999999991
naive,5,109,4,113,273.0,174.99999999999991
naive,5,109,5,114,351.0,174.99999999999991
global_arima,5,109,1,110,204.0,161.92216080817653
global_arima,5,109,2,111,189.0,161.4176313324931
global_arima,5,109,3,112,372.0,161.3973935461711
global_arima,5,109,4,113,273.0,161.3965804997912
global_arima,5,109,5,114,351.0,161.3965478338796
community_arima,5,109,1,110,204.0,198.94175296656545
community_arima,5,109,2,111,189.0,208.55951558180615
community_arima,5,109,3,112,372.0,212.21777599807479
community_arima,5,109,4,113,273.0,213.58137722617596
community_arima,5,109,5,114,351.0,214.08587135232705
hybrid,5,109,1,110,204.0,147.554794012732
hybrid,5,109,2,111,189.0,297.48450016830867
hybrid,5,109,3,112,372.0,218.96438731215454
hybrid,5,109,4,113,273.0,357.2413605451097
hybrid,5,109,5,114,351.0,233.91595408465508
naive,0,110,1,111,180.0,359.99999999999983
naive,0,110,2,112,204.0,359.99999999999983
naive,0,110,3,113,173.0,359.99999999999983
naive,0,110,4,114,194.0,359.99999999999983
naive,0,110,5,115,146.0,359.99999999999983
global_arima,0,110,1,111,180.0,345.952543297366
global_arima,0,110,2,112,204.0,345.3997401155783
global_arima,0,110,3,113,173.0,345.37754842822375
global_arima,0,110,4,114,194.0,345.37665685620806
global_arima,0,110,5,115,146.0,345.3766210353121
community_arima,0,110,1,111,180.0,292.57815486807914
community_arima,0,110,2,112,204.0,258.7290198158753
community_arima,0,110,3,113,173.0,240.54255702245487
community_arima,0,110,4,114,194.0,230.37248872496806
community_arima,0,110,5,115,146.0,224.54920639725205
hybrid,0,110,1,111,180.0,283.96156030435776
hybrid,0,110,2,112,204.0,247.17608586830397
hybrid,0,110,3,113,173.0,244.57937493091785
hybrid,0,110,4,114,194.0,263.224629137489
hybrid,0,110,5,115,146.0,294.42782656217634
naive,1,110,1,111,61.0,63.99999999999998
naive,1,110,2,112,78.0,63.99999999999998
naive,1,110,3,113,94.0,63.99999999999998
naive,1,110,4,114,69.0,63.99999999999998
naive,1,110,5,115,59.0,63.99999999999998
global_arima,1,110,1,111,61.0,61.50267436397617
global_arima,1,110,2,112,78.0,61.404398242769474
global_arima,1,110,3,113,94.0,61.400453053906446
global_arima,1,110,4,114,69.0,61.40029455221476
global_arima,1,110,5,115,59.0,61.400288184055476
community_arima,1,110,1,111,61.0,63.51759214866468
community_arima,1,110,2,112,78.0,63.5281579027519
community_arima,1,110,3,113,94.0,63.527925626690134
community_arima,1,110,4,114,69.0,63.52793073259678
community_arima,1,110,5,115,59.0,63.527930620358234
hybrid,1,110,1,111,61.0,56.578193384093346
hybrid,1,110,2,112,78.0,68.90132190917507
hybrid,1,110,3,113,94.0,64.32257982824046
hybrid,1,110,4,114,69.0,54.409473889147634
hybrid,1,110,5,115,59.0,55.85751145859092
naive,2,110,1,111,236.0,130.99999999999997
naive,2,110,2,112,277.0,130.99999999999997
naive,2,110,3,113,271.0,130.99999999999997
naive,2,110,4,114,277.0,130.99999999999997
naive,2,110,5,115,343.0,130.99999999999997
global_arima,2,110,1,111,236.0,125.88828658876372
global_arima,2,110,2,112,277.0,125.68712765316879
global_arima,2,110,3,113,271.0,125.67905234471475
global_arima,2,110,4,114,277.0,125.67872791156458
global_arima,2,110,5,115,343.0,125.67871487673854
community_arima,2,110,1,111,236.0,129.28678356395145
community_arima,2,110,2,112,277.0,128.2650975534985
community_arima,2,110,3,113,271.0,127.65326797312
community_arima,2,110,4,114,277.0,127.28595806766788
community_arima,2,110,5,115,343.0,127.06511129436213
hybrid,2,110,1,111,236.0,139.56287134223282
hybrid,2,110,2,112,277.0,172.64398001593318
hybrid,2,110,3,113,271.0,124.86780397599662
hybrid,2,110,4,114,277.0,84.07183741106765
hybrid,2,110,5,115,343.0,113.61993365698486
naive,3,110,1,111,84.0,71.99999999999999
naive,3,110,2,112,60.0,71.99999999999999
naive,3,110,3,113,49.0,71.99999999999999
naive,3,110,4,114,46.0,71.99999999999999
naive,3,110,5,115,57.0,71.99999999999999
global_arima,3,110,1,111,84.0,69.1905086594732
global_arima,3,110,2,112,60.0,69.07994802311566
global_arima,3,110,3,113,49.0,69.07550968564475
global_arima,3,110,4,114,46.0,69.07533137124162
global_arima,3,110,5,115,57.0,69.07532420706241
community_arima,3,110,1,111,84.0,78.02979379874984
community_arima,3,110,2,112,60.0,80.4585490436441
community_arima,3,110,3,113,49.0,81.4043965709941
community_arima,3,110,4,114,46.0,81.7680216312509
community_arima,3,110,5,115,57.0,81.90712768529794
hybrid,3,110,1,111,84.0,64.19989250150803
hybrid,3,110,2,112,60.0,89.37544507481167
hybrid,3,110,3,113,49.0,69.69180601362439
hybrid,3,110,4,114,46.0,67.8376649362704
hybrid,3,110,5,115,57.0,72.53800152252366
naive,5,110,1,111,189.0,204.00000000000006
naive,5,110,2,112,372.0,204.00000000000006
naive,5,110,3,113,273.0,204.00000000000006
naive,5,110,4,114,351.0,204.00000000000006
naive,5,110,5,115,468.0,204.00000000000006
global_arima,5,110,1,111,189.0,196.03977453517405
global_arima,5,110,2,112,372.0,195.7265193988277
global_arima,5,110,3,113,273.0,195.7139441093268
global_arima,5,110,4,114,351.0,195.71343888518456
global_arima,5,110,5,115,468.0,195.71341858667682
community_arima,5,110,1,111,189.0,211.7271860147298
community_arima,5,110,2,112,372.0,214.6464225286881
community_arima,5,110,3,113,273.0,215.7318263690396
community_arima,5,110,4,114,351.0,216.13302357482806
community_arima,5,110,5,115,468.0,216.28099658273757
hybrid,5,110,1,111,189.0,138.03698978783908
hybrid,5,110,2,112,372.0,403.53369267696127
hybrid,5,110,3,113,273.0,215.0728653280141
hybrid,5,110,4,114,351.0,251.06336166843573
hybrid,5,110,5,115,468.0,205.80295267135676
naive,0,111,1,112,204.0,180.00000000000006
naive,0,111,2,113,173.0,180.00000000000006
naive,0,111,3,114,194.0,180.00000000000006
naive,0,111,4,115,146.0,180.00000000000006
naive,0,111,5,116,160.0,180.00000000000006
global_arima,0,111,1,112,204.0,184.4451563797674
global_arima,0,111,2,113,173.0,184.626023606177
global_arima,0,111,3,114,194.0,184.63329406054905
global_arima,0,111,4,115,146.0,184.63358617364926
global_arima,0,111,5,116,160.0,184.6335979099705
community_arima,0,111,1,112,204.0,180.5659713698633
community_arima,0,111,2,113,173.0,180.90218545269832
community_arima,0,111,3,114,194.0,181.10171054744296
community_arima,0,111,4,115,146.0,181.22004699064473
community_arima,0,111,5,116,160.0,181.2902062577476
hybrid,0,111,1,112,204.0,204.3803911150647
hybrid,0,111,2,113,173.0,146.48960209477625
hybrid,0,111,3,114,194.0,225.48392030932385
hybrid,0,111,4,115,146.0,196.79228673402102
hybrid,0,111,5,116,160.0,220.56372538131046
naive,1,111,1,112,78.0,61.00000000000001
naive,1,111,2,113,94.0,61.00000000000001
naive,1,111,3,114,69.0,61.00000000000001
naive,1,111,4,115,59.0,61.00000000000001
naive,1,111,5,116,42.0,61.00000000000001
global_arima,1,111,1,112,78.0,62.50641410647673
global_arima,1,111,2,113,94.0,62.56770799987108
global_arima,1,111,3,114,69.0,62.57017187607495
global_arima,1,111,4,115,59.0,62.57027086995891
global_arima,1,111,5,116,42.0,62.570274847267775
community_arima,1,111,1,112,78.0,60.95660733991567
community_arima,1,111,2,113,94.0,60.95756087517365
community_arima,1,111,3,114,69.0,60.95753991430848
community_arima,1,111,4,115,59.0,60.95754037507225
community_arima,1,111,5,116,42.0,60.95754036494371
hybrid,1,111,1,112,78.0,56.28242111120634
hybrid,1,111,2,113,94.0,54.47700907438979
hybrid,1,111,3,114,69.0,77.94483837975137
hybrid,1,111,4,115,59.0,47.50847725765329
hybrid,1,111,5,116,42.0,53.71347263879935
naive,2,111,1,112,277.0,236.00000000000009
naive,2,111,2,113,271.0,236.00000000000009
naive,2,111,3,114,277.0,236.00000000000009
naive,2,111,4,115,343.0,236.00000000000009
naive,2,111,5,116,335.0,236.00000000000009
global_arima,2,111,1,112,277.0,241.82809392013948
global_arima,2,111,2,113,271.0,242.0652309503209
global_arima,2,111,3,114,277.0,242.07476332383098
global_arima,2,111,4,115,343.0,242.07514631656232
global_arima,2,111,5,116,335.0,242.07516170418356
community_arima,2,111,1,112,277.0,196.70823570193065
community_arima,2,111,2,113,271.0,176.2487841616616
community_arima,2,111,3,114,277.0,164.95617423460152
community_arima,2,111,4,115,343.0,158.5012913660809
community_arima,2,111,5,116,335.0,154.7332324990836
hybrid,2,111,1,112,277.0,227.98504732787364
hybrid,2,111,2,113,271.0,205.40744179747807
hybrid,2,111,3,114,277.0,152.56212708411243
hybrid,2,111,4,115,343.0,131.47149902617002
hybrid,2,111,5,116,335.0,172.39262587256147
naive,3,111,1,112,60.0,84.00000000000001
naive,3,111,2,113,49.0,84.00000000000001
naive,3,111,3,114,46.0,84.00000000000001
naive,3,111,4,115,57.0,84.00000000000001
naive,3,111,5,116,74.0,84.00000000000001
global_arima,3,111,1,112,60.0,86.07440631055813
global_arima,3,111,2,113,49.0,86.15881101621592
global_arima,3,111,3,114,46.0,86.16220389492288
global_arima,3,111,4,115,57.0,86.16234021436965
global_arima,3,111,5,116,74.0,86.16234569131956
community_arima,3,111,1,112,60.0,83.90846681482232
community_arima,3,111,2,113,49.0,83.87358274523869
community_arima,3,111,3,114,46.0,83.86028200966848
community_arima,3,111,4,115,57.0,83.85520976225816
community_arima,3,111,5,116,74.0,83.85327532663578
hybrid,3,111,1,112,60.0,82.19029115484582
hybrid,3,111,2,113,49.0,80.48640269989316
hybrid,3,111,3,114,46.0,95.85024692736786
hybrid,3,111,4,115,57.0,69.34858154740085
hybrid,3,111,5,116,74.0,63.125911205879895
naive,5,111,1,112,372.0,189.0
naive,5,111,2,113,273.0,189.0
naive,5,111,3,114,351.0,189.0
naive,5,111,4,115,468.0,189.0
naive,5,111,5,116,487.0,189.0
global_arima,5,111,1,112,372.0,193.66741419875578
global_arima,5,111,2,113,273.0,193.85732478648583
global_arima,5,111,3,114,351.0,193.8649587635765
global_arima,5,111,4,115,468.0,193.8652654823317
global_arima,5,111,5,116,487.0,193.86527780546905
community_arima,5,111,1,112,372.0,200.50055457252813
community_arima,5,111,2,113,273.0,204.91018314039388
community_arima,5,111,3,114,351.0,206.5587333995819
community_arima,5,111,4,115,468.0,207.16931789705734
community_arima,5,111,5,116,487.0,207.39468658816767
hybrid,5,111,1,112,372.0,123.88639624480861
hybrid,5,111,2,113,273.0,364.0123252797872
hybrid,5,111,3,114,351.0,243.7989683618945
hybrid,5,111,4,115,468.0,321.61900218877406
hybrid,5,111,5,116,487.0,260.31251395220823
naive,0,112,1,113,173.0,204.00000000000006
naive,0,112,2,114,194.0,204.00000000000006
naive,0,112,3,115,146.0,204.00000000000006
naive,0,112,4,116,160.0,204.00000000000006
naive,0,112,5,117,117.0,204.00000000000006
global_arima,0,112,1,113,173.0,183.79028330004223
global_arima,0,112,2,114,194.0,183.02149690708904
global_arima,0,112,3,115,146.0,182.99067636747466
global_arima,0,112,4,116,160.0,182.98943819017217
global_arima,0,112,5,117,117.0,182.9893884437433
community_arima,0,112,1,113,173.0,198.0047660025636
community_arima,0,112,2,114,194.0,194.53521530743117
community_arima,0,112,3,115,146.0,192.50786378610144
community_arima,0,112,4,116,160.0,191.31644243244892
community_arima,0,112,5,117,117.0,190.6139025044384
hybrid,0,112,1,113,173.0,192.2457475455442
hybrid,0,112,2,114,194.0,155.75573013038778
hybrid,0,112,3,115,146.0,219.35881447050986
hybrid,0,112,4,116,160.0,165.29187502311945
hybrid,0,112,5,117,117.0,189.9370335617519
naive,1,112,1,113,94.0,78.0
naive,1,112,2,114,69.0,78.0
naive,1,112,3,115,59.0,78.0
naive,1,112,4,116,42.0,78.0
naive,1,112,5,117,53.0,78.0
global_arima,1,112,1,113,94.0,70.2727553794279
global_arima,1,112,2,114,69.0,69.97880764094582
global_arima,1,112,3,115,59.0,69.9670233169756
global_arima,1,112,4,116,42.0,69.9665498962423
global_arima,1,112,5,117,53.0,69.96653087554891
community_arima,1,112,1,113,94.0,78.4189895656852
community_arima,1,112,2,114,69.0,78.40975545099029
community_arima,1,112,3,115,59.0,78.40995842468128
community_arima,1,112,4,116,42.0,78.40995396288776
community_arima,1,112,5,117,53.0,78.40995406096734
hybrid,1,112,1,113,94.0,77.58131095927111
hybrid,1,112,2,114,69.0,84.79422745728445
hybrid,1,112,3,115,59.0,74.7761986463342
hybrid,1,112,4,116,42.0,75.61030173210925
hybrid,1,112,5,117,53.0,67.21784673958831
naive,2,112,1,113,271.0,276.99999999999994
naive,2,112,2,114,277.0,276.99999999999994
naive,2,112,3,115,343.0,276.99999999999994
naive,2,112,4,116,335.0,276.99999999999994
naive,2,112,5,117,307.0,276.99999999999994
global_arima,2,112,1,113,271.0,249.55837487309654
global_arima,2,112,2,114,277.0,248.51448354541012
global_arima,2,112,3,115,343.0,248.47263408720823
global_arima,2,112,4,116,335.0,248.47095283665533
global_arima,2,112,5,117,307.0,248.47088528880832
community_arima,2,112,1,113,271.0,224.79107823262873
community_arima,2,112,2,114,277.0,198.18931196145587
community_arima,2,112,3,115,343.0,183.69630036431025
community_arima,2,112,4,116,335.0,175.4765824250394
community_arima,2,112,5,117,307.0,170.7008101050074
hybrid,2,112,1,113,271.0,327.1912836757886
hybrid,2,112,2,114,277.0,200.05523907859677
hybrid,2,112,3,115,343.0,208.90444666144444
hybrid,2,112,4,116,335.0,164.92593912835812
hybrid,2,112,5,117,307.0,177.19258862952276
naive,3,112,1,113,49.0,60.00000000000001
naive,3,112,2,114,46.0,60.00000000000001
naive,3,112,3,115,57.0,60.00000000000001
naive,3,112,4,116,74.0,60.00000000000001
naive,3,112,5,117,58.0,60.00000000000001
global_arima,3,112,1,113,49.0,54.055965676483005
global_arima,3,112,2,114,46.0,53.82985203149677
global_arima,3,112,3,115,57.0,53.82078716690431
global_arima,3,112,4,116,74.0,53.82042299710946
global_arima,3,112,5,117,58.0,53.82040836580686
community_arima,3,112,1,113,49.0,69.30246763913583
community_arima,3,112,2,114,46.0,73.21297865372557
community_arima,3,112,3,115,57.0,74.7610742021476
community_arima,3,112,4,116,74.0,75.35997640986132
community_arima,3,112,5,117,58.0,75.58963816752866
hybrid,3,112,1,113,49.0,65.2520492356387
hybrid,3,112,2,114,46.0,65.02213514492198
hybrid,3,112,3,115,57.0,67.48196424425272
hybrid,3,112,4,116,74.0,76.97832098383323
hybrid,3,112,5,117,58.0,58.7988037736916
naive,5,112,1,113,273.0,372.00000000000017
naive,5,112,2,114,351.0,372.00000000000017
naive,5,112,3,115,468.0,372.00000000000017
naive,5,112,4,116,487.0,372.00000000000017
naive,5,112,5,117,474.0,372.00000000000017
global_arima,5,112,1,113,273.0,335.14698719419465
global_arima,5,112,2,114,351.0,333.74508259528
global_arima,5,112,3,115,468.0,333.6888804348067
global_arima,5,112,4,116,487.0,333.6866225820786
global_arima,5,112,5,117,474.0,333.68653186800253
community_arima,5,112,1,113,273.0,297.03702876401394
community_arima,5,112,2,114,351.0,273.39583797819495
community_arima,5,112,3,115,468.0,265.16809827504403
community_arima,5,112,4,116,487.0,262.19988390044284
community_arima,5,112,5,117,474.0,261.114867624386
hybrid,5,112,1,113,273.0,346.6346344672445
hybrid,5,112,2,114,351.0,374.61902238655364
hybrid,5,112,3,115,468.0,255.46081809205177
hybrid,5,112,4,116,487.0,341.08976756994434
hybrid,5,112,5,117,474.0,304.2636991539493
naive,0,113,1,114,194.0,173.0
naive,0,113,2,115,146.0,173.0
naive,0,113,3,116,160.0,173.0
naive,0,113,4,117,117.0,173.0
naive,0,113,5,118,99.0,173.0
global_arima,0,113,1,114,194.0,174.9701802966378
global_arima,0,113,2,115,146.0,175.04980339380901
global_arima,0,113,3,116,160.0,175.05300318991863
global_arima,0,113,4,117,117.0,175.05313175026328
global_arima,0,113,5,118,99.0,175.0531369154709
community_arima,0,113,1,114,194.0,176.03447656657085
community_arima,0,113,2,115,146.0,177.85753739257134
community_arima,0,113,3,116,160.0,178.9466801346829
community_arima,0,113,4,117,117.0,179.59520365716432
community_arima,0,113,5,118,99.0,179.98060352296096
hybrid,0,113,1,114,194.0,264.3486835185773
hybrid,0,113,2,115,146.0,213.392777396269
hybrid,0,113,3,116,160.0,178.05404346221195
hybrid,0,113,4,117,117.0,126.36874839242724
hybrid,0,113,5,118,99.0,129.50562882970058
naive,1,113,1,114,69.0,94.0
naive,1,113,2,115,59.0,94.0
naive,1,113,3,116,42.0,94.0
naive,1,113,4,117,53.0,94.0
naive,1,113,5,118,63.0,94.0
global_arima,1,113,1,114,69.0,95.0705025889246
global_arima,1,113,2,115,59.0,95.11376600588466
global_arima,1,113,3,116,42.0,95.115504623424
global_arima,1,113,4,117,53.0,95.11557447702165
global_arima,1,113,5,118,63.0,95.11557728355066
community_arima,1,113,1,114,69.0,94.35898663477134
community_arima,1,113,2,115,59.0,94.35108079133863
community_arima,1,113,3,116,42.0,94.35125457133377
community_arima,1,113,4,117,53.0,94.3512507512811
community_arima,1,113,5,118,63.0,94.3512508352539
hybrid,1,113,1,114,69.0,80.1680329211872
hybrid,1,113,2,115,59.0,85.95738360694351
hybrid,1,113,3,116,42.0,77.03672301946618
hybrid,1,113,4,117,53.0,85.58177928628552
hybrid,1,113,5,118,63.0,87.43619078066554
naive,2,113,1,114,277.0,271.0000000000001
naive,2,113,2,115,343.0,271.0000000000001
naive,2,113,3,116,335.0,271.0000000000001
naive,2,113,4,117,307.0,271.0000000000001
naive,2,113,5,118,306.0,271.0000000000001
global_arima,2,113,1,114,277.0,274.0862361872188
global_arima,2,113,2,115,343.0,274.21096369781645
global_arima,2,113,3,116,335.0,274.21597609519046
global_arima,2,113,4,117,307.0,274.2161774816263
global_arima,2,113,5,118,306.0,274.2161855727897
community_arima,2,113,1,114,277.0,226.34957196467715
community_arima,2,113,2,115,343.0,203.0629563303881
community_arima,2,113,3,116,335.0,190.19766693282085
community_arima,2,113,4,117,307.0,182.8396346718142
community_arima,2,113,5,118,306.0,178.5428830360544
hybrid,2,113,1,114,277.0,249.4168888590184
hybrid,2,113,2,115,343.0,206.60539903803976
hybrid,2,113,3,116,335.0,220.36498379126968
hybrid,2,113,4,117,307.0,220.53639364323897
hybrid,2,113,5,118,306.0,190.64669377298657
naive,3,113,1,114,46.0,48.99999999999999
naive,3,113,2,115,57.0,48.99999999999999
naive,3,113,3,116,74.0,48.99999999999999
naive,3,113,4,117,58.0,48.99999999999999
naive,3,113,5,118,46.0,48.99999999999999
global_arima,3,113,1,114,46.0,49.558027945290476
global_arima,3,113,2,115,57.0,49.58058015200371
global_arima,3,113,3,116,74.0,49.581486452635914
global_arima,3,113,4,117,58.0,49.58152286568151
global_arima,3,113,5,118,46.0,49.581524328659384
community_arima,3,113,1,114,46.0,60.12002621913359
community_arima,3,113,2,115,57.0,64.9851318914036
community_arima,3,113,3,116,74.0,66.94103652050838
community_arima,3,113,4,117,58.0,67.70218342849664
community_arima,3,113,5,118,46.0,67.99472001833531
hybrid,3,113,1,114,46.0,58.63511577044162
hybrid,3,113,2,115,57.0,74.73626689848417
hybrid,3,113,3,116,74.0,81.0112695028779
hybrid,3,113,4,117,58.0,56.241494501237135
hybrid,3,113,5,118,46.0,58.97878704784513
naive,5,113,1,114,351.0,273.00000000000006
naive,5,113,2,115,468.0,273.00000000000006
naive,5,113,3,116,487.0,273.00000000000006
naive,5,113,4,117,474.0,273.00000000000006
naive,5,113,5,118,441.0,273.00000000000006
global_arima,5,113,1,114,351.0,276.10901283804697
global_arima,5,113,2,115,468.0,276.23466084687783
global_arima,5,113,3,116,487.0,276.2397102361144
global_arima,5,113,4,117,474.0,276.23991310879694
global_arima,5,113,5,118,441.0,276.23992125967374
community_arima,5,113,1,114,351.0,259.8840819051634
community_arima,5,113,2,115,468.0,255.21253089034388
community_arima,5,113,3,116,487.0,253.51287030868903
community_arima,5,113,4,117,474.0,252.88962512303965
community_arima,5,113,5,118,441.0,252.66042995626813
hybrid,5,113,1,114,351.0,301.8885714725131
hybrid,5,113,2,115,468.0,264.40407631711014
hybrid,5,113,3,116,487.0,274.08720792232367
hybrid,5,113,4,117,474.0,239.78571992443293
hybrid,5,113,5,118,441.0,335.8674238792495
naive,0,114,1,115,146.0,194.0
naive,0,114,2,116,160.0,194.0
naive,0,114,3,117,117.0,194.0
naive,0,114,4,118,99.0,194.0
naive,0,114,5,119,82.0,194.0
global_arima,0,114,1,115,146.0,188.1961553220033
global_arima,0,114,2,116,160.0,187.9666320671759
global_arima,0,114,3,117,117.0,187.95741629080342
global_arima,0,114,4,118,99.0,187.9570460353507
global_arima,0,114,5,119,82.0,187.95703115950673
community_arima,0,114,1,115,146.0,191.12353157041875
community_arima,0,114,2,116,160.0,189.4390757418191
community_arima,0,114,3,117,117.0,188.44788964150916
community_arima,0,114,4,118,99.0,187.86297546681396
community_arima,0,114,5,119,82.0,187.51722358952162
hybrid,0,114,1,115,146.0,205.4301525361729
hybrid,0,114,2,116,160.0,177.0108089951446
hybrid,0,114,3,117,117.0,200.09944457968072
hybrid,0,114,4,118,99.0,131.7639850004125
hybrid,0,114,5,119,82.0,155.8190914417688
naive,1,114,1,115,59.0,69.00000000000003
naive,1,114,2,116,42.0,69.00000000000003
naive,1,114,3,117,53.0,69.00000000000003
naive,1,114,4,118,63.0,69.00000000000003
naive,1,114,5,119,77.0,69.00000000000003
global_arima,1,114,1,115,59.0,66.93574596504241
global_arima,1,114,2,116,42.0,66.85411140533576
global_arima,1,114,3,117,53.0,66.85083362920328
global_arima,1,114,4,118,63.0,66.85070194040823
global_arima,1,114,5,119,77.0,66.85069664951527
community_arima,1,114,1,115,59.0,68.52612661210678
community_arima,1,114,2,116,42.0,68.53650878091301
community_arima,1,114,3,117,53.0,68.53628054237555
community_arima,1,114,4,118,63.0,68.53628555952983
community_arima,1,114,5,119,77.0,68.5362854492422
hybrid,1,114,1,115,59.0,72.5917217853109
hybrid,1,114,2,116,42.0,63.748448064741076
hybrid,1,114,3,117,53.0,74.54268475043898
hybrid,1,114,4,118,63.0,67.01277939657945
hybrid,1,114,5,119,77.0,69.6428106093365
naive,2,114,1,115,343.0,276.99999999999994
naive,2,114,2,116,335.0,276.99999999999994
naive,2,114,3,117,307.0,276.99999999999994
naive,2,114,4,118,306.0,276.99999999999994
naive,2,114,5,119,221.0,276.99999999999994
global_arima,2,114,1,115,343.0,268.71306713502537
global_arima,2,114,2,116,335.0,268.38534578663774
global_arima,2,114,3,117,307.0,268.3721871781059
global_arima,2,114,4,118,306.0,268.3716585143925
global_arima,2,114,5,119,221.0,268.37163727414105
community_arima,2,114,1,115,343.0,234.3967283931853
community_arima,2,114,2,116,335.0,211.94307404377818
community_arima,2,114,3,117,307.0,199.45953030937787
community_arima,2,114,4,118,306.0,192.29272943508383
community_arima,2,114,5,119,221.0,188.09809808906317
hybrid,2,114,1,115,343.0,256.56545535374346
hybrid,2,114,2,116,335.0,218.33923583503656
hybrid,2,114,3,117,307.0,194.95778646977618
hybrid,2,114,4,118,306.0,205.36828452522838
hybrid,2,114,5,119,221.0,198.02457675166303
naive,3,114,1,115,57.0,45.99999999999999
naive,3,114,2,116,74.0,45.99999999999999
naive,3,114,3,117,58.0,45.99999999999999
naive,3,114,4,118,46.0,45.99999999999999
naive,3,114,5,119,35.0,45.99999999999999
global_arima,3,114,1,115,57.0,44.62383064336161
global_arima,3,114,2,116,74.0,44.569407603557174
global_arima,3,114,3,117,58.0,44.567222419468855
global_arima,3,114,4,118,46.0,44.567134626938824
global_arima,3,114,5,119,35.0,44.56713109967685
community_arima,3,114,1,115,57.0,55.81546716623013
community_arima,3,114,2,116,74.0,60.077516417537346
community_arima,3,114,3,117,58.0,61.7859866258678
community_arima,3,114,4,118,46.0,62.450101026252156
community_arima,3,114,5,119,35.0,62.70523551426388
hybrid,3,114,1,115,57.0,55.914777840320156
hybrid,3,114,2,116,74.0,63.514019996578405
hybrid,3,114,3,117,58.0,58.7595767780277
hybrid,3,114,4,118,46.0,53.82084187638586
hybrid,3,114,5,119,35.0,56.820809567583545
naive,5,114,1,115,468.0,350.9999999999999
naive,5,114,2,116,487.0,350.9999999999999
naive,5,114,3,117,474.0,350.9999999999999
naive,5,114,4,118,441.0,350.9999999999999
naive,5,114,5,119,415.0,350.9999999999999
global_arima,5,114,1,115,468.0,340.49922947434624
global_arima,5,114,2,116,487.0,340.08395801844716
global_arima,5,114,3,117,474.0,340.0672841137732
global_arima,5,114,4,118,441.0,340.0666142185984
global_arima,5,114,5,119,415.0,340.066587304056
community_arima,5,114,1,115,468.0,305.70583712492856
community_arima,5,114,2,116,487.0,290.5321005811278
community_arima,5,114,3,117,474.0,285.13387508641836
community_arima,5,114,4,118,441.0,283.1706634613969
community_arima,5,114,5,119,415.0,282.450890084406
hybrid,5,114,1,115,468.0,363.1780970142525
hybrid,5,114,2,116,487.0,319.95564315870524
hybrid,5,114,3,117,474.0,271.195954124808
hybrid,5,114,4,118,441.0,363.68322807454877
hybrid,5,114,5,119,415.0,283.86338803418886
naive,0,115,1,116,160.0,145.99999999999997
naive,0,115,2,117,117.0,145.99999999999997
naive,0,115,3,118,99.0,145.99999999999997
naive,0,115,4,119,82.0,145.99999999999997
global_arima,0,115,1,116,160.0,136.13802514643606
global_arima,0,115,2,117,117.0,135.75601520536054
global_arima,0,115,3,118,99.0,135.74068947935115
global_arima,0,115,4,119,82.0,135.74007376939014
community_arima,0,115,1,116,160.0,155.20400433004997
community_arima,0,115,2,117,117.0,160.92771026501825
community_arima,0,115,3,118,99.0,164.41790098947106
community_arima,0,115,4,119,82.0,166.52148748865278
hybrid,0,115,1,116,160.0,152.2486783174851
hybrid,0,115,2,117,117.0,183.97035811174652
hybrid,0,115,3,118,99.0,174.42477540829378
hybrid,0,115,4,119,82.0,128.78572830943676
naive,1,115,1,116,42.0,58.999999999999986
naive,1,115,2,117,53.0,58.999999999999986
naive,1,115,3,118,63.0,58.999999999999986
naive,1,115,4,119,77.0,58.999999999999986
global_arima,1,115,1,116,42.0,55.01468139479266
global_arima,1,115,2,117,53.0,54.86030751449502
global_arima,1,115,3,118,63.0,54.854114241655594
global_arima,1,115,4,119,77.0,54.85386542735629
community_arima,1,115,1,116,42.0,58.81734592214339
community_arima,1,115,2,117,53.0,58.821355059000346
community_arima,1,115,3,118,63.0,58.821266926864666
community_arima,1,115,4,119,77.0,58.82126886419272
hybrid,1,115,1,116,42.0,51.70183902283597
hybrid,1,115,2,117,53.0,57.602103357111694
hybrid,1,115,3,118,63.0,69.64547229562802
hybrid,1,115,4,119,77.0,67.83708094704649
naive,2,115,1,116,335.0,342.99999999999994
naive,2,115,2,117,307.0,342.99999999999994
naive,2,115,3,118,306.0,342.99999999999994
naive,2,115,4,119,221.0,342.99999999999994
global_arima,2,115,1,116,335.0,319.83111387142173
global_arima,2,115,2,117,307.0,318.9336521605389
global_arima,2,115,3,118,306.0,318.8976472014893
global_arima,2,115,4,119,221.0,318.8962007048001
community_arima,2,115,1,116,335.0,277.7881518355764
community_arima,2,115,2,117,307.0,244.61981963585876
community_arima,2,115,3,118,306.0,226.56841041756385
community_arima,2,115,4,119,221.0,216.33706676068545
hybrid,2,115,1,116,335.0,284.5076005369258
hybrid,2,115,2,117,307.0,255.30239252021858
hybrid,2,115,3,118,306.0,215.18437777394803
hybrid,2,115,4,119,221.0,216.78894947051566
naive,3,115,1,116,74.0,56.999999999999986
naive,3,115,2,117,58.0,56.999999999999986
naive,3,115,3,118,46.0,56.999999999999986
naive,3,115,4,119,35.0,56.999999999999986
global_arima,3,115,1,116,74.0,53.14977694073189
global_arima,3,115,2,117,58.0,53.000636073325694
global_arima,3,115,3,118,46.0,52.99465274193845
global_arima,3,115,4,119,35.0,52.99441236202218
community_arima,3,115,1,116,74.0,60.799576513451946
community_arima,3,115,2,117,58.0,62.3134116429419
community_arima,3,115,3,118,46.0,62.90049621870719
community_arima,3,115,4,119,35.0,63.125837002460315
hybrid,3,115,1,116,74.0,58.89323769190234
hybrid,3,115,2,117,58.0,77.03753192252888
hybrid,3,115,3,118,46.0,64.25351405599878
hybrid,3,115,4,119,35.0,58.0026071911433
naive,5,115,1,116,487.0,467.9999999999999
naive,5,115,2,117,474.0,467.9999999999999
naive,5,115,3,118,441.0,467.9999999999999
naive,5,115,4,119,415.0,467.9999999999999
global_arima,5,115,1,116,487.0,436.38764225021976
global_arima,5,115,2,117,474.0,435.16311723362156
global_arima,5,115,3,118,441.0,435.1139909338105
global_arima,5,115,4,119,415.0,435.11201728818213
community_arima,5,115,1,116,487.0,375.22572658411605
community_arima,5,115,2,117,474.0,345.88638184747606
community_arima,5,115,3,118,441.0,335.6652881691716
community_arima,5,115,4,119,415.0,331.97660171578815
hybrid,5,115,1,116,487.0,500.2544873874298
hybrid,5,115,2,117,474.0,344.63454792269715
hybrid,5,115,3,118,441.0,328.13649434432335
hybrid,5,115,4,119,415.0,301.22806837116605
naive,0,116,1,117,117.0,160.00000000000003
naive,0,116,2,118,99.0,160.00000000000003
naive,0,116,3,119,82.0,160.00000000000003
global_arima,0,116,1,117,117.0,153.52376053243293
global_arima,0,116,2,118,99.0,153.2691075826507
global_arima,0,116,3,119,82.0,153.25888514085935
community_arima,0,116,1,117,117.0,164.59354800043295
community_arima,0,116,2,118,99.0,167.37716517147118
community_arima,0,116,3,119,82.0,169.04869090128287
hybrid,0,116,1,117,117.0,167.76290071587363
hybrid,0,116,2,118,99.0,171.1208485834522
hybrid,0,116,3,119,82.0,193.68297691333777
naive,1,116,1,117,53.0,42.0
naive,1,116,2,118,63.0,42.0
naive,1,116,3,119,77.0,42.0
global_arima,1,116,1,117,53.0,40.299987139763644
global_arima,1,116,2,118,63.0,40.233140740445805
global_arima,1,116,3,119,77.0,40.23045734947558
community_arima,1,116,1,117,53.0,41.69589959024675
community_arima,1,116,2,118,63.0,41.70256118190169
community_arima,1,116,3,119,77.0,41.702414734955696
hybrid,1,116,1,117,53.0,45.1796383325012
hybrid,1,116,2,118,63.0,37.109422454881155
hybrid,1,116,3,119,77.0,51.2133559988657
naive,2,116,1,117,307.0,335.0
naive,2,116,2,118,306.0,335.0
naive,2,116,3,119,221.0,335.0
global_arima,2,116,1,117,307.0,321.4403736147815
global_arima,2,116,2,118,306.0,320.9071940011749
global_arima,2,116,3,119,221.0,320.8857907636742
community_arima,2,116,1,117,307.0,279.4371679551716
community_arima,2,116,2,118,306.0,250.49339547499852
community_arima,2,116,3,119,221.0,234.51392356629148
hybrid,2,116,1,117,307.0,305.74613617584436
hybrid,2,116,2,118,306.0,242.92871797753804
hybrid,2,116,3,119,221.0,235.59035041310247
naive,3,116,1,117,58.0,73.99999999999997
naive,3,116,2,118,46.0,73.99999999999997
naive,3,116,3,119,35.0,73.99999999999997
global_arima,3,116,1,117,58.0,71.00473924625024
global_arima,3,116,2,118,46.0,70.88696225697593
global_arima,3,116,3,119,35.0,70.88223437764745
community_arima,3,116,1,117,58.0,69.69399910447748
community_arima,3,116,2,118,46.0,68.11763821263423
community_arima,3,116,3,119,35.0,67.5257289621431
hybrid,3,116,1,117,58.0,69.36143838390598
hybrid,3,116,2,118,46.0,65.1185503728798
hybrid,3,116,3,119,35.0,63.47437121267767
naive,5,116,1,117,474.0,487.00000000000017
naive,5,116,2,118,441.0,487.00000000000017
naive,5,116,3,119,415.0,487.00000000000017
global_arima,5,116,1,117,474.0,467.2879461205927
global_arima,5,116,2,118,441.0,466.512846204693
global_arima,5,116,3,119,415.0,466.4817316474907
community_arima,5,116,1,117,474.0,404.5329707498706
community_arima,5,116,2,118,441.0,377.80192856802176
community_arima,5,116,3,119,415.0,368.40562650599816
hybrid,5,116,1,117,474.0,472.9328794566963
hybrid,5,116,2,118,441.0,368.1105088908434
hybrid,5,116,3,119,415.0,377.8865307693938
naive,0,117,1,118,99.0,117.00000000000004
naive,0,117,2,119,82.0,117.00000000000004
global_arima,0,117,1,118,99.0,118.91551721659278
global_arima,0,117,2,119,82.0,118.99312875861924
community_arima,0,117,1,118,99.0,130.02280785733168
community_arima,0,117,2,119,82.0,138.40815283507735
hybrid,0,117,1,118,99.0,134.25193180562783
hybrid,0,117,2,119,82.0,165.8714022316228
naive,1,117,1,118,63.0,53.00000000000001
naive,1,117,2,119,77.0,53.00000000000001
global_arima,1,117,1,118,63.0,53.86771292717451
global_arima,1,117,2,119,77.0,53.902870292365975
community_arima,1,117,1,118,63.0,53.28445011243039
community_arima,1,117,2,119,77.0,53.278181223817086
hybrid,1,117,1,118,63.0,63.95025147019731
hybrid,1,117,2,119,77.0,43.46455708248282
naive,2,117,1,118,306.0,306.9999999999999
naive,2,117,2,119,221.0,306.9999999999999
global_arima,2,117,1,118,306.0,312.02618620080324
global_arima,2,117,2,119,221.0,312.2298335803086
community_arima,2,117,1,118,306.0,267.8081256059212
community_arima,2,117,2,119,221.0,246.6405254996327
hybrid,2,117,1,118,306.0,261.90405886345746
hybrid,2,117,2,119,221.0,250.2600617039941
naive,3,117,1,118,46.0,58.000000000000014
naive,3,117,2,119,35.0,58.000000000000014
global_arima,3,117,1,118,46.0,58.94957263728531
global_arima,3,117,2,119,35.0,58.98804673504201
community_arima,3,117,1,118,46.0,61.35344267892629
community_arima,3,117,2,119,35.0,62.682053971122016
hybrid,3,117,1,118,46.0,49.10319964194971
hybrid,3,117,2,119,35.0,62.31233793227178
naive,5,117,1,118,441.0,474.00000000000006
naive,5,117,2,119,415.0,474.00000000000006
global_arima,5,117,1,118,441.0,481.76030051850404
global_arima,5,117,2,119,415.0,482.0747267656882
community_arima,5,117,1,118,441.0,415.53045109818737
community_arima,5,117,2,119,415.0,395.8559070340887
hybrid,5,117,1,118,441.0,491.5036382255711
hybrid,5,117,2,119,415.0,375.65340645576237
naive,0,118,1,119,82.0,99.00000000000004
global_arima,0,118,1,119,82.0,102.03166118446528
community_arima,0,118,1,119,82.0,113.13585045135905
hybrid,0,118,1,119,82.0,104.02068750352869
naive,1,118,1,119,77.0,62.99999999999998
global_arima,1,118,1,119,77.0,64.92923893556882
community_arima,1,118,1,119,77.0,63.22168864401771
hybrid,1,118,1,119,77.0,61.80490222989648
naive,2,118,1,119,221.0,305.9999999999999
global_arima,2,118,1,119,221.0,315.37058911561996
community_arima,2,118,1,119,221.0,271.14307061396573
hybrid,2,118,1,119,221.0,257.02541445737904
naive,3,118,1,119,35.0,45.99999999999999
global_arima,3,118,1,119,35.0,47.40865065136771
community_arima,3,118,1,119,35.0,53.21200518183794
hybrid,3,118,1,119,35.0,46.42065189339352
naive,5,118,1,119,415.0,440.9999999999999
global_arima,5,118,1,119,415.0,454.5046725489817
community_arima,5,118,1,119,415.0,410.25478183737226
hybrid,5,118,1,119,415.0,462.2645977752718
