epoch,user,cid
2,user_0018,0
2,user_0032,0
2,user_0262,0
2,user_0010,0
2,user_0041,0
2,user_0030,0
2,user_0031,0
2,user_0059,0
2,user_0042,0
2,user_0003,0
2,user_0025,0
2,user_0054,0
2,user_0014,0
2,user_0023,0
2,user_0007,0
2,user_0039,0
2,user_0057,0
2,user_0021,0
2,user_0020,0
2,user_0001,0
2,user_0011,0
2,user_0034,0
2,user_0017,0
2,user_0016,0
2,user_0005,0
2,user_0040,0
2,user_0048,0
2,user_0008,0
2,user_0029,0
2,user_0046,0
2,user_0044,0
2,user_0028,0
2,user_0038,0
2,user_0009,0
2,user_0055,0
2,user_0019,0
2,user_0047,0
2,user_0294,0
2,user_0050,0
2,user_0058,0
2,user_0036,0
2,user_0037,0
2,user_0004,0
2,user_0052,0
2,user_0049,0
2,user_0026,0
2,user_0027,0
2,user_0035,0
2,user_0006,0
2,user_0012,0
2,user_0024,0
2,user_0043,0
2,user_0013,0
2,user_0053,0
2,user_0225,0
2,user_0002,0
2,user_0045,0
2,user_0056,0
2,user_0051,0
2,user_0000,0
2,user_0074,1
2,user_0096,1
2,user_0077,1
2,user_0087,1
2,user_0069,1
2,user_0094,1
2,user_0109,1
2,user_0073,1
2,user_0064,1
2,user_0092,1
2,user_0086,1
2,user_0076,1
2,user_0111,1
2,user_0081,1
2,user_0118,1
2,user_0088,1
2,user_0083,1
2,user_0102,1
2,user_0079,1
2,user_0103,1
2,user_0104,1
2,user_0091,1
2,user_0065,1
2,user_0062,1
2,user_0116,1
2,user_0067,1
2,user_0098,1
2,user_0072,1
2,user_0113,1
2,user_0075,1
2,user_0117,1
2,user_0068,1
2,user_0063,1
2,user_0090,1
2,user_0093,1
2,user_0089,1
2,user_0115,1
2,user_0100,1
2,user_0114,1
2,user_0084,1
2,user_0078,1
2,user_0110,1
2,user_0107,1
2,user_0106,1
2,user_0080,1
2,user_0099,1
2,user_0071,1
2,user_0095,1
2,user_0061,1
2,user_0060,1
2,user_0108,1
2,user_0082,1
2,user_0105,1
2,user_0070,1
2,user_0119,1
2,user_0112,1
2,user_0085,1
2,user_0097,1
2,user_0066,1
2,user_0101,1
2,user_0139,2
2,user_0179,2
2,user_0121,2
2,user_0141,2
2,user_0128,2
2,user_0162,2
2,user_0149,2
2,user_0134,2
2,user_0177,2
2,user_0174,2
2,user_0155,2
2,user_0157,2
2,user_0158,2
2,user_0148,2
2,user_0122,2
2,user_0147,2
2,user_0163,2
2,user_0152,2
2,user_0124,2
2,user_0168,2
2,user_0175,2
2,user_0144,2
2,user_0176,2
2,user_0143,2
2,user_0151,2
2,user_0159,2
2,user_0160,2
2,user_0131,2
2,user_0145,2
2,user_0164,2
2,user_0172,2
2,user_0129,2
2,user_0146,2
2,user_0166,2
2,user_0133,2
2,user_0170,2
2,user_0150,2
2,user_0165,2
2,user_0142,2
2,user_0153,2
2,user_0130,2
2,user_0135,2
2,user_0169,2
2,user_0126,2
2,user_0156,2
2,user_0125,2
2,user_0123,2
2,user_0120,2
2,user_0138,2
2,user_0136,2
2,user_0167,2
2,user_0137,2
2,user_0178,2
2,user_0132,2
2,user_0154,2
2,user_0173,2
2,user_0171,2
2,user_0127,2
2,user_0161,2
2,user_0140,2
2,user_0335,3
2,user_0349,3
2,user_0306,3
2,user_0340,3
2,user_0316,3
2,user_0302,3
2,user_0329,3
2,user_0312,3
2,user_0330,3
2,user_0315,3
2,user_0332,3
2,user_0313,3
2,user_0323,3
2,user_0308,3
2,user_0338,3
2,user_0319,3
2,user_0304,3
2,user_0327,3
2,user_0358,3
2,user_0311,3
2,user_0355,3
2,user_0345,3
2,user_0350,3
2,user_0310,3
2,user_0342,3
2,user_0300,3
2,user_0339,3
2,user_0343,3
2,user_0336,3
2,user_0359,3
2,user_0325,3
2,user_0307,3
2,user_0331,3
2,user_0344,3
2,user_0351,3
2,user_0321,3
2,user_0352,3
2,user_0318,3
2,user_0328,3
2,user_0347,3
2,user_0353,3
2,user_0357,3
2,user_0354,3
2,user_0303,3
2,user_0305,3
2,user_0348,3
2,user_0326,3
2,user_0341,3
2,user_0346,3
2,user_0356,3
2,user_0324,3
2,user_0309,3
2,user_0322,3
2,user_0301,3
2,user_0317,3
2,user_0320,3
2,user_0337,3
2,user_0334,3
2,user_0333,3
2,user_0314,3
2,user_0180,4
2,user_0223,4
2,user_0213,4
2,user_0205,4
2,user_0194,4
2,user_0187,4
2,user_0181,4
2,user_0200,4
2,user_0228,4
2,user_0234,4
2,user_0189,4
2,user_0188,4
2,user_0229,4
2,user_0203,4
2,user_0224,4
2,user_0218,4
2,user_0220,4
2,user_0296,4
2,user_0216,4
2,user_0191,4
2,user_0190,4
2,user_0197,4
2,user_0206,4
2,user_0239,4
2,user_0192,4
2,user_0185,4
2,user_0183,4
2,user_0236,4
2,user_0233,4
2,user_0211,4
2,user_0232,4
2,user_0219,4
2,user_0186,4
2,user_0208,4
2,user_0215,4
2,user_0226,4
2,user_0221,4
2,user_0217,4
2,user_0198,4
2,user_0212,4
2,user_0184,4
2,user_0237,4
2,user_0015,4
2,user_0214,4
2,user_0199,4
2,user_0196,4
2,user_0210,4
2,user_0227,4
2,user_0195,4
2,user_0033,4
2,user_0201,4
2,user_0204,4
2,user_0235,4
2,user_0207,4
2,user_0209,4
2,user_0182,4
2,user_0202,4
2,user_0230,4
2,user_0222,4
2,user_0238,4
2,user_0274,5
2,user_0291,5
2,user_0267,5
2,user_0281,5
2,user_0249,5
2,user_0280,5
2,user_0265,5
2,user_0288,5
2,user_0284,5
2,user_0272,5
2,user_0255,5
2,user_0287,5
2,user_0279,5
2,user_0022,5
2,user_0252,5
2,user_0244,5
2,user_0297,5
2,user_0269,5
2,user_0241,5
2,user_0299,5
2,user_0268,5
2,user_0286,5
2,user_0273,5
2,user_0282,5
2,user_0277,5
2,user_0246,5
2,user_0275,5
2,user_0270,5
2,user_0266,5
2,user_0258,5
2,user_0276,5
2,user_0231,5
2,user_0283,5
2,user_0245,5
2,user_0250,5
2,user_0248,5
2,user_0253,5
2,user_0243,5
2,user_0254,5
2,user_0292,5
2,user_0290,5
2,user_0242,5
2,user_0261,5
2,user_0285,5
2,user_0240,5
2,user_0259,5
2,user_0293,5
2,user_0264,5
2,user_0260,5
2,user_0271,5
2,user_0298,5
2,user_0256,5
2,user_0278,5
2,user_0257,5
2,user_0251,5
2,user_0289,5
2,user_0247,5
3,user_0018,0
3,user_0032,0
3,user_0010,0
3,user_0041,0
3,user_0030,0
3,user_0031,0
3,user_0059,0
3,user_0003,0
3,user_0228,0
3,user_0025,0
3,user_0054,0
3,user_0014,0
3,user_0023,0
3,user_0007,0
3,user_0039,0
3,user_0057,0
3,user_0220,0
3,user_0021,0
3,user_0020,0
3,user_0001,0
3,user_0011,0
3,user_0034,0
3,user_0016,0
3,user_0017,0
3,user_0005,0
3,user_0040,0
3,user_0048,0
3,user_0008,0
3,user_0046,0
3,user_0029,0
3,user_0044,0
3,user_0028,0
3,user_0038,0
3,user_0019,0
3,user_0055,0
3,user_0009,0
3,user_0047,0
3,user_0050,0
3,user_0058,0
3,user_0036,0
3,user_0015,0
3,user_0004,0
3,user_0052,0
3,user_0049,0
3,user_0026,0
3,user_0027,0
3,user_0035,0
3,user_0012,0
3,user_0006,0
3,user_0024,0
3,user_0033,0
3,user_0043,0
3,user_0013,0
3,user_0053,0
3,user_0002,0
3,user_0045,0
3,user_0037,0
3,user_0056,0
3,user_0308,0
3,user_0051,0
3,user_0022,0
3,user_0000,0
3,user_0139,2
3,user_0179,2
3,user_0121,2
3,user_0141,2
3,user_0128,2
3,user_0162,2
3,user_0149,2
3,user_0134,2
3,user_0177,2
3,user_0174,2
3,user_0155,2
3,user_0157,2
3,user_0158,2
3,user_0148,2
3,user_0122,2
3,user_0151,2
3,user_0163,2
3,user_0152,2
3,user_0124,2
3,user_0168,2
3,user_0175,2
3,user_0144,2
3,user_0147,2
3,user_0143,2
3,user_0159,2
3,user_0160,2
3,user_0145,2
3,user_0131,2
3,user_0164,2
3,user_0172,2
3,user_0129,2
3,user_0146,2
3,user_0166,2
3,user_0133,2
3,user_0170,2
3,user_0150,2
3,user_0142,2
3,user_0165,2
3,user_0153,2
3,user_0176,2
3,user_0130,2
3,user_0135,2
3,user_0126,2
3,user_0169,2
3,user_0156,2
3,user_0125,2
3,user_0123,2
3,user_0120,2
3,user_0136,2
3,user_0195,2
3,user_0137,2
3,user_0138,2
3,user_0167,2
3,user_0178,2
3,user_0225,2
3,user_0132,2
3,user_0154,2
3,user_0173,2
3,user_0171,2
3,user_0127,2
3,user_0161,2
3,user_0140,2
3,user_0335,3
3,user_0349,3
3,user_0340,3
3,user_0306,3
3,user_0316,3
3,user_0302,3
3,user_0329,3
3,user_0312,3
3,user_0330,3
3,user_0315,3
3,user_0332,3
3,user_0313,3
3,user_0323,3
3,user_0338,3
3,user_0319,3
3,user_0304,3
3,user_0327,3
3,user_0358,3
3,user_0311,3
3,user_0310,3
3,user_0355,3
3,user_0343,3
3,user_0350,3
3,user_0342,3
3,user_0339,3
3,user_0300,3
3,user_0345,3
3,user_0336,3
3,user_0359,3
3,user_0325,3
3,user_0307,3
3,user_0344,3
3,user_0331,3
3,user_0321,3
3,user_0351,3
3,user_0352,3
3,user_0318,3
3,user_0328,3
3,user_0347,3
3,user_0353,3
3,user_0357,3
3,user_0354,3
3,user_0303,3
3,user_0305,3
3,user_0348,3
3,user_0326,3
3,user_0341,3
3,user_0259,3
3,user_0346,3
3,user_0356,3
3,user_0309,3
3,user_0324,3
3,user_0322,3
3,user_0301,3
3,user_0317,3
3,user_0320,3
3,user_0337,3
3,user_0334,3
3,user_0333,3
3,user_0314,3
3,user_0074,1
3,user_0096,1
3,user_0077,1
3,user_0087,1
3,user_0069,1
3,user_0094,1
3,user_0109,1
3,user_0073,1
3,user_0064,1
3,user_0092,1
3,user_0086,1
3,user_0111,1
3,user_0088,1
3,user_0076,1
3,user_0081,1
3,user_0118,1
3,user_0102,1
3,user_0079,1
3,user_0104,1
3,user_0083,1
3,user_0091,1
3,user_0065,1
3,user_0103,1
3,user_0062,1
3,user_0067,1
3,user_0116,1
3,user_0072,1
3,user_0098,1
3,user_0113,1
3,user_0075,1
3,user_0068,1
3,user_0090,1
3,user_0063,1
3,user_0117,1
3,user_0093,1
3,user_0089,1
3,user_0115,1
3,user_0100,1
3,user_0114,1
3,user_0084,1
3,user_0110,1
3,user_0107,1
3,user_0078,1
3,user_0106,1
3,user_0080,1
3,user_0099,1
3,user_0071,1
3,user_0095,1
3,user_0060,1
3,user_0061,1
3,user_0108,1
3,user_0105,1
3,user_0082,1
3,user_0070,1
3,user_0112,1
3,user_0119,1
3,user_0085,1
3,user_0097,1
3,user_0066,1
3,user_0101,1
3,user_0274,5
3,user_0291,5
3,user_0262,5
3,user_0267,5
3,user_0281,5
3,user_0249,5
3,user_0280,5
3,user_0265,5
3,user_0284,5
3,user_0288,5
3,user_0272,5
3,user_0255,5
3,user_0287,5
3,user_0279,5
3,user_0297,5
3,user_0244,5
3,user_0269,5
3,user_0296,5
3,user_0241,5
3,user_0252,5
3,user_0299,5
3,user_0268,5
3,user_0273,5
3,user_0282,5
3,user_0277,5
3,user_0270,5
3,user_0246,5
3,user_0286,5
3,user_0266,5
3,user_0258,5
3,user_0276,5
3,user_0295,5
3,user_0231,5
3,user_0245,5
3,user_0283,5
3,user_0250,5
3,user_0294,5
3,user_0248,5
3,user_0253,5
3,user_0243,5
3,user_0254,5
3,user_0292,5
3,user_0290,5
3,user_0242,5
3,user_0261,5
3,user_0285,5
3,user_0240,5
3,user_0260,5
3,user_0293,5
3,user_0264,5
3,user_0271,5
3,user_0298,5
3,user_0278,5
3,user_0256,5
3,user_0275,5
3,user_0257,5
3,user_0251,5
3,user_0289,5
3,user_0247,5
3,user_0180,4
3,user_0223,4
3,user_0205,4
3,user_0213,4
3,user_0194,4
3,user_0187,4
3,user_0181,4
3,user_0200,4
3,user_0042,4
3,user_0234,4
3,user_0189,4
3,user_0188,4
3,user_0203,4
3,user_0229,4
3,user_0224,4
3,user_0218,4
3,user_0216,4
3,user_0190,4
3,user_0191,4
3,user_0185,4
3,user_0197,4
3,user_0239,4
3,user_0192,4
3,user_0206,4
3,user_0233,4
3,user_0236,4
3,user_0183,4
3,user_0211,4
3,user_0232,4
3,user_0219,4
3,user_0186,4
3,user_0208,4
3,user_0215,4
3,user_0226,4
3,user_0221,4
3,user_0217,4
3,user_0198,4
3,user_0212,4
3,user_0184,4
3,user_0237,4
3,user_0193,4
3,user_0214,4
3,user_0210,4
3,user_0196,4
3,user_0199,4
3,user_0227,4
3,user_0201,4
3,user_0204,4
3,user_0235,4
3,user_0207,4
3,user_0209,4
3,user_0182,4
3,user_0202,4
3,user_0230,4
3,user_0222,4
3,user_0238,4
4,user_0139,2
4,user_0179,2
4,user_0121,2
4,user_0141,2
4,user_0128,2
4,user_0162,2
4,user_0149,2
4,user_0134,2
4,user_0177,2
4,user_0174,2
4,user_0155,2
4,user_0157,2
4,user_0158,2
4,user_0176,2
4,user_0122,2
4,user_0151,2
4,user_0147,2
4,user_0152,2
4,user_0124,2
4,user_0168,2
4,user_0163,2
4,user_0175,2
4,user_0144,2
4,user_0143,2
4,user_0159,2
4,user_0148,2
4,user_0160,2
4,user_0131,2
4,user_0145,2
4,user_0164,2
4,user_0172,2
4,user_0129,2
4,user_0019,2
4,user_0166,2
4,user_0133,2
4,user_0146,2
4,user_0170,2
4,user_0150,2
4,user_0142,2
4,user_0165,2
4,user_0153,2
4,user_0130,2
4,user_0135,2
4,user_0169,2
4,user_0126,2
4,user_0156,2
4,user_0125,2
4,user_0012,2
4,user_0123,2
4,user_0120,2
4,user_0136,2
4,user_0138,2
4,user_0167,2
4,user_0137,2
4,user_0132,2
4,user_0154,2
4,user_0171,2
4,user_0173,2
4,user_0037,2
4,user_0127,2
4,user_0161,2
4,user_0140,2
4,user_0263,5
4,user_0274,5
4,user_0262,5
4,user_0267,5
4,user_0291,5
4,user_0281,5
4,user_0249,5
4,user_0280,5
4,user_0265,5
4,user_0288,5
4,user_0284,5
4,user_0272,5
4,user_0230,5
4,user_0255,5
4,user_0287,5
4,user_0279,5
4,user_0252,5
4,user_0297,5
4,user_0244,5
4,user_0269,5
4,user_0296,5
4,user_0241,5
4,user_0268,5
4,user_0299,5
4,user_0286,5
4,user_0282,5
4,user_0277,5
4,user_0246,5
4,user_0270,5
4,user_0266,5
4,user_0258,5
4,user_0276,5
4,user_0295,5
4,user_0283,5
4,user_0245,5
4,user_0250,5
4,user_0294,5
4,user_0248,5
4,user_0253,5
4,user_0243,5
4,user_0254,5
4,user_0290,5
4,user_0292,5
4,user_0242,5
4,user_0261,5
4,user_0222,5
4,user_0285,5
4,user_0240,5
4,user_0260,5
4,user_0293,5
4,user_0264,5
4,user_0259,5
4,user_0271,5
4,user_0298,5
4,user_0278,5
4,user_0256,5
4,user_0275,5
4,user_0257,5
4,user_0251,5
4,user_0289,5
4,user_0247,5
4,user_0074,1
4,user_0096,1
4,user_0077,1
4,user_0087,1
4,user_0069,1
4,user_0094,1
4,user_0109,1
4,user_0073,1
4,user_0064,1
4,user_0092,1
4,user_0086,1
4,user_0111,1
4,user_0088,1
4,user_0083,1
4,user_0118,1
4,user_0081,1
4,user_0076,1
4,user_0103,1
4,user_0079,1
4,user_0104,1
4,user_0091,1
4,user_0065,1
4,user_0102,1
4,user_0062,1
4,user_0116,1
4,user_0067,1
4,user_0098,1
4,user_0072,1
4,user_0113,1
4,user_0347,1
4,user_0068,1
4,user_0090,1
4,user_0117,1
4,user_0075,1
4,user_0063,1
4,user_0093,1
4,user_0089,1
4,user_0115,1
4,user_0100,1
4,user_0107,1
4,user_0078,1
4,user_0084,1
4,user_0110,1
4,user_0114,1
4,user_0106,1
4,user_0080,1
4,user_0099,1
4,user_0071,1
4,user_0095,1
4,user_0061,1
4,user_0060,1
4,user_0105,1
4,user_0082,1
4,user_0070,1
4,user_0108,1
4,user_0119,1
4,user_0112,1
4,user_0085,1
4,user_0097,1
4,user_0066,1
4,user_0101,1
4,user_0335,3
4,user_0340,3
4,user_0306,3
4,user_0349,3
4,user_0316,3
4,user_0302,3
4,user_0329,3
4,user_0312,3
4,user_0330,3
4,user_0315,3
4,user_0332,3
4,user_0313,3
4,user_0323,3
4,user_0338,3
4,user_0319,3
4,user_0304,3
4,user_0327,3
4,user_0358,3
4,user_0311,3
4,user_0310,3
4,user_0355,3
4,user_0350,3
4,user_0343,3
4,user_0345,3
4,user_0300,3
4,user_0342,3
4,user_0339,3
4,user_0336,3
4,user_0359,3
4,user_0325,3
4,user_0307,3
4,user_0344,3
4,user_0321,3
4,user_0351,3
4,user_0352,3
4,user_0318,3
4,user_0328,3
4,user_0353,3
4,user_0357,3
4,user_0354,3
4,user_0303,3
4,user_0305,3
4,user_0348,3
4,user_0326,3
4,user_0333,3
4,user_0341,3
4,user_0346,3
4,user_0356,3
4,user_0324,3
4,user_0309,3
4,user_0322,3
4,user_0301,3
4,user_0317,3
4,user_0334,3
4,user_0320,3
4,user_0337,3
4,user_0331,3
4,user_0308,3
4,user_0314,3
4,user_0180,4
4,user_0213,4
4,user_0205,4
4,user_0223,4
4,user_0194,4
4,user_0187,4
4,user_0181,4
4,user_0200,4
4,user_0234,4
4,user_0189,4
4,user_0182,4
4,user_0188,4
4,user_0203,4
4,user_0229,4
4,user_0224,4
4,user_0218,4
4,user_0220,4
4,user_0216,4
4,user_0197,4
4,user_0190,4
4,user_0239,4
4,user_0192,4
4,user_0185,4
4,user_0206,4
4,user_0191,4
4,user_0273,4
4,user_0183,4
4,user_0236,4
4,user_0233,4
4,user_0211,4
4,user_0232,4
4,user_0186,4
4,user_0208,4
4,user_0231,4
4,user_0215,4
4,user_0226,4
4,user_0217,4
4,user_0198,4
4,user_0184,4
4,user_0212,4
4,user_0237,4
4,user_0193,4
4,user_0214,4
4,user_0209,4
4,user_0210,4
4,user_0196,4
4,user_0199,4
4,user_0227,4
4,user_0195,4
4,user_0178,4
4,user_0201,4
4,user_0204,4
4,user_0235,4
4,user_0225,4
4,user_0207,4
4,user_0221,4
4,user_0219,4
4,user_0202,4
4,user_0238,4
4,user_0018,0
4,user_0032,0
4,user_0010,0
4,user_0041,0
4,user_0030,0
4,user_0031,0
4,user_0059,0
4,user_0042,0
4,user_0003,0
4,user_0228,0
4,user_0025,0
4,user_0054,0
4,user_0014,0
4,user_0007,0
4,user_0023,0
4,user_0039,0
4,user_0057,0
4,user_0000,0
4,user_0021,0
4,user_0020,0
4,user_0001,0
4,user_0011,0
4,user_0034,0
4,user_0017,0
4,user_0040,0
4,user_0005,0
4,user_0016,0
4,user_0048,0
4,user_0008,0
4,user_0029,0
4,user_0044,0
4,user_0028,0
4,user_0038,0
4,user_0009,0
4,user_0055,0
4,user_0047,0
4,user_0050,0
4,user_0058,0
4,user_0036,0
4,user_0015,0
4,user_0004,0
4,user_0052,0
4,user_0049,0
4,user_0026,0
4,user_0027,0
4,user_0035,0
4,user_0006,0
4,user_0024,0
4,user_0043,0
4,user_0033,0
4,user_0013,0
4,user_0053,0
4,user_0002,0
4,user_0045,0
4,user_0056,0
4,user_0051,0
4,user_0022,0
4,user_0046,0
5,user_0349,3
5,user_0340,3
5,user_0316,3
5,user_0329,3
5,user_0312,3
5,user_0315,3
5,user_0327,3
5,user_0358,3
5,user_0092,3
5,user_0311,3
5,user_0310,3
5,user_0350,3
5,user_0342,3
5,user_0339,3
5,user_0325,3
5,user_0344,3
5,user_0321,3
5,user_0351,3
5,user_0072,3
5,user_0318,3
5,user_0250,3
5,user_0328,3
5,user_0357,3
5,user_0354,3
5,user_0326,3
5,user_0259,3
5,user_0346,3
5,user_0356,3
5,user_0324,3
5,user_0301,3
5,user_0317,3
5,user_0097,3
5,user_0308,3
5,user_0074,3
5,user_0335,3
5,user_0306,3
5,user_0302,3
5,user_0330,3
5,user_0332,3
5,user_0313,3
5,user_0323,3
5,user_0338,3
5,user_0319,3
5,user_0304,3
5,user_0355,3
5,user_0345,3
5,user_0343,3
5,user_0300,3
5,user_0336,3
5,user_0359,3
5,user_0307,3
5,user_0258,3
5,user_0352,3
5,user_0347,3
5,user_0353,3
5,user_0303,3
5,user_0305,3
5,user_0348,3
5,user_0341,3
5,user_0309,3
5,user_0322,3
5,user_0334,3
5,user_0320,3
5,user_0337,3
5,user_0331,3
5,user_0333,3
5,user_0314,3
5,user_0180,4
5,user_0213,4
5,user_0223,4
5,user_0205,4
5,user_0194,4
5,user_0187,4
5,user_0181,4
5,user_0200,4
5,user_0228,4
5,user_0265,4
5,user_0234,4
5,user_0189,4
5,user_0188,4
5,user_0203,4
5,user_0229,4
5,user_0224,4
5,user_0218,4
5,user_0220,4
5,user_0216,4
5,user_0190,4
5,user_0197,4
5,user_0185,4
5,user_0192,4
5,user_0239,4
5,user_0206,4
5,user_0191,4
5,user_0183,4
5,user_0236,4
5,user_0233,4
5,user_0211,4
5,user_0232,4
5,user_0219,4
5,user_0186,4
5,user_0231,4
5,user_0208,4
5,user_0215,4
5,user_0226,4
5,user_0221,4
5,user_0217,4
5,user_0198,4
5,user_0184,4
5,user_0212,4
5,user_0237,4
5,user_0100,4
5,user_0193,4
5,user_0214,4
5,user_0210,4
5,user_0199,4
5,user_0196,4
5,user_0227,4
5,user_0195,4
5,user_0201,4
5,user_0204,4
5,user_0225,4
5,user_0235,4
5,user_0207,4
5,user_0209,4
5,user_0182,4
5,user_0202,4
5,user_0230,4
5,user_0238,4
5,user_0139,2
5,user_0179,2
5,user_0121,2
5,user_0141,2
5,user_0128,2
5,user_0162,2
5,user_0149,2
5,user_0134,2
5,user_0177,2
5,user_0174,2
5,user_0155,2
5,user_0157,2
5,user_0158,2
5,user_0148,2
5,user_0122,2
5,user_0151,2
5,user_0163,2
5,user_0152,2
5,user_0124,2
5,user_0168,2
5,user_0175,2
5,user_0144,2
5,user_0176,2
5,user_0143,2
5,user_0147,2
5,user_0159,2
5,user_0160,2
5,user_0145,2
5,user_0131,2
5,user_0164,2
5,user_0172,2
5,user_0129,2
5,user_0146,2
5,user_0166,2
5,user_0133,2
5,user_0075,2
5,user_0170,2
5,user_0150,2
5,user_0142,2
5,user_0165,2
5,user_0153,2
5,user_0130,2
5,user_0135,2
5,user_0169,2
5,user_0126,2
5,user_0156,2
5,user_0125,2
5,user_0123,2
5,user_0120,2
5,user_0136,2
5,user_0138,2
5,user_0137,2
5,user_0167,2
5,user_0178,2
5,user_0132,2
5,user_0154,2
5,user_0171,2
5,user_0173,2
5,user_0127,2
5,user_0161,2
5,user_0140,2
5,user_0018,0
5,user_0032,0
5,user_0010,0
5,user_0041,0
5,user_0030,0
5,user_0031,0
5,user_0059,0
5,user_0042,0
5,user_0003,0
5,user_0025,0
5,user_0054,0
5,user_0014,0
5,user_0007,0
5,user_0023,0
5,user_0039,0
5,user_0057,0
5,user_0000,0
5,user_0021,0
5,user_0252,0
5,user_0020,0
5,user_0001,0
5,user_0011,0
5,user_0034,0
5,user_0017,0
5,user_0016,0
5,user_0040,0
5,user_0005,0
5,user_0048,0
5,user_0008,0
5,user_0029,0
5,user_0046,0
5,user_0044,0
5,user_0038,0
5,user_0019,0
5,user_0055,0
5,user_0009,0
5,user_0047,0
5,user_0050,0
5,user_0058,0
5,user_0036,0
5,user_0015,0
5,user_0037,0
5,user_0004,0
5,user_0052,0
5,user_0049,0
5,user_0026,0
5,user_0027,0
5,user_0035,0
5,user_0006,0
5,user_0012,0
5,user_0024,0
5,user_0043,0
5,user_0013,0
5,user_0053,0
5,user_0033,0
5,user_0002,0
5,user_0045,0
5,user_0056,0
5,user_0051,0
5,user_0022,0
5,user_0028,0
5,user_0263,5
5,user_0274,5
5,user_0262,5
5,user_0267,5
5,user_0291,5
5,user_0281,5
5,user_0249,5
5,user_0288,5
5,user_0272,5
5,user_0255,5
5,user_0287,5
5,user_0279,5
5,user_0297,5
5,user_0269,5
5,user_0244,5
5,user_0296,5
5,user_0241,5
5,user_0268,5
5,user_0299,5
5,user_0273,5
5,user_0275,5
5,user_0277,5
5,user_0246,5
5,user_0286,5
5,user_0270,5
5,user_0282,5
5,user_0266,5
5,user_0295,5
5,user_0276,5
5,user_0245,5
5,user_0283,5
5,user_0294,5
5,user_0248,5
5,user_0253,5
5,user_0243,5
5,user_0290,5
5,user_0292,5
5,user_0254,5
5,user_0242,5
5,user_0261,5
5,user_0222,5
5,user_0285,5
5,user_0240,5
5,user_0260,5
5,user_0293,5
5,user_0264,5
5,user_0271,5
5,user_0298,5
5,user_0278,5
5,user_0256,5
5,user_0284,5
5,user_0257,5
5,user_0251,5
5,user_0289,5
5,user_0247,5
5,user_0096,1
5,user_0077,1
5,user_0087,1
5,user_0069,1
5,user_0094,1
5,user_0109,1
5,user_0073,1
5,user_0064,1
5,user_0086,1
5,user_0111,1
5,user_0088,1
5,user_0118,1
5,user_0081,1
5,user_0083,1
5,user_0102,1
5,user_0104,1
5,user_0103,1
5,user_0076,1
5,user_0091,1
5,user_0065,1
5,user_0079,1
5,user_0062,1
5,user_0116,1
5,user_0067,1
5,user_0098,1
5,user_0113,1
5,user_0068,1
5,user_0090,1
5,user_0117,1
5,user_0063,1
5,user_0093,1
5,user_0089,1
5,user_0115,1
5,user_0107,1
5,user_0084,1
5,user_0078,1
5,user_0114,1
5,user_0110,1
5,user_0106,1
5,user_0080,1
5,user_0099,1
5,user_0071,1
5,user_0095,1
5,user_0061,1
5,user_0060,1
5,user_0070,1
5,user_0105,1
5,user_0108,1
5,user_0082,1
5,user_0119,1
5,user_0112,1
5,user_0085,1
5,user_0066,1
5,user_0101,1
6,user_0179,2
6,user_0141,2
6,user_0128,2
6,user_0162,2
6,user_0134,2
6,user_0177,2
6,user_0174,2
6,user_0157,2
6,user_0158,2
6,user_0176,2
6,user_0122,2
6,user_0147,2
6,user_0124,2
6,user_0168,2
6,user_0175,2
6,user_0145,2
6,user_0164,2
6,user_0270,2
6,user_0172,2
6,user_0276,2
6,user_0129,2
6,user_0133,2
6,user_0150,2
6,user_0142,2
6,user_0153,2
6,user_0130,2
6,user_0169,2
6,user_0138,2
6,user_0136,2
6,user_0120,2
6,user_0123,2
6,user_0137,2
6,user_0178,2
6,user_0132,2
6,user_0171,2
6,user_0139,2
6,user_0121,2
6,user_0149,2
6,user_0155,2
6,user_0148,2
6,user_0151,2
6,user_0163,2
6,user_0152,2
6,user_0144,2
6,user_0143,2
6,user_0159,2
6,user_0160,2
6,user_0131,2
6,user_0146,2
6,user_0166,2
6,user_0075,2
6,user_0170,2
6,user_0165,2
6,user_0254,2
6,user_0135,2
6,user_0126,2
6,user_0156,2
6,user_0125,2
6,user_0167,2
6,user_0154,2
6,user_0173,2
6,user_0127,2
6,user_0161,2
6,user_0140,2
6,user_0335,3
6,user_0340,3
6,user_0349,3
6,user_0306,3
6,user_0316,3
6,user_0302,3
6,user_0329,3
6,user_0312,3
6,user_0330,3
6,user_0315,3
6,user_0332,3
6,user_0313,3
6,user_0323,3
6,user_0338,3
6,user_0319,3
6,user_0304,3
6,user_0327,3
6,user_0358,3
6,user_0244,3
6,user_0311,3
6,user_0310,3
6,user_0345,3
6,user_0343,3
6,user_0350,3
6,user_0342,3
6,user_0300,3
6,user_0339,3
6,user_0355,3
6,user_0336,3
6,user_0359,3
6,user_0325,3
6,user_0307,3
6,user_0344,3
6,user_0351,3
6,user_0321,3
6,user_0352,3
6,user_0318,3
6,user_0328,3
6,user_0347,3
6,user_0353,3
6,user_0243,3
6,user_0354,3
6,user_0303,3
6,user_0305,3
6,user_0348,3
6,user_0326,3
6,user_0333,3
6,user_0341,3
6,user_0346,3
6,user_0356,3
6,user_0324,3
6,user_0309,3
6,user_0322,3
6,user_0301,3
6,user_0317,3
6,user_0334,3
6,user_0320,3
6,user_0337,3
6,user_0331,3
6,user_0308,3
6,user_0314,3
6,user_0018,0
6,user_0032,0
6,user_0010,0
6,user_0041,0
6,user_0030,0
6,user_0031,0
6,user_0059,0
6,user_0042,0
6,user_0003,0
6,user_0025,0
6,user_0054,0
6,user_0014,0
6,user_0023,0
6,user_0007,0
6,user_0039,0
6,user_0057,0
6,user_0000,0
6,user_0021,0
6,user_0020,0
6,user_0001,0
6,user_0011,0
6,user_0034,0
6,user_0017,0
6,user_0040,0
6,user_0005,0
6,user_0016,0
6,user_0048,0
6,user_0008,0
6,user_0029,0
6,user_0044,0
6,user_0028,0
6,user_0038,0
6,user_0019,0
6,user_0055,0
6,user_0009,0
6,user_0047,0
6,user_0050,0
6,user_0058,0
6,user_0036,0
6,user_0015,0
6,user_0037,0
6,user_0052,0
6,user_0004,0
6,user_0049,0
6,user_0026,0
6,user_0027,0
6,user_0035,0
6,user_0006,0
6,user_0012,0
6,user_0024,0
6,user_0043,0
6,user_0013,0
6,user_0053,0
6,user_0033,0
6,user_0002,0
6,user_0045,0
6,user_0056,0
6,user_0051,0
6,user_0022,0
6,user_0046,0
6,user_0074,1
6,user_0096,1
6,user_0077,1
6,user_0228,1
6,user_0087,1
6,user_0069,1
6,user_0094,1
6,user_0109,1
6,user_0073,1
6,user_0064,1
6,user_0092,1
6,user_0086,1
6,user_0111,1
6,user_0081,1
6,user_0118,1
6,user_0088,1
6,user_0083,1
6,user_0102,1
6,user_0079,1
6,user_0103,1
6,user_0104,1
6,user_0091,1
6,user_0065,1
6,user_0062,1
6,user_0067,1
6,user_0116,1
6,user_0072,1
6,user_0098,1
6,user_0113,1
6,user_0068,1
6,user_0117,1
6,user_0063,1
6,user_0090,1
6,user_0093,1
6,user_0089,1
6,user_0076,1
6,user_0115,1
6,user_0100,1
6,user_0114,1
6,user_0110,1
6,user_0084,1
6,user_0107,1
6,user_0078,1
6,user_0106,1
6,user_0099,1
6,user_0071,1
6,user_0095,1
6,user_0061,1
6,user_0060,1
6,user_0108,1
6,user_0082,1
6,user_0070,1
6,user_0105,1
6,user_0112,1
6,user_0119,1
6,user_0085,1
6,user_0097,1
6,user_0066,1
6,user_0101,1
6,user_0180,4
6,user_0223,4
6,user_0213,4
6,user_0205,4
6,user_0187,4
6,user_0194,4
6,user_0181,4
6,user_0200,4
6,user_0234,4
6,user_0189,4
6,user_0188,4
6,user_0203,4
6,user_0229,4
6,user_0224,4
6,user_0218,4
6,user_0220,4
6,user_0216,4
6,user_0190,4
6,user_0197,4
6,user_0185,4
6,user_0192,4
6,user_0206,4
6,user_0239,4
6,user_0191,4
6,user_0233,4
6,user_0236,4
6,user_0183,4
6,user_0211,4
6,user_0232,4
6,user_0219,4
6,user_0186,4
6,user_0208,4
6,user_0231,4
6,user_0215,4
6,user_0226,4
6,user_0217,4
6,user_0198,4
6,user_0212,4
6,user_0184,4
6,user_0237,4
6,user_0193,4
6,user_0214,4
6,user_0209,4
6,user_0199,4
6,user_0210,4
6,user_0196,4
6,user_0227,4
6,user_0195,4
6,user_0201,4
6,user_0225,4
6,user_0235,4
6,user_0204,4
6,user_0207,4
6,user_0221,4
6,user_0182,4
6,user_0202,4
6,user_0230,4
6,user_0222,4
6,user_0238,4
6,user_0263,5
6,user_0274,5
6,user_0291,5
6,user_0267,5
6,user_0262,5
6,user_0281,5
6,user_0249,5
6,user_0265,5
6,user_0288,5
6,user_0272,5
6,user_0255,5
6,user_0287,5
6,user_0279,5
6,user_0252,5
6,user_0297,5
6,user_0269,5
6,user_0296,5
6,user_0241,5
6,user_0268,5
6,user_0299,5
6,user_0273,5
6,user_0286,5
6,user_0275,5
6,user_0246,5
6,user_0282,5
6,user_0277,5
6,user_0258,5
6,user_0266,5
6,user_0295,5
6,user_0245,5
6,user_0250,5
6,user_0294,5
6,user_0248,5
6,user_0253,5
6,user_0290,5
6,user_0292,5
6,user_0242,5
6,user_0261,5
6,user_0080,5
6,user_0285,5
6,user_0240,5
6,user_0260,5
6,user_0293,5
6,user_0264,5
6,user_0259,5
6,user_0271,5
6,user_0298,5
6,user_0278,5
6,user_0256,5
6,user_0284,5
6,user_0257,5
6,user_0251,5
6,user_0289,5
6,user_0247,5
7,user_0018,0
7,user_0032,0
7,user_0010,0
7,user_0041,0
7,user_0030,0
7,user_0031,0
7,user_0059,0
7,user_0042,0
7,user_0003,0
7,user_0025,0
7,user_0054,0
7,user_0014,0
7,user_0007,0
7,user_0023,0
7,user_0039,0
7,user_0057,0
7,user_0000,0
7,user_0021,0
7,user_0020,0
7,user_0001,0
7,user_0011,0
7,user_0034,0
7,user_0016,0
7,user_0017,0
7,user_0005,0
7,user_0040,0
7,user_0048,0
7,user_0008,0
7,user_0029,0
7,user_0044,0
7,user_0028,0
7,user_0038,0
7,user_0019,0
7,user_0055,0
7,user_0009,0
7,user_0047,0
7,user_0050,0
7,user_0058,0
7,user_0354,0
7,user_0036,0
7,user_0015,0
7,user_0004,0
7,user_0052,0
7,user_0049,0
7,user_0026,0
7,user_0027,0
7,user_0035,0
7,user_0012,0
7,user_0006,0
7,user_0024,0
7,user_0043,0
7,user_0013,0
7,user_0053,0
7,user_0033,0
7,user_0320,0
7,user_0002,0
7,user_0045,0
7,user_0037,0
7,user_0056,0
7,user_0051,0
7,user_0022,0
7,user_0046,0
7,user_0180,4
7,user_0213,4
7,user_0205,4
7,user_0223,4
7,user_0187,4
7,user_0194,4
7,user_0181,4
7,user_0200,4
7,user_0228,4
7,user_0234,4
7,user_0189,4
7,user_0188,4
7,user_0229,4
7,user_0203,4
7,user_0224,4
7,user_0218,4
7,user_0220,4
7,user_0216,4
7,user_0191,4
7,user_0197,4
7,user_0190,4
7,user_0206,4
7,user_0192,4
7,user_0239,4
7,user_0185,4
7,user_0233,4
7,user_0236,4
7,user_0183,4
7,user_0211,4
7,user_0232,4
7,user_0219,4
7,user_0231,4
7,user_0208,4
7,user_0186,4
7,user_0215,4
7,user_0226,4
7,user_0217,4
7,user_0198,4
7,user_0184,4
7,user_0212,4
7,user_0237,4
7,user_0193,4
7,user_0214,4
7,user_0209,4
7,user_0210,4
7,user_0196,4
7,user_0199,4
7,user_0227,4
7,user_0195,4
7,user_0201,4
7,user_0225,4
7,user_0235,4
7,user_0204,4
7,user_0207,4
7,user_0221,4
7,user_0182,4
7,user_0202,4
7,user_0230,4
7,user_0222,4
7,user_0238,4
7,user_0074,1
7,user_0096,1
7,user_0077,1
7,user_0087,1
7,user_0069,1
7,user_0094,1
7,user_0109,1
7,user_0073,1
7,user_0064,1
7,user_0092,1
7,user_0086,1
7,user_0111,1
7,user_0088,1
7,user_0081,1
7,user_0118,1
7,user_0076,1
7,user_0083,1
7,user_0104,1
7,user_0079,1
7,user_0103,1
7,user_0091,1
7,user_0065,1
7,user_0102,1
7,user_0062,1
7,user_0116,1
7,user_0067,1
7,user_0072,1
7,user_0098,1
7,user_0113,1
7,user_0075,1
7,user_0068,1
7,user_0117,1
7,user_0063,1
7,user_0090,1
7,user_0093,1
7,user_0089,1
7,user_0115,1
7,user_0100,1
7,user_0107,1
7,user_0110,1
7,user_0114,1
7,user_0084,1
7,user_0078,1
7,user_0106,1
7,user_0080,1
7,user_0099,1
7,user_0071,1
7,user_0095,1
7,user_0061,1
7,user_0060,1
7,user_0105,1
7,user_0108,1
7,user_0082,1
7,user_0070,1
7,user_0112,1
7,user_0119,1
7,user_0085,1
7,user_0097,1
7,user_0066,1
7,user_0101,1
7,user_0139,2
7,user_0179,2
7,user_0121,2
7,user_0141,2
7,user_0128,2
7,user_0162,2
7,user_0149,2
7,user_0134,2
7,user_0177,2
7,user_0174,2
7,user_0155,2
7,user_0157,2
7,user_0158,2
7,user_0176,2
7,user_0147,2
7,user_0122,2
7,user_0163,2
7,user_0152,2
7,user_0124,2
7,user_0168,2
7,user_0144,2
7,user_0175,2
7,user_0148,2
7,user_0143,2
7,user_0151,2
7,user_0159,2
7,user_0160,2
7,user_0131,2
7,user_0145,2
7,user_0164,2
7,user_0172,2
7,user_0129,2
7,user_0146,2
7,user_0166,2
7,user_0133,2
7,user_0170,2
7,user_0150,2
7,user_0165,2
7,user_0142,2
7,user_0153,2
7,user_0130,2
7,user_0135,2
7,user_0169,2
7,user_0126,2
7,user_0156,2
7,user_0125,2
7,user_0138,2
7,user_0120,2
7,user_0136,2
7,user_0123,2
7,user_0167,2
7,user_0137,2
7,user_0178,2
7,user_0132,2
7,user_0154,2
7,user_0173,2
7,user_0171,2
7,user_0127,2
7,user_0161,2
7,user_0140,2
7,user_0263,5
7,user_0274,5
7,user_0291,5
7,user_0267,5
7,user_0262,5
7,user_0281,5
7,user_0249,5
7,user_0280,5
7,user_0265,5
7,user_0288,5
7,user_0272,5
7,user_0255,5
7,user_0287,5
7,user_0279,5
7,user_0252,5
7,user_0244,5
7,user_0269,5
7,user_0297,5
7,user_0241,5
7,user_0299,5
7,user_0268,5
7,user_0273,5
7,user_0282,5
7,user_0277,5
7,user_0270,5
7,user_0246,5
7,user_0275,5
7,user_0286,5
7,user_0258,5
7,user_0266,5
7,user_0295,5
7,user_0276,5
7,user_0245,5
7,user_0283,5
7,user_0250,5
7,user_0294,5
7,user_0248,5
7,user_0253,5
7,user_0243,5
7,user_0254,5
7,user_0290,5
7,user_0292,5
7,user_0242,5
7,user_0261,5
7,user_0285,5
7,user_0240,5
7,user_0260,5
7,user_0259,5
7,user_0264,5
7,user_0293,5
7,user_0271,5
7,user_0278,5
7,user_0256,5
7,user_0284,5
7,user_0257,5
7,user_0251,5
7,user_0289,5
7,user_0247,5
7,user_0335,3
7,user_0340,3
7,user_0306,3
7,user_0349,3
7,user_0316,3
7,user_0302,3
7,user_0329,3
7,user_0312,3
7,user_0330,3
7,user_0315,3
7,user_0332,3
7,user_0313,3
7,user_0323,3
7,user_0338,3
7,user_0319,3
7,user_0304,3
7,user_0327,3
7,user_0358,3
7,user_0311,3
7,user_0355,3
7,user_0310,3
7,user_0343,3
7,user_0350,3
7,user_0345,3
7,user_0300,3
7,user_0339,3
7,user_0342,3
7,user_0336,3
7,user_0359,3
7,user_0325,3
7,user_0307,3
7,user_0344,3
7,user_0321,3
7,user_0351,3
7,user_0352,3
7,user_0318,3
7,user_0328,3
7,user_0347,3
7,user_0353,3
7,user_0357,3
7,user_0303,3
7,user_0305,3
7,user_0348,3
7,user_0326,3
7,user_0333,3
7,user_0341,3
7,user_0346,3
7,user_0356,3
7,user_0324,3
7,user_0309,3
7,user_0322,3
7,user_0301,3
7,user_0317,3
7,user_0334,3
7,user_0337,3
7,user_0331,3
7,user_0308,3
7,user_0314,3
8,user_0335,3
8,user_0340,3
8,user_0306,3
8,user_0316,3
8,user_0302,3
8,user_0329,3
8,user_0312,3
8,user_0149,3
8,user_0330,3
8,user_0315,3
8,user_0308,3
8,user_0313,3
8,user_0332,3
8,user_0323,3
8,user_0338,3
8,user_0279,3
8,user_0319,3
8,user_0304,3
8,user_0327,3
8,user_0358,3
8,user_0311,3
8,user_0310,3
8,user_0345,3
8,user_0343,3
8,user_0355,3
8,user_0350,3
8,user_0300,3
8,user_0339,3
8,user_0342,3
8,user_0336,3
8,user_0048,3
8,user_0359,3
8,user_0307,3
8,user_0344,3
8,user_0325,3
8,user_0321,3
8,user_0351,3
8,user_0352,3
8,user_0318,3
8,user_0328,3
8,user_0347,3
8,user_0353,3
8,user_0357,3
8,user_0354,3
8,user_0303,3
8,user_0305,3
8,user_0348,3
8,user_0326,3
8,user_0341,3
8,user_0285,3
8,user_0346,3
8,user_0356,3
8,user_0309,3
8,user_0324,3
8,user_0322,3
8,user_0301,3
8,user_0317,3
8,user_0334,3
8,user_0320,3
8,user_0337,3
8,user_0331,3
8,user_0333,3
8,user_0314,3
8,user_0180,4
8,user_0223,4
8,user_0205,4
8,user_0213,4
8,user_0194,4
8,user_0187,4
8,user_0181,4
8,user_0200,4
8,user_0228,4
8,user_0234,4
8,user_0189,4
8,user_0188,4
8,user_0229,4
8,user_0203,4
8,user_0224,4
8,user_0218,4
8,user_0220,4
8,user_0252,4
8,user_0216,4
8,user_0197,4
8,user_0190,4
8,user_0206,4
8,user_0192,4
8,user_0239,4
8,user_0191,4
8,user_0185,4
8,user_0183,4
8,user_0236,4
8,user_0233,4
8,user_0211,4
8,user_0232,4
8,user_0219,4
8,user_0231,4
8,user_0208,4
8,user_0186,4
8,user_0215,4
8,user_0226,4
8,user_0217,4
8,user_0198,4
8,user_0212,4
8,user_0184,4
8,user_0237,4
8,user_0193,4
8,user_0214,4
8,user_0209,4
8,user_0199,4
8,user_0196,4
8,user_0210,4
8,user_0227,4
8,user_0195,4
8,user_0201,4
8,user_0225,4
8,user_0204,4
8,user_0235,4
8,user_0207,4
8,user_0221,4
8,user_0182,4
8,user_0202,4
8,user_0230,4
8,user_0222,4
8,user_0238,4
8,user_0074,1
8,user_0349,1
8,user_0096,1
8,user_0077,1
8,user_0087,1
8,user_0069,1
8,user_0094,1
8,user_0109,1
8,user_0073,1
8,user_0064,1
8,user_0092,1
8,user_0086,1
8,user_0111,1
8,user_0076,1
8,user_0081,1
8,user_0088,1
8,user_0083,1
8,user_0102,1
8,user_0103,1
8,user_0104,1
8,user_0079,1
8,user_0091,1
8,user_0065,1
8,user_0062,1
8,user_0116,1
8,user_0067,1
8,user_0098,1
8,user_0072,1
8,user_0113,1
8,user_0075,1
8,user_0068,1
8,user_0090,1
8,user_0063,1
8,user_0117,1
8,user_0093,1
8,user_0089,1
8,user_0115,1
8,user_0100,1
8,user_0107,1
8,user_0114,1
8,user_0078,1
8,user_0110,1
8,user_0084,1
8,user_0106,1
8,user_0080,1
8,user_0099,1
8,user_0071,1
8,user_0095,1
8,user_0060,1
8,user_0061,1
8,user_0070,1
8,user_0082,1
8,user_0108,1
8,user_0105,1
8,user_0112,1
8,user_0119,1
8,user_0085,1
8,user_0097,1
8,user_0066,1
8,user_0101,1
8,user_0139,2
8,user_0179,2
8,user_0121,2
8,user_0141,2
8,user_0128,2
8,user_0162,2
8,user_0134,2
8,user_0177,2
8,user_0174,2
8,user_0155,2
8,user_0158,2
8,user_0148,2
8,user_0122,2
8,user_0151,2
8,user_0163,2
8,user_0152,2
8,user_0124,2
8,user_0147,2
8,user_0175,2
8,user_0144,2
8,user_0168,2
8,user_0143,2
8,user_0159,2
8,user_0160,2
8,user_0145,2
8,user_0131,2
8,user_0164,2
8,user_0172,2
8,user_0129,2
8,user_0146,2
8,user_0166,2
8,user_0133,2
8,user_0170,2
8,user_0150,2
8,user_0165,2
8,user_0142,2
8,user_0153,2
8,user_0176,2
8,user_0130,2
8,user_0254,2
8,user_0135,2
8,user_0126,2
8,user_0169,2
8,user_0156,2
8,user_0125,2
8,user_0123,2
8,user_0136,2
8,user_0120,2
8,user_0138,2
8,user_0167,2
8,user_0137,2
8,user_0178,2
8,user_0132,2
8,user_0154,2
8,user_0171,2
8,user_0173,2
8,user_0127,2
8,user_0161,2
8,user_0140,2
8,user_0263,5
8,user_0274,5
8,user_0291,5
8,user_0267,5
8,user_0262,5
8,user_0030,5
8,user_0281,5
8,user_0249,5
8,user_0280,5
8,user_0265,5
8,user_0288,5
8,user_0272,5
8,user_0255,5
8,user_0287,5
8,user_0297,5
8,user_0269,5
8,user_0244,5
8,user_0241,5
8,user_0299,5
8,user_0268,5
8,user_0273,5
8,user_0282,5
8,user_0277,5
8,user_0246,5
8,user_0275,5
8,user_0029,5
8,user_0286,5
8,user_0270,5
8,user_0266,5
8,user_0258,5
8,user_0276,5
8,user_0295,5
8,user_0283,5
8,user_0245,5
8,user_0250,5
8,user_0294,5
8,user_0248,5
8,user_0253,5
8,user_0243,5
8,user_0036,5
8,user_0290,5
8,user_0292,5
8,user_0242,5
8,user_0261,5
8,user_0240,5
8,user_0259,5
8,user_0264,5
8,user_0293,5
8,user_0260,5
8,user_0271,5
8,user_0298,5
8,user_0278,5
8,user_0256,5
8,user_0284,5
8,user_0257,5
8,user_0251,5
8,user_0289,5
8,user_0247,5
8,user_0018,0
8,user_0032,0
8,user_0010,0
8,user_0041,0
8,user_0031,0
8,user_0059,0
8,user_0042,0
8,user_0003,0
8,user_0025,0
8,user_0054,0
8,user_0014,0
8,user_0023,0
8,user_0007,0
8,user_0157,0
8,user_0039,0
8,user_0057,0
8,user_0000,0
8,user_0021,0
8,user_0020,0
8,user_0001,0
8,user_0011,0
8,user_0034,0
8,user_0016,0
8,user_0017,0
8,user_0040,0
8,user_0005,0
8,user_0008,0
8,user_0044,0
8,user_0028,0
8,user_0038,0
8,user_0019,0
8,user_0009,0
8,user_0055,0
8,user_0047,0
8,user_0050,0
8,user_0058,0
8,user_0015,0
8,user_0004,0
8,user_0052,0
8,user_0049,0
8,user_0026,0
8,user_0027,0
8,user_0035,0
8,user_0012,0
8,user_0006,0
8,user_0024,0
8,user_0043,0
8,user_0013,0
8,user_0033,0
8,user_0053,0
8,user_0045,0
8,user_0002,0
8,user_0037,0
8,user_0056,0
8,user_0051,0
8,user_0022,0
8,user_0046,0
9,user_0018,0
9,user_0032,0
9,user_0010,0
9,user_0041,0
9,user_0030,0
9,user_0031,0
9,user_0059,0
9,user_0042,0
9,user_0003,0
9,user_0025,0
9,user_0054,0
9,user_0014,0
9,user_0007,0
9,user_0023,0
9,user_0039,0
9,user_0218,0
9,user_0000,0
9,user_0057,0
9,user_0021,0
9,user_0020,0
9,user_0001,0
9,user_0011,0
9,user_0034,0
9,user_0016,0
9,user_0040,0
9,user_0005,0
9,user_0286,0
9,user_0017,0
9,user_0046,0
9,user_0029,0
9,user_0008,0
9,user_0044,0
9,user_0038,0
9,user_0019,0
9,user_0055,0
9,user_0245,0
9,user_0047,0
9,user_0009,0
9,user_0050,0
9,user_0058,0
9,user_0036,0
9,user_0015,0
9,user_0037,0
9,user_0052,0
9,user_0004,0
9,user_0049,0
9,user_0026,0
9,user_0027,0
9,user_0035,0
9,user_0006,0
9,user_0012,0
9,user_0024,0
9,user_0043,0
9,user_0033,0
9,user_0053,0
9,user_0013,0
9,user_0298,0
9,user_0002,0
9,user_0045,0
9,user_0056,0
9,user_0051,0
9,user_0022,0
9,user_0028,0
9,user_0074,1
9,user_0096,1
9,user_0077,1
9,user_0087,1
9,user_0069,1
9,user_0094,1
9,user_0109,1
9,user_0073,1
9,user_0064,1
9,user_0092,1
9,user_0086,1
9,user_0076,1
9,user_0081,1
9,user_0083,1
9,user_0088,1
9,user_0111,1
9,user_0102,1
9,user_0079,1
9,user_0103,1
9,user_0104,1
9,user_0091,1
9,user_0065,1
9,user_0118,1
9,user_0062,1
9,user_0116,1
9,user_0067,1
9,user_0072,1
9,user_0098,1
9,user_0294,1
9,user_0113,1
9,user_0075,1
9,user_0117,1
9,user_0090,1
9,user_0063,1
9,user_0068,1
9,user_0093,1
9,user_0089,1
9,user_0115,1
9,user_0100,1
9,user_0114,1
9,user_0110,1
9,user_0107,1
9,user_0078,1
9,user_0084,1
9,user_0106,1
9,user_0080,1
9,user_0099,1
9,user_0071,1
9,user_0095,1
9,user_0060,1
9,user_0061,1
9,user_0108,1
9,user_0070,1
9,user_0105,1
9,user_0082,1
9,user_0119,1
9,user_0112,1
9,user_0085,1
9,user_0097,1
9,user_0066,1
9,user_0101,1
9,user_0139,2
9,user_0179,2
9,user_0121,2
9,user_0141,2
9,user_0128,2
9,user_0162,2
9,user_0149,2
9,user_0134,2
9,user_0177,2
9,user_0174,2
9,user_0155,2
9,user_0157,2
9,user_0158,2
9,user_0148,2
9,user_0176,2
9,user_0151,2
9,user_0147,2
9,user_0122,2
9,user_0124,2
9,user_0168,2
9,user_0144,2
9,user_0163,2
9,user_0175,2
9,user_0152,2
9,user_0143,2
9,user_0159,2
9,user_0160,2
9,user_0145,2
9,user_0131,2
9,user_0164,2
9,user_0172,2
9,user_0129,2
9,user_0146,2
9,user_0166,2
9,user_0133,2
9,user_0170,2
9,user_0150,2
9,user_0165,2
9,user_0142,2
9,user_0153,2
9,user_0130,2
9,user_0135,2
9,user_0126,2
9,user_0169,2
9,user_0156,2
9,user_0125,2
9,user_0123,2
9,user_0120,2
9,user_0136,2
9,user_0138,2
9,user_0137,2
9,user_0167,2
9,user_0178,2
9,user_0132,2
9,user_0154,2
9,user_0173,2
9,user_0171,2
9,user_0127,2
9,user_0161,2
9,user_0140,2
9,user_0335,3
9,user_0340,3
9,user_0349,3
9,user_0306,3
9,user_0316,3
9,user_0302,3
9,user_0329,3
9,user_0312,3
9,user_0330,3
9,user_0315,3
9,user_0332,3
9,user_0313,3
9,user_0323,3
9,user_0338,3
9,user_0319,3
9,user_0304,3
9,user_0327,3
9,user_0358,3
9,user_0311,3
9,user_0355,3
9,user_0310,3
9,user_0343,3
9,user_0350,3
9,user_0342,3
9,user_0339,3
9,user_0300,3
9,user_0345,3
9,user_0336,3
9,user_0359,3
9,user_0325,3
9,user_0331,3
9,user_0307,3
9,user_0344,3
9,user_0321,3
9,user_0351,3
9,user_0352,3
9,user_0318,3
9,user_0328,3
9,user_0347,3
9,user_0353,3
9,user_0357,3
9,user_0354,3
9,user_0303,3
9,user_0305,3
9,user_0348,3
9,user_0326,3
9,user_0333,3
9,user_0341,3
9,user_0346,3
9,user_0356,3
9,user_0324,3
9,user_0309,3
9,user_0322,3
9,user_0301,3
9,user_0317,3
9,user_0320,3
9,user_0337,3
9,user_0334,3
9,user_0308,3
9,user_0314,3
9,user_0180,4
9,user_0213,4
9,user_0223,4
9,user_0205,4
9,user_0194,4
9,user_0187,4
9,user_0181,4
9,user_0200,4
9,user_0228,4
9,user_0234,4
9,user_0189,4
9,user_0182,4
9,user_0188,4
9,user_0229,4
9,user_0203,4
9,user_0224,4
9,user_0220,4
9,user_0216,4
9,user_0197,4
9,user_0191,4
9,user_0206,4
9,user_0239,4
9,user_0185,4
9,user_0190,4
9,user_0192,4
9,user_0048,4
9,user_0183,4
9,user_0236,4
9,user_0233,4
9,user_0211,4
9,user_0232,4
9,user_0186,4
9,user_0231,4
9,user_0208,4
9,user_0215,4
9,user_0226,4
9,user_0221,4
9,user_0217,4
9,user_0198,4
9,user_0212,4
9,user_0184,4
9,user_0237,4
9,user_0193,4
9,user_0214,4
9,user_0199,4
9,user_0196,4
9,user_0210,4
9,user_0227,4
9,user_0195,4
9,user_0201,4
9,user_0225,4
9,user_0235,4
9,user_0204,4
9,user_0207,4
9,user_0209,4
9,user_0219,4
9,user_0202,4
9,user_0230,4
9,user_0238,4
9,user_0263,5
9,user_0274,5
9,user_0262,5
9,user_0267,5
9,user_0291,5
9,user_0281,5
9,user_0249,5
9,user_0280,5
9,user_0265,5
9,user_0288,5
9,user_0272,5
9,user_0255,5
9,user_0287,5
9,user_0279,5
9,user_0297,5
9,user_0269,5
9,user_0252,5
9,user_0244,5
9,user_0241,5
9,user_0299,5
9,user_0268,5
9,user_0273,5
9,user_0282,5
9,user_0277,5
9,user_0275,5
9,user_0246,5
9,user_0270,5
9,user_0266,5
9,user_0258,5
9,user_0276,5
9,user_0295,5
9,user_0283,5
9,user_0250,5
9,user_0248,5
9,user_0253,5
9,user_0243,5
9,user_0290,5
9,user_0292,5
9,user_0254,5
9,user_0242,5
9,user_0261,5
9,user_0285,5
9,user_0240,5
9,user_0259,5
9,user_0293,5
9,user_0264,5
9,user_0260,5
9,user_0271,5
9,user_0278,5
9,user_0251,5
9,user_0256,5
9,user_0284,5
9,user_0257,5
9,user_0222,5
9,user_0289,5
9,user_0247,5
10,user_0335,3
10,user_0340,3
10,user_0306,3
10,user_0349,3
10,user_0316,3
10,user_0302,3
10,user_0329,3
10,user_0312,3
10,user_0330,3
10,user_0315,3
10,user_0332,3
10,user_0313,3
10,user_0323,3
10,user_0338,3
10,user_0319,3
10,user_0304,3
10,user_0327,3
10,user_0358,3
10,user_0311,3
10,user_0310,3
10,user_0355,3
10,user_0350,3
10,user_0345,3
10,user_0342,3
10,user_0300,3
10,user_0339,3
10,user_0343,3
10,user_0048,3
10,user_0359,3
10,user_0325,3
10,user_0331,3
10,user_0307,3
10,user_0344,3
10,user_0336,3
10,user_0351,3
10,user_0321,3
10,user_0352,3
10,user_0318,3
10,user_0328,3
10,user_0347,3
10,user_0353,3
10,user_0357,3
10,user_0354,3
10,user_0303,3
10,user_0305,3
10,user_0348,3
10,user_0326,3
10,user_0333,3
10,user_0341,3
10,user_0346,3
10,user_0356,3
10,user_0309,3
10,user_0324,3
10,user_0322,3
10,user_0301,3
10,user_0317,3
10,user_0320,3
10,user_0337,3
10,user_0334,3
10,user_0308,3
10,user_0314,3
10,user_0074,1
10,user_0096,1
10,user_0077,1
10,user_0087,1
10,user_0069,1
10,user_0094,1
10,user_0109,1
10,user_0073,1
10,user_0064,1
10,user_0092,1
10,user_0086,1
10,user_0111,1
10,user_0081,1
10,user_0118,1
10,user_0083,1
10,user_0088,1
10,user_0102,1
10,user_0079,1
10,user_0076,1
10,user_0103,1
10,user_0091,1
10,user_0065,1
10,user_0104,1
10,user_0062,1
10,user_0067,1
10,user_0098,1
10,user_0072,1
10,user_0116,1
10,user_0113,1
10,user_0075,1
10,user_0068,1
10,user_0117,1
10,user_0063,1
10,user_0090,1
10,user_0093,1
10,user_0089,1
10,user_0115,1
10,user_0100,1
10,user_0114,1
10,user_0110,1
10,user_0084,1
10,user_0107,1
10,user_0078,1
10,user_0106,1
10,user_0080,1
10,user_0099,1
10,user_0071,1
10,user_0095,1
10,user_0060,1
10,user_0061,1
10,user_0105,1
10,user_0082,1
10,user_0108,1
10,user_0070,1
10,user_0112,1
10,user_0119,1
10,user_0085,1
10,user_0097,1
10,user_0066,1
10,user_0101,1
10,user_0139,2
10,user_0179,2
10,user_0121,2
10,user_0141,2
10,user_0128,2
10,user_0162,2
10,user_0149,2
10,user_0134,2
10,user_0177,2
10,user_0174,2
10,user_0155,2
10,user_0157,2
10,user_0158,2
10,user_0176,2
10,user_0122,2
10,user_0151,2
10,user_0163,2
10,user_0152,2
10,user_0124,2
10,user_0147,2
10,user_0144,2
10,user_0175,2
10,user_0168,2
10,user_0143,2
10,user_0159,2
10,user_0148,2
10,user_0160,2
10,user_0145,2
10,user_0131,2
10,user_0164,2
10,user_0172,2
10,user_0129,2
10,user_0146,2
10,user_0166,2
10,user_0133,2
10,user_0170,2
10,user_0150,2
10,user_0165,2
10,user_0142,2
10,user_0153,2
10,user_0130,2
10,user_0135,2
10,user_0126,2
10,user_0169,2
10,user_0156,2
10,user_0125,2
10,user_0138,2
10,user_0120,2
10,user_0123,2
10,user_0136,2
10,user_0167,2
10,user_0137,2
10,user_0178,2
10,user_0132,2
10,user_0154,2
10,user_0173,2
10,user_0171,2
10,user_0127,2
10,user_0161,2
10,user_0140,2
10,user_0180,4
10,user_0213,4
10,user_0205,4
10,user_0223,4
10,user_0187,4
10,user_0194,4
10,user_0181,4
10,user_0200,4
10,user_0228,4
10,user_0234,4
10,user_0189,4
10,user_0188,4
10,user_0203,4
10,user_0229,4
10,user_0224,4
10,user_0218,4
10,user_0220,4
10,user_0216,4
10,user_0191,4
10,user_0190,4
10,user_0185,4
10,user_0192,4
10,user_0239,4
10,user_0206,4
10,user_0197,4
10,user_0233,4
10,user_0236,4
10,user_0183,4
10,user_0211,4
10,user_0232,4
10,user_0219,4
10,user_0186,4
10,user_0208,4
10,user_0231,4
10,user_0215,4
10,user_0226,4
10,user_0217,4
10,user_0198,4
10,user_0212,4
10,user_0184,4
10,user_0237,4
10,user_0193,4
10,user_0214,4
10,user_0209,4
10,user_0210,4
10,user_0196,4
10,user_0199,4
10,user_0227,4
10,user_0195,4
10,user_0201,4
10,user_0204,4
10,user_0235,4
10,user_0225,4
10,user_0207,4
10,user_0221,4
10,user_0182,4
10,user_0202,4
10,user_0230,4
10,user_0222,4
10,user_0238,4
10,user_0018,0
10,user_0032,0
10,user_0010,0
10,user_0041,0
10,user_0030,0
10,user_0031,0
10,user_0059,0
10,user_0042,0
10,user_0003,0
10,user_0025,0
10,user_0054,0
10,user_0014,0
10,user_0007,0
10,user_0023,0
10,user_0039,0
10,user_0057,0
10,user_0021,0
10,user_0020,0
10,user_0001,0
10,user_0011,0
10,user_0034,0
10,user_0017,0
10,user_0040,0
10,user_0005,0
10,user_0016,0
10,user_0046,0
10,user_0029,0
10,user_0008,0
10,user_0044,0
10,user_0028,0
10,user_0038,0
10,user_0009,0
10,user_0055,0
10,user_0019,0
10,user_0047,0
10,user_0050,0
10,user_0058,0
10,user_0036,0
10,user_0015,0
10,user_0037,0
10,user_0052,0
10,user_0004,0
10,user_0049,0
10,user_0026,0
10,user_0027,0
10,user_0035,0
10,user_0006,0
10,user_0012,0
10,user_0024,0
10,user_0033,0
10,user_0013,0
10,user_0053,0
10,user_0043,0
10,user_0002,0
10,user_0045,0
10,user_0056,0
10,user_0051,0
10,user_0022,0
10,user_0000,0
10,user_0263,5
10,user_0274,5
10,user_0262,5
10,user_0267,5
10,user_0291,5
10,user_0281,5
10,user_0249,5
10,user_0280,5
10,user_0265,5
10,user_0288,5
10,user_0272,5
10,user_0255,5
10,user_0287,5
10,user_0279,5
10,user_0297,5
10,user_0244,5
10,user_0269,5
10,user_0252,5
10,user_0241,5
10,user_0268,5
10,user_0299,5
10,user_0273,5
10,user_0282,5
10,user_0277,5
10,user_0246,5
10,user_0270,5
10,user_0286,5
10,user_0275,5
10,user_0266,5
10,user_0258,5
10,user_0295,5
10,user_0276,5
10,user_0283,5
10,user_0245,5
10,user_0250,5
10,user_0294,5
10,user_0248,5
10,user_0253,5
10,user_0243,5
10,user_0254,5
10,user_0292,5
10,user_0290,5
10,user_0242,5
10,user_0261,5
10,user_0285,5
10,user_0240,5
10,user_0260,5
10,user_0293,5
10,user_0259,5
10,user_0264,5
10,user_0271,5
10,user_0298,5
10,user_0278,5
10,user_0256,5
10,user_0284,5
10,user_0257,5
10,user_0251,5
10,user_0289,5
10,user_0247,5
11,user_0018,0
11,user_0032,0
11,user_0010,0
11,user_0041,0
11,user_0030,0
11,user_0031,0
11,user_0059,0
11,user_0042,0
11,user_0003,0
11,user_0025,0
11,user_0054,0
11,user_0014,0
11,user_0023,0
11,user_0007,0
11,user_0039,0
11,user_0057,0
11,user_0000,0
11,user_0021,0
11,user_0020,0
11,user_0001,0
11,user_0011,0
11,user_0034,0
11,user_0017,0
11,user_0040,0
11,user_0005,0
11,user_0016,0
11,user_0048,0
11,user_0008,0
11,user_0029,0
11,user_0044,0
11,user_0028,0
11,user_0038,0
11,user_0019,0
11,user_0055,0
11,user_0009,0
11,user_0047,0
11,user_0050,0
11,user_0058,0
11,user_0314,0
11,user_0036,0
11,user_0015,0
11,user_0052,0
11,user_0004,0
11,user_0049,0
11,user_0026,0
11,user_0027,0
11,user_0035,0
11,user_0012,0
11,user_0006,0
11,user_0024,0
11,user_0033,0
11,user_0013,0
11,user_0053,0
11,user_0043,0
11,user_0002,0
11,user_0045,0
11,user_0037,0
11,user_0056,0
11,user_0051,0
11,user_0022,0
11,user_0046,0
11,user_0074,1
11,user_0096,1
11,user_0077,1
11,user_0087,1
11,user_0069,1
11,user_0094,1
11,user_0109,1
11,user_0073,1
11,user_0064,1
11,user_0092,1
11,user_0086,1
11,user_0076,1
11,user_0111,1
11,user_0083,1
11,user_0118,1
11,user_0088,1
11,user_0081,1
11,user_0079,1
11,user_0103,1
11,user_0104,1
11,user_0091,1
11,user_0065,1
11,user_0270,1
11,user_0062,1
11,user_0102,1
11,user_0067,1
11,user_0098,1
11,user_0072,1
11,user_0116,1
11,user_0113,1
11,user_0075,1
11,user_0117,1
11,user_0068,1
11,user_0063,1
11,user_0090,1
11,user_0093,1
11,user_0089,1
11,user_0115,1
11,user_0100,1
11,user_0107,1
11,user_0110,1
11,user_0084,1
11,user_0078,1
11,user_0114,1
11,user_0106,1
11,user_0080,1
11,user_0099,1
11,user_0071,1
11,user_0095,1
11,user_0060,1
11,user_0061,1
11,user_0108,1
11,user_0082,1
11,user_0070,1
11,user_0105,1
11,user_0112,1
11,user_0119,1
11,user_0085,1
11,user_0097,1
11,user_0066,1
11,user_0101,1
11,user_0139,2
11,user_0179,2
11,user_0121,2
11,user_0141,2
11,user_0128,2
11,user_0162,2
11,user_0149,2
11,user_0134,2
11,user_0177,2
11,user_0174,2
11,user_0155,2
11,user_0157,2
11,user_0158,2
11,user_0176,2
11,user_0122,2
11,user_0151,2
11,user_0163,2
11,user_0152,2
11,user_0124,2
11,user_0168,2
11,user_0144,2
11,user_0175,2
11,user_0147,2
11,user_0143,2
11,user_0296,2
11,user_0159,2
11,user_0148,2
11,user_0160,2
11,user_0145,2
11,user_0131,2
11,user_0164,2
11,user_0172,2
11,user_0129,2
11,user_0146,2
11,user_0166,2
11,user_0133,2
11,user_0170,2
11,user_0150,2
11,user_0165,2
11,user_0142,2
11,user_0153,2
11,user_0130,2
11,user_0135,2
11,user_0126,2
11,user_0156,2
11,user_0125,2
11,user_0138,2
11,user_0120,2
11,user_0136,2
11,user_0123,2
11,user_0137,2
11,user_0167,2
11,user_0178,2
11,user_0132,2
11,user_0154,2
11,user_0173,2
11,user_0171,2
11,user_0127,2
11,user_0161,2
11,user_0140,2
11,user_0180,4
11,user_0213,4
11,user_0223,4
11,user_0187,4
11,user_0194,4
11,user_0181,4
11,user_0200,4
11,user_0228,4
11,user_0234,4
11,user_0189,4
11,user_0182,4
11,user_0188,4
11,user_0203,4
11,user_0229,4
11,user_0224,4
11,user_0218,4
11,user_0220,4
11,user_0216,4
11,user_0197,4
11,user_0190,4
11,user_0185,4
11,user_0206,4
11,user_0192,4
11,user_0191,4
11,user_0239,4
11,user_0233,4
11,user_0236,4
11,user_0183,4
11,user_0211,4
11,user_0232,4
11,user_0186,4
11,user_0208,4
11,user_0231,4
11,user_0215,4
11,user_0226,4
11,user_0217,4
11,user_0198,4
11,user_0212,4
11,user_0184,4
11,user_0237,4
11,user_0193,4
11,user_0214,4
11,user_0209,4
11,user_0199,4
11,user_0196,4
11,user_0210,4
11,user_0227,4
11,user_0195,4
11,user_0201,4
11,user_0225,4
11,user_0235,4
11,user_0204,4
11,user_0207,4
11,user_0221,4
11,user_0219,4
11,user_0202,4
11,user_0230,4
11,user_0222,4
11,user_0238,4
11,user_0335,3
11,user_0340,3
11,user_0306,3
11,user_0349,3
11,user_0316,3
11,user_0302,3
11,user_0329,3
11,user_0312,3
11,user_0330,3
11,user_0315,3
11,user_0332,3
11,user_0313,3
11,user_0323,3
11,user_0308,3
11,user_0338,3
11,user_0319,3
11,user_0304,3
11,user_0327,3
11,user_0358,3
11,user_0311,3
11,user_0355,3
11,user_0345,3
11,user_0343,3
11,user_0350,3
11,user_0342,3
11,user_0300,3
11,user_0339,3
11,user_0310,3
11,user_0336,3
11,user_0359,3
11,user_0325,3
11,user_0307,3
11,user_0344,3
11,user_0351,3
11,user_0321,3
11,user_0352,3
11,user_0318,3
11,user_0328,3
11,user_0347,3
11,user_0353,3
11,user_0357,3
11,user_0354,3
11,user_0303,3
11,user_0305,3
11,user_0348,3
11,user_0326,3
11,user_0341,3
11,user_0346,3
11,user_0356,3
11,user_0324,3
11,user_0309,3
11,user_0322,3
11,user_0301,3
11,user_0317,3
11,user_0334,3
11,user_0320,3
11,user_0337,3
11,user_0331,3
11,user_0333,3
11,user_0263,5
11,user_0274,5
11,user_0262,5
11,user_0291,5
11,user_0267,5
11,user_0281,5
11,user_0249,5
11,user_0280,5
11,user_0265,5
11,user_0288,5
11,user_0284,5
11,user_0272,5
11,user_0255,5
11,user_0287,5
11,user_0279,5
11,user_0252,5
11,user_0244,5
11,user_0297,5
11,user_0269,5
11,user_0241,5
11,user_0268,5
11,user_0299,5
11,user_0286,5
11,user_0282,5
11,user_0273,5
11,user_0246,5
11,user_0277,5
11,user_0266,5
11,user_0258,5
11,user_0295,5
11,user_0276,5
11,user_0245,5
11,user_0283,5
11,user_0250,5
11,user_0294,5
11,user_0248,5
11,user_0253,5
11,user_0243,5
11,user_0254,5
11,user_0292,5
11,user_0290,5
11,user_0242,5
11,user_0261,5
11,user_0285,5
11,user_0240,5
11,user_0260,5
11,user_0293,5
11,user_0259,5
11,user_0264,5
11,user_0271,5
11,user_0298,5
11,user_0278,5
11,user_0256,5
11,user_0275,5
11,user_0257,5
11,user_0251,5
11,user_0289,5
11,user_0247,5
12,user_0074,1
12,user_0139,1
12,user_0096,1
12,user_0077,1
12,user_0265,1
12,user_0087,1
12,user_0069,1
12,user_0094,1
12,user_0109,1
12,user_0073,1
12,user_0064,1
12,user_0092,1
12,user_0086,1
12,user_0111,1
12,user_0088,1
12,user_0083,1
12,user_0076,1
12,user_0118,1
12,user_0081,1
12,user_0103,1
12,user_0079,1
12,user_0104,1
12,user_0102,1
12,user_0065,1
12,user_0091,1
12,user_0062,1
12,user_0116,1
12,user_0067,1
12,user_0098,1
12,user_0072,1
12,user_0113,1
12,user_0075,1
12,user_0068,1
12,user_0117,1
12,user_0063,1
12,user_0090,1
12,user_0093,1
12,user_0089,1
12,user_0115,1
12,user_0100,1
12,user_0114,1
12,user_0110,1
12,user_0078,1
12,user_0084,1
12,user_0107,1
12,user_0106,1
12,user_0080,1
12,user_0099,1
12,user_0071,1
12,user_0095,1
12,user_0060,1
12,user_0061,1
12,user_0070,1
12,user_0082,1
12,user_0105,1
12,user_0108,1
12,user_0112,1
12,user_0119,1
12,user_0085,1
12,user_0097,1
12,user_0066,1
12,user_0101,1
12,user_0018,0
12,user_0032,0
12,user_0010,0
12,user_0041,0
12,user_0030,0
12,user_0031,0
12,user_0059,0
12,user_0042,0
12,user_0003,0
12,user_0025,0
12,user_0054,0
12,user_0014,0
12,user_0007,0
12,user_0023,0
12,user_0039,0
12,user_0057,0
12,user_0144,0
12,user_0021,0
12,user_0020,0
12,user_0001,0
12,user_0011,0
12,user_0034,0
12,user_0017,0
12,user_0040,0
12,user_0005,0
12,user_0016,0
12,user_0048,0
12,user_0046,0
12,user_0029,0
12,user_0008,0
12,user_0044,0
12,user_0028,0
12,user_0038,0
12,user_0019,0
12,user_0055,0
12,user_0009,0
12,user_0047,0
12,user_0050,0
12,user_0058,0
12,user_0036,0
12,user_0015,0
12,user_0037,0
12,user_0052,0
12,user_0004,0
12,user_0049,0
12,user_0026,0
12,user_0027,0
12,user_0035,0
12,user_0006,0
12,user_0012,0
12,user_0024,0
12,user_0033,0
12,user_0013,0
12,user_0053,0
12,user_0043,0
12,user_0002,0
12,user_0045,0
12,user_0056,0
12,user_0051,0
12,user_0022,0
12,user_0000,0
12,user_0180,4
12,user_0213,4
12,user_0223,4
12,user_0205,4
12,user_0194,4
12,user_0187,4
12,user_0181,4
12,user_0200,4
12,user_0228,4
12,user_0234,4
12,user_0189,4
12,user_0188,4
12,user_0203,4
12,user_0229,4
12,user_0224,4
12,user_0218,4
12,user_0151,4
12,user_0220,4
12,user_0216,4
12,user_0197,4
12,user_0191,4
12,user_0239,4
12,user_0192,4
12,user_0185,4
12,user_0206,4
12,user_0190,4
12,user_0183,4
12,user_0236,4
12,user_0233,4
12,user_0211,4
12,user_0232,4
12,user_0219,4
12,user_0186,4
12,user_0208,4
12,user_0231,4
12,user_0215,4
12,user_0226,4
12,user_0221,4
12,user_0217,4
12,user_0198,4
12,user_0212,4
12,user_0184,4
12,user_0237,4
12,user_0193,4
12,user_0214,4
12,user_0210,4
12,user_0196,4
12,user_0199,4
12,user_0227,4
12,user_0195,4
12,user_0201,4
12,user_0204,4
12,user_0235,4
12,user_0225,4
12,user_0207,4
12,user_0209,4
12,user_0182,4
12,user_0202,4
12,user_0230,4
12,user_0222,4
12,user_0238,4
12,user_0335,3
12,user_0349,3
12,user_0306,3
12,user_0340,3
12,user_0316,3
12,user_0302,3
12,user_0329,3
12,user_0312,3
12,user_0330,3
12,user_0315,3
12,user_0332,3
12,user_0313,3
12,user_0323,3
12,user_0308,3
12,user_0338,3
12,user_0319,3
12,user_0304,3
12,user_0327,3
12,user_0358,3
12,user_0311,3
12,user_0310,3
12,user_0345,3
12,user_0355,3
12,user_0343,3
12,user_0350,3
12,user_0339,3
12,user_0300,3
12,user_0342,3
12,user_0336,3
12,user_0359,3
12,user_0325,3
12,user_0307,3
12,user_0344,3
12,user_0321,3
12,user_0351,3
12,user_0352,3
12,user_0318,3
12,user_0328,3
12,user_0347,3
12,user_0353,3
12,user_0357,3
12,user_0354,3
12,user_0303,3
12,user_0305,3
12,user_0348,3
12,user_0326,3
12,user_0341,3
12,user_0346,3
12,user_0356,3
12,user_0309,3
12,user_0324,3
12,user_0322,3
12,user_0301,3
12,user_0317,3
12,user_0334,3
12,user_0320,3
12,user_0337,3
12,user_0331,3
12,user_0333,3
12,user_0314,3
12,user_0263,5
12,user_0274,5
12,user_0262,5
12,user_0267,5
12,user_0291,5
12,user_0281,5
12,user_0280,5
12,user_0249,5
12,user_0288,5
12,user_0272,5
12,user_0255,5
12,user_0287,5
12,user_0279,5
12,user_0297,5
12,user_0244,5
12,user_0252,5
12,user_0296,5
12,user_0241,5
12,user_0269,5
12,user_0268,5
12,user_0299,5
12,user_0286,5
12,user_0273,5
12,user_0282,5
12,user_0277,5
12,user_0246,5
12,user_0270,5
12,user_0275,5
12,user_0266,5
12,user_0258,5
12,user_0295,5
12,user_0276,5
12,user_0245,5
12,user_0283,5
12,user_0250,5
12,user_0294,5
12,user_0248,5
12,user_0253,5
12,user_0243,5
12,user_0254,5
12,user_0290,5
12,user_0292,5
12,user_0242,5
12,user_0261,5
12,user_0285,5
12,user_0240,5
12,user_0259,5
12,user_0260,5
12,user_0264,5
12,user_0293,5
12,user_0271,5
12,user_0298,5
12,user_0278,5
12,user_0256,5
12,user_0284,5
12,user_0257,5
12,user_0251,5
12,user_0289,5
12,user_0247,5
12,user_0179,2
12,user_0121,2
12,user_0141,2
12,user_0128,2
12,user_0162,2
12,user_0149,2
12,user_0134,2
12,user_0177,2
12,user_0174,2
12,user_0155,2
12,user_0157,2
12,user_0158,2
12,user_0176,2
12,user_0122,2
12,user_0147,2
12,user_0163,2
12,user_0152,2
12,user_0124,2
12,user_0148,2
12,user_0175,2
12,user_0168,2
12,user_0143,2
12,user_0159,2
12,user_0160,2
12,user_0145,2
12,user_0131,2
12,user_0164,2
12,user_0172,2
12,user_0129,2
12,user_0146,2
12,user_0166,2
12,user_0133,2
12,user_0170,2
12,user_0150,2
12,user_0165,2
12,user_0142,2
12,user_0153,2
12,user_0130,2
12,user_0135,2
12,user_0169,2
12,user_0126,2
12,user_0156,2
12,user_0125,2
12,user_0138,2
12,user_0136,2
12,user_0120,2
12,user_0123,2
12,user_0137,2
12,user_0167,2
12,user_0178,2
12,user_0132,2
12,user_0154,2
12,user_0173,2
12,user_0171,2
12,user_0127,2
12,user_0161,2
12,user_0140,2
13,user_0074,1
13,user_0041,1
13,user_0096,1
13,user_0077,1
13,user_0087,1
13,user_0069,1
13,user_0094,1
13,user_0109,1
13,user_0073,1
13,user_0064,1
13,user_0092,1
13,user_0086,1
13,user_0299,1
13,user_0111,1
13,user_0081,1
13,user_0088,1
13,user_0076,1
13,user_0083,1
13,user_0102,1
13,user_0104,1
13,user_0079,1
13,user_0103,1
13,user_0091,1
13,user_0065,1
13,user_0118,1
13,user_0062,1
13,user_0067,1
13,user_0116,1
13,user_0098,1
13,user_0072,1
13,user_0113,1
13,user_0075,1
13,user_0117,1
13,user_0090,1
13,user_0063,1
13,user_0068,1
13,user_0093,1
13,user_0089,1
13,user_0115,1
13,user_0100,1
13,user_0107,1
13,user_0084,1
13,user_0110,1
13,user_0078,1
13,user_0114,1
13,user_0106,1
13,user_0080,1
13,user_0099,1
13,user_0071,1
13,user_0095,1
13,user_0060,1
13,user_0061,1
13,user_0070,1
13,user_0082,1
13,user_0108,1
13,user_0105,1
13,user_0119,1
13,user_0112,1
13,user_0085,1
13,user_0097,1
13,user_0066,1
13,user_0101,1
13,user_0180,4
13,user_0223,4
13,user_0213,4
13,user_0205,4
13,user_0194,4
13,user_0187,4
13,user_0181,4
13,user_0200,4
13,user_0228,4
13,user_0265,4
13,user_0234,4
13,user_0189,4
13,user_0188,4
13,user_0203,4
13,user_0229,4
13,user_0224,4
13,user_0218,4
13,user_0220,4
13,user_0216,4
13,user_0191,4
13,user_0197,4
13,user_0185,4
13,user_0192,4
13,user_0206,4
13,user_0239,4
13,user_0190,4
13,user_0183,4
13,user_0236,4
13,user_0233,4
13,user_0211,4
13,user_0232,4
13,user_0219,4
13,user_0231,4
13,user_0208,4
13,user_0186,4
13,user_0352,4
13,user_0215,4
13,user_0226,4
13,user_0221,4
13,user_0217,4
13,user_0198,4
13,user_0184,4
13,user_0212,4
13,user_0237,4
13,user_0193,4
13,user_0214,4
13,user_0210,4
13,user_0196,4
13,user_0199,4
13,user_0227,4
13,user_0195,4
13,user_0201,4
13,user_0225,4
13,user_0235,4
13,user_0204,4
13,user_0207,4
13,user_0209,4
13,user_0182,4
13,user_0202,4
13,user_0230,4
13,user_0222,4
13,user_0238,4
13,user_0139,2
13,user_0179,2
13,user_0121,2
13,user_0141,2
13,user_0128,2
13,user_0162,2
13,user_0149,2
13,user_0134,2
13,user_0177,2
13,user_0174,2
13,user_0155,2
13,user_0157,2
13,user_0158,2
13,user_0148,2
13,user_0147,2
13,user_0151,2
13,user_0176,2
13,user_0152,2
13,user_0124,2
13,user_0168,2
13,user_0144,2
13,user_0175,2
13,user_0122,2
13,user_0143,2
13,user_0163,2
13,user_0159,2
13,user_0160,2
13,user_0131,2
13,user_0145,2
13,user_0164,2
13,user_0172,2
13,user_0129,2
13,user_0146,2
13,user_0166,2
13,user_0133,2
13,user_0170,2
13,user_0150,2
13,user_0165,2
13,user_0142,2
13,user_0153,2
13,user_0130,2
13,user_0135,2
13,user_0126,2
13,user_0169,2
13,user_0156,2
13,user_0125,2
13,user_0123,2
13,user_0120,2
13,user_0136,2
13,user_0138,2
13,user_0167,2
13,user_0137,2
13,user_0178,2
13,user_0132,2
13,user_0154,2
13,user_0173,2
13,user_0171,2
13,user_0127,2
13,user_0161,2
13,user_0140,2
13,user_0018,0
13,user_0032,0
13,user_0010,0
13,user_0030,0
13,user_0031,0
13,user_0059,0
13,user_0042,0
13,user_0003,0
13,user_0025,0
13,user_0054,0
13,user_0014,0
13,user_0007,0
13,user_0023,0
13,user_0039,0
13,user_0057,0
13,user_0021,0
13,user_0020,0
13,user_0001,0
13,user_0011,0
13,user_0034,0
13,user_0017,0
13,user_0016,0
13,user_0005,0
13,user_0040,0
13,user_0048,0
13,user_0046,0
13,user_0008,0
13,user_0029,0
13,user_0044,0
13,user_0028,0
13,user_0038,0
13,user_0019,0
13,user_0009,0
13,user_0055,0
13,user_0047,0
13,user_0050,0
13,user_0058,0
13,user_0036,0
13,user_0015,0
13,user_0037,0
13,user_0052,0
13,user_0004,0
13,user_0049,0
13,user_0026,0
13,user_0027,0
13,user_0035,0
13,user_0006,0
13,user_0012,0
13,user_0024,0
13,user_0043,0
13,user_0013,0
13,user_0053,0
13,user_0033,0
13,user_0002,0
13,user_0045,0
13,user_0056,0
13,user_0051,0
13,user_0022,0
13,user_0000,0
13,user_0335,3
13,user_0340,3
13,user_0349,3
13,user_0306,3
13,user_0316,3
13,user_0302,3
13,user_0329,3
13,user_0312,3
13,user_0330,3
13,user_0315,3
13,user_0332,3
13,user_0313,3
13,user_0323,3
13,user_0308,3
13,user_0338,3
13,user_0319,3
13,user_0304,3
13,user_0327,3
13,user_0358,3
13,user_0311,3
13,user_0310,3
13,user_0355,3
13,user_0343,3
13,user_0345,3
13,user_0342,3
13,user_0300,3
13,user_0339,3
13,user_0350,3
13,user_0336,3
13,user_0359,3
13,user_0325,3
13,user_0307,3
13,user_0344,3
13,user_0351,3
13,user_0318,3
13,user_0328,3
13,user_0347,3
13,user_0353,3
13,user_0357,3
13,user_0354,3
13,user_0303,3
13,user_0305,3
13,user_0348,3
13,user_0326,3
13,user_0341,3
13,user_0346,3
13,user_0356,3
13,user_0324,3
13,user_0309,3
13,user_0322,3
13,user_0301,3
13,user_0317,3
13,user_0334,3
13,user_0320,3
13,user_0337,3
13,user_0331,3
13,user_0333,3
13,user_0314,3
13,user_0263,5
13,user_0274,5
13,user_0262,5
13,user_0267,5
13,user_0291,5
13,user_0281,5
13,user_0249,5
13,user_0280,5
13,user_0288,5
13,user_0272,5
13,user_0255,5
13,user_0287,5
13,user_0279,5
13,user_0252,5
13,user_0244,5
13,user_0269,5
13,user_0296,5
13,user_0297,5
13,user_0241,5
13,user_0268,5
13,user_0273,5
13,user_0286,5
13,user_0270,5
13,user_0246,5
13,user_0282,5
13,user_0277,5
13,user_0275,5
13,user_0258,5
13,user_0266,5
13,user_0276,5
13,user_0295,5
13,user_0283,5
13,user_0245,5
13,user_0250,5
13,user_0294,5
13,user_0248,5
13,user_0253,5
13,user_0243,5
13,user_0290,5
13,user_0254,5
13,user_0292,5
13,user_0242,5
13,user_0261,5
13,user_0285,5
13,user_0240,5
13,user_0259,5
13,user_0264,5
13,user_0293,5
13,user_0260,5
13,user_0271,5
13,user_0298,5
13,user_0278,5
13,user_0256,5
13,user_0284,5
13,user_0257,5
13,user_0251,5
13,user_0289,5
13,user_0247,5
14,user_0074,1
14,user_0274,1
14,user_0096,1
14,user_0077,1
14,user_0087,1
14,user_0094,1
14,user_0109,1
14,user_0073,1
14,user_0064,1
14,user_0092,1
14,user_0086,1
14,user_0076,1
14,user_0239,1
14,user_0088,1
14,user_0081,1
14,user_0118,1
14,user_0102,1
14,user_0104,1
14,user_0083,1
14,user_0103,1
14,user_0091,1
14,user_0065,1
14,user_0079,1
14,user_0062,1
14,user_0286,1
14,user_0067,1
14,user_0116,1
14,user_0098,1
14,user_0072,1
14,user_0113,1
14,user_0075,1
14,user_0117,1
14,user_0090,1
14,user_0063,1
14,user_0068,1
14,user_0093,1
14,user_0111,1
14,user_0089,1
14,user_0115,1
14,user_0100,1
14,user_0114,1
14,user_0110,1
14,user_0078,1
14,user_0107,1
14,user_0084,1
14,user_0106,1
14,user_0080,1
14,user_0099,1
14,user_0071,1
14,user_0095,1
14,user_0060,1
14,user_0061,1
14,user_0070,1
14,user_0082,1
14,user_0108,1
14,user_0105,1
14,user_0112,1
14,user_0119,1
14,user_0085,1
14,user_0097,1
14,user_0066,1
14,user_0101,1
14,user_0139,2
14,user_0179,2
14,user_0121,2
14,user_0141,2
14,user_0128,2
14,user_0162,2
14,user_0149,2
14,user_0134,2
14,user_0177,2
14,user_0174,2
14,user_0155,2
14,user_0157,2
14,user_0158,2
14,user_0176,2
14,user_0122,2
14,user_0151,2
14,user_0148,2
14,user_0152,2
14,user_0124,2
14,user_0168,2
14,user_0144,2
14,user_0175,2
14,user_0163,2
14,user_0143,2
14,user_0147,2
14,user_0159,2
14,user_0160,2
14,user_0131,2
14,user_0145,2
14,user_0277,2
14,user_0164,2
14,user_0172,2
14,user_0276,2
14,user_0129,2
14,user_0146,2
14,user_0166,2
14,user_0133,2
14,user_0170,2
14,user_0150,2
14,user_0142,2
14,user_0165,2
14,user_0153,2
14,user_0130,2
14,user_0135,2
14,user_0169,2
14,user_0126,2
14,user_0156,2
14,user_0125,2
14,user_0123,2
14,user_0120,2
14,user_0136,2
14,user_0138,2
14,user_0167,2
14,user_0137,2
14,user_0178,2
14,user_0132,2
14,user_0154,2
14,user_0173,2
14,user_0171,2
14,user_0127,2
14,user_0161,2
14,user_0140,2
14,user_0335,3
14,user_0340,3
14,user_0349,3
14,user_0306,3
14,user_0316,3
14,user_0302,3
14,user_0329,3
14,user_0312,3
14,user_0330,3
14,user_0315,3
14,user_0069,3
14,user_0308,3
14,user_0313,3
14,user_0323,3
14,user_0332,3
14,user_0338,3
14,user_0319,3
14,user_0304,3
14,user_0327,3
14,user_0057,3
14,user_0358,3
14,user_0311,3
14,user_0355,3
14,user_0310,3
14,user_0343,3
14,user_0345,3
14,user_0342,3
14,user_0300,3
14,user_0350,3
14,user_0339,3
14,user_0336,3
14,user_0359,3
14,user_0325,3
14,user_0307,3
14,user_0344,3
14,user_0331,3
14,user_0351,3
14,user_0321,3
14,user_0352,3
14,user_0318,3
14,user_0328,3
14,user_0347,3
14,user_0357,3
14,user_0354,3
14,user_0303,3
14,user_0305,3
14,user_0348,3
14,user_0326,3
14,user_0341,3
14,user_0346,3
14,user_0356,3
14,user_0324,3
14,user_0309,3
14,user_0322,3
14,user_0301,3
14,user_0317,3
14,user_0320,3
14,user_0337,3
14,user_0334,3
14,user_0333,3
14,user_0314,3
14,user_0018,0
14,user_0032,0
14,user_0010,0
14,user_0041,0
14,user_0030,0
14,user_0031,0
14,user_0059,0
14,user_0042,0
14,user_0003,0
14,user_0025,0
14,user_0054,0
14,user_0014,0
14,user_0023,0
14,user_0007,0
14,user_0039,0
14,user_0021,0
14,user_0020,0
14,user_0001,0
14,user_0011,0
14,user_0034,0
14,user_0016,0
14,user_0040,0
14,user_0005,0
14,user_0017,0
14,user_0048,0
14,user_0008,0
14,user_0029,0
14,user_0046,0
14,user_0044,0
14,user_0028,0
14,user_0038,0
14,user_0019,0
14,user_0055,0
14,user_0009,0
14,user_0047,0
14,user_0050,0
14,user_0058,0
14,user_0015,0
14,user_0004,0
14,user_0052,0
14,user_0049,0
14,user_0026,0
14,user_0027,0
14,user_0035,0
14,user_0006,0
14,user_0012,0
14,user_0024,0
14,user_0033,0
14,user_0013,0
14,user_0053,0
14,user_0043,0
14,user_0002,0
14,user_0045,0
14,user_0221,0
14,user_0037,0
14,user_0056,0
14,user_0051,0
14,user_0022,0
14,user_0000,0
14,user_0180,4
14,user_0223,4
14,user_0205,4
14,user_0213,4
14,user_0194,4
14,user_0187,4
14,user_0181,4
14,user_0200,4
14,user_0228,4
14,user_0280,4
14,user_0234,4
14,user_0189,4
14,user_0182,4
14,user_0188,4
14,user_0229,4
14,user_0203,4
14,user_0224,4
14,user_0218,4
14,user_0220,4
14,user_0216,4
14,user_0190,4
14,user_0191,4
14,user_0206,4
14,user_0185,4
14,user_0192,4
14,user_0197,4
14,user_0233,4
14,user_0183,4
14,user_0211,4
14,user_0232,4
14,user_0231,4
14,user_0186,4
14,user_0208,4
14,user_0215,4
14,user_0226,4
14,user_0217,4
14,user_0198,4
14,user_0212,4
14,user_0184,4
14,user_0237,4
14,user_0193,4
14,user_0214,4
14,user_0210,4
14,user_0199,4
14,user_0196,4
14,user_0227,4
14,user_0195,4
14,user_0201,4
14,user_0225,4
14,user_0235,4
14,user_0204,4
14,user_0207,4
14,user_0209,4
14,user_0219,4
14,user_0202,4
14,user_0230,4
14,user_0222,4
14,user_0238,4
14,user_0263,5
14,user_0262,5
14,user_0267,5
14,user_0291,5
14,user_0281,5
14,user_0249,5
14,user_0265,5
14,user_0288,5
14,user_0272,5
14,user_0255,5
14,user_0287,5
14,user_0279,5
14,user_0297,5
14,user_0244,5
14,user_0252,5
14,user_0296,5
14,user_0241,5
14,user_0269,5
14,user_0299,5
14,user_0268,5
14,user_0273,5
14,user_0275,5
14,user_0270,5
14,user_0246,5
14,user_0236,5
14,user_0266,5
14,user_0258,5
14,user_0295,5
14,user_0245,5
14,user_0250,5
14,user_0248,5
14,user_0253,5
14,user_0243,5
14,user_0036,5
14,user_0254,5
14,user_0292,5
14,user_0290,5
14,user_0242,5
14,user_0261,5
14,user_0285,5
14,user_0240,5
14,user_0259,5
14,user_0293,5
14,user_0264,5
14,user_0260,5
14,user_0271,5
14,user_0298,5
14,user_0278,5
14,user_0256,5
14,user_0284,5
14,user_0257,5
14,user_0251,5
14,user_0289,5
14,user_0247,5
15,user_0074,1
15,user_0010,1
15,user_0096,1
15,user_0077,1
15,user_0329,1
15,user_0087,1
15,user_0054,1
15,user_0094,1
15,user_0109,1
15,user_0073,1
15,user_0064,1
15,user_0092,1
15,user_0086,1
15,user_0111,1
15,user_0081,1
15,user_0118,1
15,user_0083,1
15,user_0088,1
15,user_0102,1
15,user_0103,1
15,user_0079,1
15,user_0104,1
15,user_0076,1
15,user_0065,1
15,user_0091,1
15,user_0062,1
15,user_0008,1
15,user_0116,1
15,user_0067,1
15,user_0072,1
15,user_0098,1
15,user_0113,1
15,user_0075,1
15,user_0068,1
15,user_0117,1
15,user_0063,1
15,user_0090,1
15,user_0093,1
15,user_0089,1
15,user_0115,1
15,user_0100,1
15,user_0107,1
15,user_0084,1
15,user_0078,1
15,user_0114,1
15,user_0110,1
15,user_0106,1
15,user_0080,1
15,user_0099,1
15,user_0071,1
15,user_0095,1
15,user_0061,1
15,user_0060,1
15,user_0108,1
15,user_0070,1
15,user_0082,1
15,user_0105,1
15,user_0119,1
15,user_0112,1
15,user_0085,1
15,user_0097,1
15,user_0066,1
15,user_0101,1
15,user_0139,2
15,user_0179,2
15,user_0121,2
15,user_0141,2
15,user_0128,2
15,user_0162,2
15,user_0149,2
15,user_0134,2
15,user_0177,2
15,user_0174,2
15,user_0155,2
15,user_0157,2
15,user_0158,2
15,user_0148,2
15,user_0122,2
15,user_0151,2
15,user_0147,2
15,user_0152,2
15,user_0124,2
15,user_0168,2
15,user_0144,2
15,user_0175,2
15,user_0176,2
15,user_0143,2
15,user_0163,2
15,user_0159,2
15,user_0160,2
15,user_0145,2
15,user_0131,2
15,user_0164,2
15,user_0172,2
15,user_0129,2
15,user_0146,2
15,user_0166,2
15,user_0133,2
15,user_0170,2
15,user_0150,2
15,user_0165,2
15,user_0142,2
15,user_0153,2
15,user_0130,2
15,user_0135,2
15,user_0126,2
15,user_0169,2
15,user_0156,2
15,user_0125,2
15,user_0138,2
15,user_0120,2
15,user_0136,2
15,user_0123,2
15,user_0137,2
15,user_0167,2
15,user_0178,2
15,user_0132,2
15,user_0154,2
15,user_0171,2
15,user_0173,2
15,user_0127,2
15,user_0161,2
15,user_0140,2
15,user_0180,4
15,user_0213,4
15,user_0205,4
15,user_0223,4
15,user_0187,4
15,user_0194,4
15,user_0181,4
15,user_0200,4
15,user_0228,4
15,user_0265,4
15,user_0234,4
15,user_0189,4
15,user_0188,4
15,user_0203,4
15,user_0229,4
15,user_0224,4
15,user_0218,4
15,user_0220,4
15,user_0216,4
15,user_0191,4
15,user_0197,4
15,user_0185,4
15,user_0206,4
15,user_0192,4
15,user_0239,4
15,user_0190,4
15,user_0183,4
15,user_0236,4
15,user_0233,4
15,user_0211,4
15,user_0232,4
15,user_0219,4
15,user_0186,4
15,user_0208,4
15,user_0231,4
15,user_0215,4
15,user_0226,4
15,user_0217,4
15,user_0198,4
15,user_0212,4
15,user_0184,4
15,user_0237,4
15,user_0193,4
15,user_0214,4
15,user_0209,4
15,user_0210,4
15,user_0199,4
15,user_0196,4
15,user_0195,4
15,user_0201,4
15,user_0225,4
15,user_0235,4
15,user_0204,4
15,user_0207,4
15,user_0221,4
15,user_0182,4
15,user_0202,4
15,user_0230,4
15,user_0222,4
15,user_0238,4
15,user_0018,0
15,user_0032,0
15,user_0041,0
15,user_0030,0
15,user_0031,0
15,user_0059,0
15,user_0042,0
15,user_0003,0
15,user_0025,0
15,user_0014,0
15,user_0007,0
15,user_0023,0
15,user_0039,0
15,user_0000,0
15,user_0057,0
15,user_0021,0
15,user_0020,0
15,user_0001,0
15,user_0011,0
15,user_0034,0
15,user_0016,0
15,user_0339,0
15,user_0017,0
15,user_0040,0
15,user_0048,0
15,user_0277,0
15,user_0046,0
15,user_0029,0
15,user_0005,0
15,user_0044,0
15,user_0038,0
15,user_0009,0
15,user_0055,0
15,user_0019,0
15,user_0047,0
15,user_0050,0
15,user_0058,0
15,user_0036,0
15,user_0015,0
15,user_0037,0
15,user_0052,0
15,user_0004,0
15,user_0049,0
15,user_0026,0
15,user_0027,0
15,user_0035,0
15,user_0012,0
15,user_0006,0
15,user_0024,0
15,user_0033,0
15,user_0013,0
15,user_0053,0
15,user_0043,0
15,user_0002,0
15,user_0045,0
15,user_0056,0
15,user_0051,0
15,user_0022,0
15,user_0028,0
15,user_0335,3
15,user_0349,3
15,user_0306,3
15,user_0340,3
15,user_0316,3
15,user_0302,3
15,user_0312,3
15,user_0330,3
15,user_0315,3
15,user_0069,3
15,user_0332,3
15,user_0313,3
15,user_0323,3
15,user_0308,3
15,user_0338,3
15,user_0319,3
15,user_0304,3
15,user_0327,3
15,user_0358,3
15,user_0311,3
15,user_0355,3
15,user_0310,3
15,user_0343,3
15,user_0345,3
15,user_0342,3
15,user_0300,3
15,user_0350,3
15,user_0336,3
15,user_0359,3
15,user_0325,3
15,user_0307,3
15,user_0344,3
15,user_0331,3
15,user_0351,3
15,user_0321,3
15,user_0352,3
15,user_0318,3
15,user_0328,3
15,user_0347,3
15,user_0357,3
15,user_0354,3
15,user_0303,3
15,user_0305,3
15,user_0348,3
15,user_0326,3
15,user_0341,3
15,user_0227,3
15,user_0346,3
15,user_0356,3
15,user_0324,3
15,user_0309,3
15,user_0322,3
15,user_0301,3
15,user_0317,3
15,user_0320,3
15,user_0337,3
15,user_0334,3
15,user_0333,3
15,user_0314,3
15,user_0263,5
15,user_0291,5
15,user_0267,5
15,user_0262,5
15,user_0281,5
15,user_0249,5
15,user_0280,5
15,user_0288,5
15,user_0284,5
15,user_0272,5
15,user_0255,5
15,user_0287,5
15,user_0279,5
15,user_0297,5
15,user_0244,5
15,user_0269,5
15,user_0296,5
15,user_0241,5
15,user_0252,5
15,user_0268,5
15,user_0299,5
15,user_0273,5
15,user_0286,5
15,user_0270,5
15,user_0246,5
15,user_0282,5
15,user_0266,5
15,user_0258,5
15,user_0276,5
15,user_0295,5
15,user_0245,5
15,user_0283,5
15,user_0250,5
15,user_0294,5
15,user_0248,5
15,user_0253,5
15,user_0243,5
15,user_0254,5
15,user_0292,5
15,user_0290,5
15,user_0242,5
15,user_0261,5
15,user_0285,5
15,user_0240,5
15,user_0260,5
15,user_0293,5
15,user_0264,5
15,user_0259,5
15,user_0271,5
15,user_0298,5
15,user_0278,5
15,user_0256,5
15,user_0275,5
15,user_0257,5
15,user_0251,5
15,user_0289,5
15,user_0247,5
16,user_0180,4
16,user_0213,4
16,user_0205,4
16,user_0223,4
16,user_0194,4
16,user_0187,4
16,user_0181,4
16,user_0200,4
16,user_0228,4
16,user_0265,4
16,user_0234,4
16,user_0189,4
16,user_0188,4
16,user_0229,4
16,user_0203,4
16,user_0224,4
16,user_0218,4
16,user_0220,4
16,user_0216,4
16,user_0190,4
16,user_0191,4
16,user_0206,4
16,user_0185,4
16,user_0239,4
16,user_0197,4
16,user_0192,4
16,user_0233,4
16,user_0183,4
16,user_0236,4
16,user_0211,4
16,user_0232,4
16,user_0219,4
16,user_0186,4
16,user_0208,4
16,user_0231,4
16,user_0215,4
16,user_0226,4
16,user_0217,4
16,user_0198,4
16,user_0184,4
16,user_0212,4
16,user_0237,4
16,user_0193,4
16,user_0214,4
16,user_0209,4
16,user_0210,4
16,user_0199,4
16,user_0196,4
16,user_0227,4
16,user_0195,4
16,user_0201,4
16,user_0225,4
16,user_0235,4
16,user_0204,4
16,user_0207,4
16,user_0221,4
16,user_0182,4
16,user_0202,4
16,user_0230,4
16,user_0222,4
16,user_0238,4
16,user_0335,3
16,user_0349,3
16,user_0306,3
16,user_0340,3
16,user_0316,3
16,user_0302,3
16,user_0329,3
16,user_0312,3
16,user_0330,3
16,user_0315,3
16,user_0332,3
16,user_0313,3
16,user_0323,3
16,user_0308,3
16,user_0338,3
16,user_0319,3
16,user_0304,3
16,user_0327,3
16,user_0358,3
16,user_0311,3
16,user_0310,3
16,user_0355,3
16,user_0345,3
16,user_0343,3
16,user_0342,3
16,user_0300,3
16,user_0339,3
16,user_0350,3
16,user_0336,3
16,user_0359,3
16,user_0325,3
16,user_0331,3
16,user_0344,3
16,user_0307,3
16,user_0321,3
16,user_0351,3
16,user_0352,3
16,user_0318,3
16,user_0328,3
16,user_0347,3
16,user_0353,3
16,user_0357,3
16,user_0354,3
16,user_0303,3
16,user_0305,3
16,user_0348,3
16,user_0326,3
16,user_0341,3
16,user_0346,3
16,user_0356,3
16,user_0324,3
16,user_0309,3
16,user_0322,3
16,user_0301,3
16,user_0317,3
16,user_0320,3
16,user_0337,3
16,user_0334,3
16,user_0333,3
16,user_0314,3
16,user_0074,1
16,user_0096,1
16,user_0077,1
16,user_0087,1
16,user_0069,1
16,user_0094,1
16,user_0109,1
16,user_0073,1
16,user_0064,1
16,user_0092,1
16,user_0086,1
16,user_0076,1
16,user_0088,1
16,user_0118,1
16,user_0081,1
16,user_0083,1
16,user_0102,1
16,user_0079,1
16,user_0104,1
16,user_0103,1
16,user_0091,1
16,user_0065,1
16,user_0062,1
16,user_0116,1
16,user_0067,1
16,user_0098,1
16,user_0072,1
16,user_0113,1
16,user_0075,1
16,user_0068,1
16,user_0117,1
16,user_0063,1
16,user_0090,1
16,user_0093,1
16,user_0089,1
16,user_0115,1
16,user_0100,1
16,user_0107,1
16,user_0110,1
16,user_0084,1
16,user_0078,1
16,user_0114,1
16,user_0106,1
16,user_0080,1
16,user_0099,1
16,user_0071,1
16,user_0095,1
16,user_0060,1
16,user_0061,1
16,user_0108,1
16,user_0082,1
16,user_0105,1
16,user_0070,1
16,user_0053,1
16,user_0112,1
16,user_0119,1
16,user_0085,1
16,user_0097,1
16,user_0066,1
16,user_0101,1
16,user_0139,2
16,user_0179,2
16,user_0121,2
16,user_0141,2
16,user_0128,2
16,user_0162,2
16,user_0149,2
16,user_0134,2
16,user_0177,2
16,user_0174,2
16,user_0155,2
16,user_0157,2
16,user_0158,2
16,user_0148,2
16,user_0122,2
16,user_0147,2
16,user_0163,2
16,user_0152,2
16,user_0176,2
16,user_0151,2
16,user_0124,2
16,user_0168,2
16,user_0144,2
16,user_0175,2
16,user_0143,2
16,user_0159,2
16,user_0160,2
16,user_0145,2
16,user_0131,2
16,user_0164,2
16,user_0172,2
16,user_0129,2
16,user_0146,2
16,user_0166,2
16,user_0133,2
16,user_0170,2
16,user_0150,2
16,user_0142,2
16,user_0165,2
16,user_0153,2
16,user_0130,2
16,user_0135,2
16,user_0126,2
16,user_0169,2
16,user_0156,2
16,user_0125,2
16,user_0138,2
16,user_0120,2
16,user_0123,2
16,user_0136,2
16,user_0137,2
16,user_0167,2
16,user_0178,2
16,user_0132,2
16,user_0154,2
16,user_0171,2
16,user_0173,2
16,user_0127,2
16,user_0161,2
16,user_0140,2
16,user_0018,0
16,user_0032,0
16,user_0010,0
16,user_0041,0
16,user_0030,0
16,user_0031,0
16,user_0059,0
16,user_0042,0
16,user_0003,0
16,user_0025,0
16,user_0054,0
16,user_0014,0
16,user_0007,0
16,user_0023,0
16,user_0039,0
16,user_0000,0
16,user_0057,0
16,user_0021,0
16,user_0020,0
16,user_0001,0
16,user_0011,0
16,user_0034,0
16,user_0016,0
16,user_0017,0
16,user_0005,0
16,user_0040,0
16,user_0048,0
16,user_0008,0
16,user_0029,0
16,user_0044,0
16,user_0028,0
16,user_0038,0
16,user_0019,0
16,user_0055,0
16,user_0009,0
16,user_0047,0
16,user_0050,0
16,user_0058,0
16,user_0036,0
16,user_0015,0
16,user_0037,0
16,user_0052,0
16,user_0004,0
16,user_0049,0
16,user_0026,0
16,user_0027,0
16,user_0035,0
16,user_0012,0
16,user_0006,0
16,user_0024,0
16,user_0033,0
16,user_0013,0
16,user_0043,0
16,user_0002,0
16,user_0045,0
16,user_0056,0
16,user_0051,0
16,user_0022,0
16,user_0046,0
16,user_0263,5
16,user_0291,5
16,user_0262,5
16,user_0267,5
16,user_0281,5
16,user_0249,5
16,user_0280,5
16,user_0288,5
16,user_0284,5
16,user_0272,5
16,user_0255,5
16,user_0287,5
16,user_0279,5
16,user_0252,5
16,user_0244,5
16,user_0269,5
16,user_0297,5
16,user_0296,5
16,user_0241,5
16,user_0268,5
16,user_0299,5
16,user_0111,5
16,user_0286,5
16,user_0273,5
16,user_0282,5
16,user_0270,5
16,user_0275,5
16,user_0246,5
16,user_0277,5
16,user_0258,5
16,user_0266,5
16,user_0295,5
16,user_0276,5
16,user_0283,5
16,user_0245,5
16,user_0250,5
16,user_0294,5
16,user_0248,5
16,user_0253,5
16,user_0243,5
16,user_0290,5
16,user_0292,5
16,user_0254,5
16,user_0242,5
16,user_0261,5
16,user_0285,5
16,user_0240,5
16,user_0260,5
16,user_0264,5
16,user_0259,5
16,user_0293,5
16,user_0271,5
16,user_0298,5
16,user_0256,5
16,user_0278,5
16,user_0257,5
16,user_0251,5
16,user_0289,5
16,user_0247,5
17,user_0180,4
17,user_0223,4
17,user_0213,4
17,user_0205,4
17,user_0194,4
17,user_0187,4
17,user_0181,4
17,user_0200,4
17,user_0228,4
17,user_0234,4
17,user_0189,4
17,user_0188,4
17,user_0203,4
17,user_0229,4
17,user_0224,4
17,user_0218,4
17,user_0220,4
17,user_0216,4
17,user_0191,4
17,user_0190,4
17,user_0185,4
17,user_0206,4
17,user_0239,4
17,user_0192,4
17,user_0197,4
17,user_0233,4
17,user_0236,4
17,user_0183,4
17,user_0211,4
17,user_0232,4
17,user_0219,4
17,user_0231,4
17,user_0208,4
17,user_0186,4
17,user_0215,4
17,user_0226,4
17,user_0217,4
17,user_0198,4
17,user_0184,4
17,user_0212,4
17,user_0237,4
17,user_0193,4
17,user_0214,4
17,user_0209,4
17,user_0199,4
17,user_0210,4
17,user_0196,4
17,user_0227,4
17,user_0195,4
17,user_0201,4
17,user_0204,4
17,user_0235,4
17,user_0225,4
17,user_0207,4
17,user_0221,4
17,user_0182,4
17,user_0202,4
17,user_0230,4
17,user_0222,4
17,user_0289,4
17,user_0238,4
17,user_0074,1
17,user_0096,1
17,user_0077,1
17,user_0087,1
17,user_0069,1
17,user_0094,1
17,user_0109,1
17,user_0073,1
17,user_0064,1
17,user_0092,1
17,user_0086,1
17,user_0111,1
17,user_0081,1
17,user_0088,1
17,user_0083,1
17,user_0076,1
17,user_0102,1
17,user_0104,1
17,user_0079,1
17,user_0103,1
17,user_0091,1
17,user_0065,1
17,user_0118,1
17,user_0062,1
17,user_0067,1
17,user_0098,1
17,user_0072,1
17,user_0116,1
17,user_0113,1
17,user_0075,1
17,user_0117,1
17,user_0090,1
17,user_0063,1
17,user_0068,1
17,user_0093,1
17,user_0089,1
17,user_0115,1
17,user_0100,1
17,user_0114,1
17,user_0110,1
17,user_0078,1
17,user_0107,1
17,user_0084,1
17,user_0106,1
17,user_0080,1
17,user_0099,1
17,user_0071,1
17,user_0095,1
17,user_0061,1
17,user_0060,1
17,user_0108,1
17,user_0082,1
17,user_0070,1
17,user_0053,1
17,user_0105,1
17,user_0112,1
17,user_0119,1
17,user_0085,1
17,user_0097,1
17,user_0066,1
17,user_0101,1
17,user_0139,2
17,user_0179,2
17,user_0121,2
17,user_0141,2
17,user_0128,2
17,user_0162,2
17,user_0149,2
17,user_0134,2
17,user_0177,2
17,user_0174,2
17,user_0155,2
17,user_0157,2
17,user_0158,2
17,user_0176,2
17,user_0122,2
17,user_0147,2
17,user_0163,2
17,user_0152,2
17,user_0124,2
17,user_0148,2
17,user_0144,2
17,user_0175,2
17,user_0168,2
17,user_0151,2
17,user_0143,2
17,user_0159,2
17,user_0160,2
17,user_0145,2
17,user_0131,2
17,user_0164,2
17,user_0172,2
17,user_0129,2
17,user_0146,2
17,user_0166,2
17,user_0133,2
17,user_0279,2
17,user_0170,2
17,user_0150,2
17,user_0142,2
17,user_0165,2
17,user_0153,2
17,user_0130,2
17,user_0135,2
17,user_0126,2
17,user_0169,2
17,user_0156,2
17,user_0125,2
17,user_0123,2
17,user_0120,2
17,user_0136,2
17,user_0138,2
17,user_0167,2
17,user_0137,2
17,user_0178,2
17,user_0132,2
17,user_0154,2
17,user_0171,2
17,user_0173,2
17,user_0127,2
17,user_0161,2
17,user_0140,2
17,user_0018,0
17,user_0032,0
17,user_0010,0
17,user_0041,0
17,user_0030,0
17,user_0031,0
17,user_0059,0
17,user_0042,0
17,user_0003,0
17,user_0025,0
17,user_0054,0
17,user_0014,0
17,user_0007,0
17,user_0023,0
17,user_0039,0
17,user_0057,0
17,user_0021,0
17,user_0020,0
17,user_0001,0
17,user_0011,0
17,user_0034,0
17,user_0017,0
17,user_0040,0
17,user_0005,0
17,user_0016,0
17,user_0048,0
17,user_0008,0
17,user_0029,0
17,user_0046,0
17,user_0044,0
17,user_0028,0
17,user_0038,0
17,user_0009,0
17,user_0055,0
17,user_0019,0
17,user_0047,0
17,user_0050,0
17,user_0058,0
17,user_0036,0
17,user_0015,0
17,user_0052,0
17,user_0004,0
17,user_0049,0
17,user_0026,0
17,user_0027,0
17,user_0035,0
17,user_0006,0
17,user_0012,0
17,user_0024,0
17,user_0033,0
17,user_0013,0
17,user_0043,0
17,user_0002,0
17,user_0045,0
17,user_0337,0
17,user_0037,0
17,user_0056,0
17,user_0051,0
17,user_0022,0
17,user_0000,0
17,user_0335,3
17,user_0340,3
17,user_0306,3
17,user_0349,3
17,user_0316,3
17,user_0302,3
17,user_0329,3
17,user_0312,3
17,user_0330,3
17,user_0315,3
17,user_0332,3
17,user_0313,3
17,user_0323,3
17,user_0338,3
17,user_0319,3
17,user_0304,3
17,user_0327,3
17,user_0358,3
17,user_0311,3
17,user_0310,3
17,user_0345,3
17,user_0355,3
17,user_0343,3
17,user_0350,3
17,user_0300,3
17,user_0342,3
17,user_0339,3
17,user_0336,3
17,user_0359,3
17,user_0325,3
17,user_0307,3
17,user_0344,3
17,user_0331,3
17,user_0351,3
17,user_0321,3
17,user_0352,3
17,user_0318,3
17,user_0328,3
17,user_0347,3
17,user_0353,3
17,user_0357,3
17,user_0354,3
17,user_0303,3
17,user_0305,3
17,user_0348,3
17,user_0326,3
17,user_0333,3
17,user_0341,3
17,user_0346,3
17,user_0356,3
17,user_0309,3
17,user_0324,3
17,user_0322,3
17,user_0301,3
17,user_0317,3
17,user_0320,3
17,user_0334,3
17,user_0308,3
17,user_0314,3
17,user_0263,5
17,user_0274,5
17,user_0291,5
17,user_0262,5
17,user_0267,5
17,user_0281,5
17,user_0280,5
17,user_0249,5
17,user_0265,5
17,user_0288,5
17,user_0284,5
17,user_0272,5
17,user_0255,5
17,user_0287,5
17,user_0252,5
17,user_0244,5
17,user_0269,5
17,user_0296,5
17,user_0241,5
17,user_0297,5
17,user_0299,5
17,user_0268,5
17,user_0286,5
17,user_0282,5
17,user_0277,5
17,user_0246,5
17,user_0273,5
17,user_0270,5
17,user_0258,5
17,user_0266,5
17,user_0276,5
17,user_0295,5
17,user_0245,5
17,user_0283,5
17,user_0250,5
17,user_0294,5
17,user_0248,5
17,user_0253,5
17,user_0243,5
17,user_0290,5
17,user_0292,5
17,user_0254,5
17,user_0242,5
17,user_0261,5
17,user_0285,5
17,user_0240,5
17,user_0259,5
17,user_0264,5
17,user_0293,5
17,user_0260,5
17,user_0271,5
17,user_0298,5
17,user_0278,5
17,user_0256,5
17,user_0275,5
17,user_0257,5
17,user_0251,5
17,user_0247,5
18,user_0162,1
18,user_0280,1
18,user_0069,1
18,user_0094,1
18,user_0073,1
18,user_0092,1
18,user_0086,1
18,user_0034,1
18,user_0081,1
18,user_0111,1
18,user_0102,1
18,user_0104,1
18,user_0103,1
18,user_0065,1
18,user_0062,1
18,user_0116,1
18,user_0072,1
18,user_0068,1
18,user_0117,1
18,user_0093,1
18,user_0089,1
18,user_0084,1
18,user_0106,1
18,user_0099,1
18,user_0108,1
18,user_0082,1
18,user_0105,1
18,user_0112,1
18,user_0275,1
18,user_0097,1
18,user_0074,1
18,user_0096,1
18,user_0087,1
18,user_0109,1
18,user_0064,1
18,user_0076,1
18,user_0088,1
18,user_0083,1
18,user_0118,1
18,user_0040,1
18,user_0079,1
18,user_0091,1
18,user_0067,1
18,user_0098,1
18,user_0113,1
18,user_0075,1
18,user_0090,1
18,user_0063,1
18,user_0115,1
18,user_0100,1
18,user_0114,1
18,user_0110,1
18,user_0107,1
18,user_0078,1
18,user_0080,1
18,user_0071,1
18,user_0095,1
18,user_0061,1
18,user_0060,1
18,user_0070,1
18,user_0119,1
18,user_0085,1
18,user_0066,1
18,user_0101,1
18,user_0180,4
18,user_0223,4
18,user_0213,4
18,user_0205,4
18,user_0187,4
18,user_0194,4
18,user_0181,4
18,user_0200,4
18,user_0077,4
18,user_0228,4
18,user_0234,4
18,user_0189,4
18,user_0188,4
18,user_0203,4
18,user_0229,4
18,user_0224,4
18,user_0218,4
18,user_0220,4
18,user_0216,4
18,user_0190,4
18,user_0191,4
18,user_0185,4
18,user_0206,4
18,user_0192,4
18,user_0239,4
18,user_0197,4
18,user_0183,4
18,user_0236,4
18,user_0233,4
18,user_0211,4
18,user_0232,4
18,user_0219,4
18,user_0186,4
18,user_0231,4
18,user_0208,4
18,user_0215,4
18,user_0226,4
18,user_0221,4
18,user_0217,4
18,user_0198,4
18,user_0184,4
18,user_0212,4
18,user_0237,4
18,user_0193,4
18,user_0214,4
18,user_0210,4
18,user_0196,4
18,user_0199,4
18,user_0227,4
18,user_0195,4
18,user_0201,4
18,user_0225,4
18,user_0235,4
18,user_0204,4
18,user_0207,4
18,user_0209,4
18,user_0182,4
18,user_0202,4
18,user_0230,4
18,user_0222,4
18,user_0335,3
18,user_0349,3
18,user_0306,3
18,user_0340,3
18,user_0316,3
18,user_0302,3
18,user_0329,3
18,user_0312,3
18,user_0330,3
18,user_0315,3
18,user_0332,3
18,user_0313,3
18,user_0323,3
18,user_0308,3
18,user_0338,3
18,user_0319,3
18,user_0304,3
18,user_0327,3
18,user_0358,3
18,user_0311,3
18,user_0355,3
18,user_0345,3
18,user_0343,3
18,user_0350,3
18,user_0342,3
18,user_0300,3
18,user_0310,3
18,user_0339,3
18,user_0336,3
18,user_0359,3
18,user_0325,3
18,user_0307,3
18,user_0344,3
18,user_0331,3
18,user_0321,3
18,user_0351,3
18,user_0352,3
18,user_0318,3
18,user_0328,3
18,user_0347,3
18,user_0353,3
18,user_0357,3
18,user_0354,3
18,user_0303,3
18,user_0305,3
18,user_0348,3
18,user_0326,3
18,user_0341,3
18,user_0346,3
18,user_0356,3
18,user_0324,3
18,user_0309,3
18,user_0322,3
18,user_0301,3
18,user_0317,3
18,user_0320,3
18,user_0337,3
18,user_0334,3
18,user_0333,3
18,user_0314,3
18,user_0018,0
18,user_0032,0
18,user_0010,0
18,user_0041,0
18,user_0030,0
18,user_0031,0
18,user_0059,0
18,user_0042,0
18,user_0003,0
18,user_0025,0
18,user_0054,0
18,user_0014,0
18,user_0007,0
18,user_0023,0
18,user_0039,0
18,user_0057,0
18,user_0000,0
18,user_0021,0
18,user_0020,0
18,user_0001,0
18,user_0011,0
18,user_0016,0
18,user_0017,0
18,user_0005,0
18,user_0048,0
18,user_0046,0
18,user_0029,0
18,user_0008,0
18,user_0044,0
18,user_0028,0
18,user_0038,0
18,user_0019,0
18,user_0055,0
18,user_0009,0
18,user_0047,0
18,user_0050,0
18,user_0058,0
18,user_0036,0
18,user_0015,0
18,user_0052,0
18,user_0004,0
18,user_0049,0
18,user_0026,0
18,user_0027,0
18,user_0035,0
18,user_0006,0
18,user_0012,0
18,user_0024,0
18,user_0043,0
18,user_0013,0
18,user_0033,0
18,user_0053,0
18,user_0002,0
18,user_0045,0
18,user_0037,0
18,user_0056,0
18,user_0051,0
18,user_0022,0
18,user_0238,0
18,user_0139,2
18,user_0179,2
18,user_0121,2
18,user_0141,2
18,user_0128,2
18,user_0149,2
18,user_0134,2
18,user_0177,2
18,user_0174,2
18,user_0155,2
18,user_0157,2
18,user_0158,2
18,user_0148,2
18,user_0176,2
18,user_0122,2
18,user_0147,2
18,user_0151,2
18,user_0152,2
18,user_0168,2
18,user_0144,2
18,user_0175,2
18,user_0124,2
18,user_0143,2
18,user_0163,2
18,user_0159,2
18,user_0160,2
18,user_0145,2
18,user_0131,2
18,user_0164,2
18,user_0172,2
18,user_0129,2
18,user_0146,2
18,user_0166,2
18,user_0133,2
18,user_0170,2
18,user_0150,2
18,user_0142,2
18,user_0165,2
18,user_0153,2
18,user_0130,2
18,user_0135,2
18,user_0126,2
18,user_0169,2
18,user_0156,2
18,user_0125,2
18,user_0123,2
18,user_0120,2
18,user_0136,2
18,user_0138,2
18,user_0167,2
18,user_0137,2
18,user_0178,2
18,user_0132,2
18,user_0154,2
18,user_0171,2
18,user_0173,2
18,user_0127,2
18,user_0161,2
18,user_0140,2
18,user_0263,5
18,user_0274,5
18,user_0262,5
18,user_0267,5
18,user_0291,5
18,user_0281,5
18,user_0249,5
18,user_0265,5
18,user_0288,5
18,user_0272,5
18,user_0255,5
18,user_0287,5
18,user_0279,5
18,user_0297,5
18,user_0244,5
18,user_0252,5
18,user_0296,5
18,user_0241,5
18,user_0269,5
18,user_0268,5
18,user_0299,5
18,user_0286,5
18,user_0282,5
18,user_0277,5
18,user_0270,5
18,user_0246,5
18,user_0273,5
18,user_0258,5
18,user_0266,5
18,user_0295,5
18,user_0276,5
18,user_0283,5
18,user_0245,5
18,user_0250,5
18,user_0294,5
18,user_0248,5
18,user_0253,5
18,user_0243,5
18,user_0290,5
18,user_0254,5
18,user_0292,5
18,user_0242,5
18,user_0261,5
18,user_0285,5
18,user_0240,5
18,user_0260,5
18,user_0264,5
18,user_0293,5
18,user_0259,5
18,user_0271,5
18,user_0298,5
18,user_0278,5
18,user_0256,5
18,user_0284,5
18,user_0257,5
18,user_0251,5
18,user_0289,5
18,user_0247,5
19,user_0180,4
19,user_0223,4
19,user_0213,4
19,user_0205,4
19,user_0194,4
19,user_0187,4
19,user_0181,4
19,user_0200,4
19,user_0228,4
19,user_0234,4
19,user_0189,4
19,user_0177,4
19,user_0188,4
19,user_0229,4
19,user_0203,4
19,user_0224,4
19,user_0218,4
19,user_0220,4
19,user_0216,4
19,user_0190,4
19,user_0197,4
19,user_0185,4
19,user_0191,4
19,user_0192,4
19,user_0206,4
19,user_0239,4
19,user_0183,4
19,user_0236,4
19,user_0233,4
19,user_0211,4
19,user_0232,4
19,user_0219,4
19,user_0186,4
19,user_0208,4
19,user_0215,4
19,user_0226,4
19,user_0217,4
19,user_0198,4
19,user_0184,4
19,user_0212,4
19,user_0237,4
19,user_0193,4
19,user_0214,4
19,user_0209,4
19,user_0199,4
19,user_0196,4
19,user_0210,4
19,user_0227,4
19,user_0195,4
19,user_0095,4
19,user_0201,4
19,user_0204,4
19,user_0235,4
19,user_0225,4
19,user_0207,4
19,user_0085,4
19,user_0221,4
19,user_0182,4
19,user_0202,4
19,user_0230,4
19,user_0222,4
19,user_0238,4
19,user_0018,0
19,user_0032,0
19,user_0010,0
19,user_0041,0
19,user_0030,0
19,user_0031,0
19,user_0059,0
19,user_0042,0
19,user_0003,0
19,user_0025,0
19,user_0054,0
19,user_0014,0
19,user_0007,0
19,user_0023,0
19,user_0039,0
19,user_0057,0
19,user_0000,0
19,user_0021,0
19,user_0020,0
19,user_0001,0
19,user_0011,0
19,user_0034,0
19,user_0017,0
19,user_0016,0
19,user_0005,0
19,user_0040,0
19,user_0048,0
19,user_0046,0
19,user_0029,0
19,user_0008,0
19,user_0044,0
19,user_0038,0
19,user_0019,0
19,user_0009,0
19,user_0055,0
19,user_0047,0
19,user_0050,0
19,user_0058,0
19,user_0036,0
19,user_0015,0
19,user_0052,0
19,user_0004,0
19,user_0049,0
19,user_0026,0
19,user_0027,0
19,user_0035,0
19,user_0006,0
19,user_0012,0
19,user_0024,0
19,user_0043,0
19,user_0013,0
19,user_0053,0
19,user_0033,0
19,user_0002,0
19,user_0045,0
19,user_0037,0
19,user_0056,0
19,user_0051,0
19,user_0022,0
19,user_0028,0
19,user_0074,1
19,user_0096,1
19,user_0077,1
19,user_0087,1
19,user_0069,1
19,user_0094,1
19,user_0109,1
19,user_0073,1
19,user_0064,1
19,user_0092,1
19,user_0086,1
19,user_0111,1
19,user_0081,1
19,user_0083,1
19,user_0088,1
19,user_0118,1
19,user_0102,1
19,user_0079,1
19,user_0104,1
19,user_0103,1
19,user_0091,1
19,user_0065,1
19,user_0286,1
19,user_0062,1
19,user_0067,1
19,user_0098,1
19,user_0231,1
19,user_0072,1
19,user_0116,1
19,user_0113,1
19,user_0075,1
19,user_0068,1
19,user_0117,1
19,user_0063,1
19,user_0090,1
19,user_0093,1
19,user_0089,1
19,user_0076,1
19,user_0115,1
19,user_0100,1
19,user_0114,1
19,user_0078,1
19,user_0110,1
19,user_0107,1
19,user_0084,1
19,user_0106,1
19,user_0080,1
19,user_0099,1
19,user_0071,1
19,user_0061,1
19,user_0060,1
19,user_0070,1
19,user_0082,1
19,user_0105,1
19,user_0108,1
19,user_0112,1
19,user_0119,1
19,user_0097,1
19,user_0066,1
19,user_0101,1
19,user_0139,2
19,user_0179,2
19,user_0121,2
19,user_0141,2
19,user_0128,2
19,user_0281,2
19,user_0162,2
19,user_0149,2
19,user_0134,2
19,user_0174,2
19,user_0155,2
19,user_0157,2
19,user_0158,2
19,user_0148,2
19,user_0122,2
19,user_0151,2
19,user_0163,2
19,user_0152,2
19,user_0124,2
19,user_0168,2
19,user_0144,2
19,user_0175,2
19,user_0176,2
19,user_0143,2
19,user_0147,2
19,user_0159,2
19,user_0160,2
19,user_0145,2
19,user_0131,2
19,user_0164,2
19,user_0172,2
19,user_0129,2
19,user_0146,2
19,user_0166,2
19,user_0133,2
19,user_0170,2
19,user_0150,2
19,user_0165,2
19,user_0142,2
19,user_0153,2
19,user_0130,2
19,user_0135,2
19,user_0126,2
19,user_0169,2
19,user_0156,2
19,user_0125,2
19,user_0123,2
19,user_0120,2
19,user_0136,2
19,user_0138,2
19,user_0137,2
19,user_0167,2
19,user_0178,2
19,user_0132,2
19,user_0154,2
19,user_0171,2
19,user_0173,2
19,user_0127,2
19,user_0161,2
19,user_0140,2
19,user_0335,3
19,user_0349,3
19,user_0306,3
19,user_0340,3
19,user_0316,3
19,user_0302,3
19,user_0329,3
19,user_0312,3
19,user_0330,3
19,user_0315,3
19,user_0332,3
19,user_0313,3
19,user_0323,3
19,user_0308,3
19,user_0338,3
19,user_0319,3
19,user_0304,3
19,user_0327,3
19,user_0358,3
19,user_0311,3
19,user_0355,3
19,user_0345,3
19,user_0350,3
19,user_0343,3
19,user_0342,3
19,user_0300,3
19,user_0310,3
19,user_0339,3
19,user_0336,3
19,user_0359,3
19,user_0325,3
19,user_0307,3
19,user_0344,3
19,user_0321,3
19,user_0351,3
19,user_0352,3
19,user_0318,3
19,user_0328,3
19,user_0347,3
19,user_0353,3
19,user_0357,3
19,user_0354,3
19,user_0303,3
19,user_0305,3
19,user_0326,3
19,user_0341,3
19,user_0346,3
19,user_0356,3
19,user_0309,3
19,user_0324,3
19,user_0322,3
19,user_0301,3
19,user_0317,3
19,user_0334,3
19,user_0320,3
19,user_0337,3
19,user_0331,3
19,user_0333,3
19,user_0314,3
19,user_0263,5
19,user_0274,5
19,user_0291,5
19,user_0267,5
19,user_0262,5
19,user_0249,5
19,user_0280,5
19,user_0265,5
19,user_0288,5
19,user_0272,5
19,user_0255,5
19,user_0287,5
19,user_0279,5
19,user_0252,5
19,user_0269,5
19,user_0244,5
19,user_0297,5
19,user_0241,5
19,user_0296,5
19,user_0268,5
19,user_0299,5
19,user_0273,5
19,user_0282,5
19,user_0270,5
19,user_0275,5
19,user_0277,5
19,user_0246,5
19,user_0266,5
19,user_0258,5
19,user_0276,5
19,user_0295,5
19,user_0283,5
19,user_0245,5
19,user_0250,5
19,user_0294,5
19,user_0248,5
19,user_0253,5
19,user_0243,5
19,user_0348,5
19,user_0292,5
19,user_0254,5
19,user_0242,5
19,user_0290,5
19,user_0261,5
19,user_0285,5
19,user_0240,5
19,user_0260,5
19,user_0259,5
19,user_0264,5
19,user_0293,5
19,user_0271,5
19,user_0298,5
19,user_0278,5
19,user_0256,5
19,user_0284,5
19,user_0257,5
19,user_0251,5
19,user_0289,5
19,user_0247,5
20,user_0139,2
20,user_0179,2
20,user_0121,2
20,user_0141,2
20,user_0128,2
20,user_0281,2
20,user_0162,2
20,user_0149,2
20,user_0134,2
20,user_0177,2
20,user_0174,2
20,user_0155,2
20,user_0157,2
20,user_0158,2
20,user_0148,2
20,user_0147,2
20,user_0151,2
20,user_0218,2
20,user_0122,2
20,user_0124,2
20,user_0168,2
20,user_0144,2
20,user_0175,2
20,user_0152,2
20,user_0143,2
20,user_0163,2
20,user_0159,2
20,user_0160,2
20,user_0145,2
20,user_0131,2
20,user_0164,2
20,user_0172,2
20,user_0129,2
20,user_0146,2
20,user_0166,2
20,user_0133,2
20,user_0170,2
20,user_0150,2
20,user_0165,2
20,user_0142,2
20,user_0153,2
20,user_0176,2
20,user_0130,2
20,user_0135,2
20,user_0126,2
20,user_0169,2
20,user_0156,2
20,user_0125,2
20,user_0123,2
20,user_0120,2
20,user_0136,2
20,user_0138,2
20,user_0137,2
20,user_0167,2
20,user_0178,2
20,user_0132,2
20,user_0154,2
20,user_0171,2
20,user_0173,2
20,user_0127,2
20,user_0161,2
20,user_0140,2
20,user_0335,3
20,user_0340,3
20,user_0349,3
20,user_0306,3
20,user_0316,3
20,user_0302,3
20,user_0329,3
20,user_0312,3
20,user_0234,3
20,user_0330,3
20,user_0315,3
20,user_0308,3
20,user_0332,3
20,user_0323,3
20,user_0313,3
20,user_0338,3
20,user_0319,3
20,user_0304,3
20,user_0327,3
20,user_0358,3
20,user_0311,3
20,user_0310,3
20,user_0355,3
20,user_0343,3
20,user_0350,3
20,user_0342,3
20,user_0339,3
20,user_0300,3
20,user_0345,3
20,user_0336,3
20,user_0359,3
20,user_0325,3
20,user_0307,3
20,user_0344,3
20,user_0351,3
20,user_0321,3
20,user_0352,3
20,user_0318,3
20,user_0328,3
20,user_0347,3
20,user_0353,3
20,user_0357,3
20,user_0354,3
20,user_0303,3
20,user_0305,3
20,user_0348,3
20,user_0326,3
20,user_0341,3
20,user_0346,3
20,user_0356,3
20,user_0309,3
20,user_0324,3
20,user_0322,3
20,user_0301,3
20,user_0317,3
20,user_0334,3
20,user_0320,3
20,user_0337,3
20,user_0331,3
20,user_0333,3
20,user_0314,3
20,user_0018,0
20,user_0032,0
20,user_0010,0
20,user_0041,0
20,user_0030,0
20,user_0031,0
20,user_0059,0
20,user_0042,0
20,user_0003,0
20,user_0025,0
20,user_0054,0
20,user_0014,0
20,user_0023,0
20,user_0007,0
20,user_0039,0
20,user_0057,0
20,user_0000,0
20,user_0021,0
20,user_0020,0
20,user_0001,0
20,user_0011,0
20,user_0034,0
20,user_0016,0
20,user_0040,0
20,user_0005,0
20,user_0017,0
20,user_0048,0
20,user_0008,0
20,user_0029,0
20,user_0044,0
20,user_0028,0
20,user_0038,0
20,user_0019,0
20,user_0055,0
20,user_0009,0
20,user_0047,0
20,user_0050,0
20,user_0058,0
20,user_0036,0
20,user_0015,0
20,user_0037,0
20,user_0004,0
20,user_0052,0
20,user_0049,0
20,user_0026,0
20,user_0027,0
20,user_0035,0
20,user_0006,0
20,user_0012,0
20,user_0024,0
20,user_0043,0
20,user_0013,0
20,user_0053,0
20,user_0033,0
20,user_0002,0
20,user_0045,0
20,user_0056,0
20,user_0051,0
20,user_0022,0
20,user_0046,0
20,user_0074,1
20,user_0096,1
20,user_0087,1
20,user_0069,1
20,user_0094,1
20,user_0109,1
20,user_0073,1
20,user_0064,1
20,user_0092,1
20,user_0086,1
20,user_0076,1
20,user_0111,1
20,user_0088,1
20,user_0118,1
20,user_0081,1
20,user_0286,1
20,user_0102,1
20,user_0104,1
20,user_0103,1
20,user_0083,1
20,user_0091,1
20,user_0065,1
20,user_0062,1
20,user_0116,1
20,user_0067,1
20,user_0098,1
20,user_0072,1
20,user_0113,1
20,user_0075,1
20,user_0068,1
20,user_0117,1
20,user_0063,1
20,user_0090,1
20,user_0093,1
20,user_0089,1
20,user_0115,1
20,user_0100,1
20,user_0114,1
20,user_0110,1
20,user_0084,1
20,user_0107,1
20,user_0078,1
20,user_0106,1
20,user_0080,1
20,user_0099,1
20,user_0071,1
20,user_0095,1
20,user_0060,1
20,user_0061,1
20,user_0070,1
20,user_0082,1
20,user_0108,1
20,user_0105,1
20,user_0119,1
20,user_0112,1
20,user_0085,1
20,user_0097,1
20,user_0066,1
20,user_0101,1
20,user_0263,5
20,user_0274,5
20,user_0291,5
20,user_0267,5
20,user_0262,5
20,user_0249,5
20,user_0280,5
20,user_0265,5
20,user_0288,5
20,user_0272,5
20,user_0255,5
20,user_0287,5
20,user_0279,5
20,user_0297,5
20,user_0244,5
20,user_0269,5
20,user_0296,5
20,user_0241,5
20,user_0252,5
20,user_0299,5
20,user_0268,5
20,user_0273,5
20,user_0282,5
20,user_0270,5
20,user_0079,5
20,user_0246,5
20,user_0277,5
20,user_0275,5
20,user_0266,5
20,user_0258,5
20,user_0295,5
20,user_0276,5
20,user_0245,5
20,user_0283,5
20,user_0250,5
20,user_0294,5
20,user_0248,5
20,user_0253,5
20,user_0243,5
20,user_0254,5
20,user_0292,5
20,user_0290,5
20,user_0242,5
20,user_0261,5
20,user_0285,5
20,user_0240,5
20,user_0259,5
20,user_0260,5
20,user_0264,5
20,user_0293,5
20,user_0271,5
20,user_0298,5
20,user_0278,5
20,user_0256,5
20,user_0284,5
20,user_0257,5
20,user_0251,5
20,user_0289,5
20,user_0247,5
20,user_0180,4
20,user_0223,4
20,user_0213,4
20,user_0205,4
20,user_0194,4
20,user_0187,4
20,user_0181,4
20,user_0200,4
20,user_0228,4
20,user_0189,4
20,user_0182,4
20,user_0188,4
20,user_0203,4
20,user_0229,4
20,user_0224,4
20,user_0220,4
20,user_0216,4
20,user_0190,4
20,user_0197,4
20,user_0185,4
20,user_0206,4
20,user_0192,4
20,user_0191,4
20,user_0239,4
20,user_0183,4
20,user_0236,4
20,user_0233,4
20,user_0211,4
20,user_0232,4
20,user_0186,4
20,user_0208,4
20,user_0231,4
20,user_0215,4
20,user_0226,4
20,user_0217,4
20,user_0198,4
20,user_0184,4
20,user_0212,4
20,user_0237,4
20,user_0193,4
20,user_0214,4
20,user_0209,4
20,user_0199,4
20,user_0210,4
20,user_0196,4
20,user_0227,4
20,user_0195,4
20,user_0201,4
20,user_0204,4
20,user_0235,4
20,user_0225,4
20,user_0207,4
20,user_0221,4
20,user_0219,4
20,user_0202,4
20,user_0230,4
20,user_0222,4
20,user_0238,4
21,user_0018,0
21,user_0032,0
21,user_0010,0
21,user_0041,0
21,user_0030,0
21,user_0031,0
21,user_0059,0
21,user_0042,0
21,user_0003,0
21,user_0025,0
21,user_0054,0
21,user_0014,0
21,user_0007,0
21,user_0023,0
21,user_0039,0
21,user_0057,0
21,user_0021,0
21,user_0020,0
21,user_0001,0
21,user_0011,0
21,user_0034,0
21,user_0017,0
21,user_0040,0
21,user_0016,0
21,user_0005,0
21,user_0048,0
21,user_0008,0
21,user_0029,0
21,user_0046,0
21,user_0044,0
21,user_0028,0
21,user_0038,0
21,user_0019,0
21,user_0009,0
21,user_0231,0
21,user_0047,0
21,user_0055,0
21,user_0117,0
21,user_0050,0
21,user_0058,0
21,user_0036,0
21,user_0015,0
21,user_0037,0
21,user_0004,0
21,user_0052,0
21,user_0049,0
21,user_0026,0
21,user_0027,0
21,user_0035,0
21,user_0006,0
21,user_0012,0
21,user_0024,0
21,user_0033,0
21,user_0013,0
21,user_0043,0
21,user_0053,0
21,user_0002,0
21,user_0045,0
21,user_0056,0
21,user_0051,0
21,user_0022,0
21,user_0000,0
21,user_0263,5
21,user_0274,5
21,user_0262,5
21,user_0267,5
21,user_0291,5
21,user_0281,5
21,user_0280,5
21,user_0249,5
21,user_0265,5
21,user_0288,5
21,user_0069,5
21,user_0272,5
21,user_0255,5
21,user_0287,5
21,user_0279,5
21,user_0297,5
21,user_0252,5
21,user_0269,5
21,user_0244,5
21,user_0241,5
21,user_0296,5
21,user_0268,5
21,user_0299,5
21,user_0286,5
21,user_0273,5
21,user_0270,5
21,user_0246,5
21,user_0282,5
21,user_0277,5
21,user_0275,5
21,user_0266,5
21,user_0258,5
21,user_0295,5
21,user_0276,5
21,user_0245,5
21,user_0283,5
21,user_0250,5
21,user_0294,5
21,user_0248,5
21,user_0253,5
21,user_0243,5
21,user_0290,5
21,user_0292,5
21,user_0254,5
21,user_0242,5
21,user_0261,5
21,user_0285,5
21,user_0240,5
21,user_0260,5
21,user_0293,5
21,user_0264,5
21,user_0259,5
21,user_0271,5
21,user_0298,5
21,user_0278,5
21,user_0256,5
21,user_0284,5
21,user_0257,5
21,user_0251,5
21,user_0289,5
21,user_0247,5
21,user_0139,2
21,user_0179,2
21,user_0121,2
21,user_0141,2
21,user_0128,2
21,user_0162,2
21,user_0149,2
21,user_0134,2
21,user_0177,2
21,user_0174,2
21,user_0155,2
21,user_0157,2
21,user_0158,2
21,user_0176,2
21,user_0148,2
21,user_0122,2
21,user_0151,2
21,user_0147,2
21,user_0163,2
21,user_0152,2
21,user_0144,2
21,user_0175,2
21,user_0124,2
21,user_0168,2
21,user_0143,2
21,user_0159,2
21,user_0160,2
21,user_0131,2
21,user_0145,2
21,user_0164,2
21,user_0172,2
21,user_0129,2
21,user_0146,2
21,user_0166,2
21,user_0133,2
21,user_0170,2
21,user_0150,2
21,user_0142,2
21,user_0165,2
21,user_0153,2
21,user_0130,2
21,user_0135,2
21,user_0126,2
21,user_0169,2
21,user_0156,2
21,user_0125,2
21,user_0123,2
21,user_0120,2
21,user_0136,2
21,user_0138,2
21,user_0167,2
21,user_0137,2
21,user_0178,2
21,user_0132,2
21,user_0154,2
21,user_0171,2
21,user_0173,2
21,user_0127,2
21,user_0161,2
21,user_0140,2
21,user_0335,3
21,user_0349,3
21,user_0340,3
21,user_0306,3
21,user_0316,3
21,user_0302,3
21,user_0329,3
21,user_0312,3
21,user_0330,3
21,user_0315,3
21,user_0332,3
21,user_0313,3
21,user_0323,3
21,user_0338,3
21,user_0319,3
21,user_0304,3
21,user_0327,3
21,user_0358,3
21,user_0311,3
21,user_0310,3
21,user_0345,3
21,user_0343,3
21,user_0350,3
21,user_0342,3
21,user_0300,3
21,user_0355,3
21,user_0339,3
21,user_0336,3
21,user_0359,3
21,user_0325,3
21,user_0307,3
21,user_0344,3
21,user_0331,3
21,user_0321,3
21,user_0351,3
21,user_0352,3
21,user_0318,3
21,user_0328,3
21,user_0347,3
21,user_0353,3
21,user_0357,3
21,user_0354,3
21,user_0303,3
21,user_0305,3
21,user_0348,3
21,user_0326,3
21,user_0333,3
21,user_0341,3
21,user_0346,3
21,user_0356,3
21,user_0309,3
21,user_0324,3
21,user_0322,3
21,user_0301,3
21,user_0317,3
21,user_0320,3
21,user_0337,3
21,user_0334,3
21,user_0308,3
21,user_0314,3
21,user_0180,4
21,user_0213,4
21,user_0205,4
21,user_0223,4
21,user_0194,4
21,user_0187,4
21,user_0181,4
21,user_0200,4
21,user_0228,4
21,user_0234,4
21,user_0189,4
21,user_0188,4
21,user_0203,4
21,user_0229,4
21,user_0224,4
21,user_0218,4
21,user_0220,4
21,user_0216,4
21,user_0191,4
21,user_0190,4
21,user_0185,4
21,user_0206,4
21,user_0239,4
21,user_0197,4
21,user_0192,4
21,user_0183,4
21,user_0236,4
21,user_0233,4
21,user_0211,4
21,user_0232,4
21,user_0219,4
21,user_0186,4
21,user_0208,4
21,user_0215,4
21,user_0226,4
21,user_0221,4
21,user_0217,4
21,user_0198,4
21,user_0212,4
21,user_0184,4
21,user_0237,4
21,user_0193,4
21,user_0214,4
21,user_0210,4
21,user_0196,4
21,user_0199,4
21,user_0227,4
21,user_0195,4
21,user_0201,4
21,user_0204,4
21,user_0235,4
21,user_0225,4
21,user_0207,4
21,user_0209,4
21,user_0182,4
21,user_0202,4
21,user_0230,4
21,user_0222,4
21,user_0238,4
21,user_0074,1
21,user_0096,1
21,user_0077,1
21,user_0087,1
21,user_0094,1
21,user_0109,1
21,user_0073,1
21,user_0064,1
21,user_0092,1
21,user_0086,1
21,user_0076,1
21,user_0111,1
21,user_0118,1
21,user_0081,1
21,user_0083,1
21,user_0102,1
21,user_0103,1
21,user_0079,1
21,user_0104,1
21,user_0091,1
21,user_0065,1
21,user_0062,1
21,user_0116,1
21,user_0098,1
21,user_0072,1
21,user_0067,1
21,user_0113,1
21,user_0075,1
21,user_0068,1
21,user_0090,1
21,user_0063,1
21,user_0093,1
21,user_0089,1
21,user_0088,1
21,user_0115,1
21,user_0100,1
21,user_0107,1
21,user_0078,1
21,user_0110,1
21,user_0114,1
21,user_0084,1
21,user_0106,1
21,user_0080,1
21,user_0099,1
21,user_0071,1
21,user_0095,1
21,user_0061,1
21,user_0060,1
21,user_0070,1
21,user_0105,1
21,user_0082,1
21,user_0108,1
21,user_0112,1
21,user_0119,1
21,user_0085,1
21,user_0097,1
21,user_0066,1
21,user_0101,1
22,user_0335,3
22,user_0349,3
22,user_0306,3
22,user_0340,3
22,user_0316,3
22,user_0281,3
22,user_0302,3
22,user_0329,3
22,user_0312,3
22,user_0330,3
22,user_0315,3
22,user_0308,3
22,user_0332,3
22,user_0323,3
22,user_0313,3
22,user_0287,3
22,user_0338,3
22,user_0319,3
22,user_0304,3
22,user_0327,3
22,user_0358,3
22,user_0311,3
22,user_0355,3
22,user_0345,3
22,user_0343,3
22,user_0350,3
22,user_0310,3
22,user_0300,3
22,user_0339,3
22,user_0282,3
22,user_0336,3
22,user_0359,3
22,user_0325,3
22,user_0307,3
22,user_0344,3
22,user_0321,3
22,user_0351,3
22,user_0352,3
22,user_0318,3
22,user_0328,3
22,user_0347,3
22,user_0353,3
22,user_0357,3
22,user_0354,3
22,user_0303,3
22,user_0305,3
22,user_0348,3
22,user_0326,3
22,user_0341,3
22,user_0346,3
22,user_0356,3
22,user_0309,3
22,user_0324,3
22,user_0322,3
22,user_0301,3
22,user_0317,3
22,user_0334,3
22,user_0320,3
22,user_0337,3
22,user_0331,3
22,user_0284,3
22,user_0333,3
22,user_0314,3
22,user_0180,4
22,user_0223,4
22,user_0205,4
22,user_0213,4
22,user_0187,4
22,user_0194,4
22,user_0181,4
22,user_0200,4
22,user_0228,4
22,user_0234,4
22,user_0189,4
22,user_0182,4
22,user_0188,4
22,user_0203,4
22,user_0229,4
22,user_0224,4
22,user_0218,4
22,user_0220,4
22,user_0216,4
22,user_0191,4
22,user_0190,4
22,user_0239,4
22,user_0185,4
22,user_0111,4
22,user_0206,4
22,user_0192,4
22,user_0197,4
22,user_0183,4
22,user_0236,4
22,user_0233,4
22,user_0211,4
22,user_0232,4
22,user_0186,4
22,user_0208,4
22,user_0231,4
22,user_0215,4
22,user_0226,4
22,user_0221,4
22,user_0217,4
22,user_0198,4
22,user_0184,4
22,user_0212,4
22,user_0237,4
22,user_0193,4
22,user_0214,4
22,user_0210,4
22,user_0199,4
22,user_0196,4
22,user_0227,4
22,user_0195,4
22,user_0201,4
22,user_0204,4
22,user_0225,4
22,user_0235,4
22,user_0207,4
22,user_0209,4
22,user_0219,4
22,user_0202,4
22,user_0230,4
22,user_0222,4
22,user_0238,4
22,user_0018,0
22,user_0032,0
22,user_0010,0
22,user_0041,0
22,user_0030,0
22,user_0031,0
22,user_0059,0
22,user_0042,0
22,user_0003,0
22,user_0025,0
22,user_0054,0
22,user_0014,0
22,user_0007,0
22,user_0023,0
22,user_0039,0
22,user_0057,0
22,user_0021,0
22,user_0020,0
22,user_0001,0
22,user_0011,0
22,user_0034,0
22,user_0016,0
22,user_0040,0
22,user_0005,0
22,user_0017,0
22,user_0048,0
22,user_0008,0
22,user_0029,0
22,user_0046,0
22,user_0044,0
22,user_0028,0
22,user_0038,0
22,user_0019,0
22,user_0055,0
22,user_0009,0
22,user_0047,0
22,user_0050,0
22,user_0058,0
22,user_0036,0
22,user_0015,0
22,user_0004,0
22,user_0052,0
22,user_0049,0
22,user_0026,0
22,user_0027,0
22,user_0035,0
22,user_0006,0
22,user_0012,0
22,user_0024,0
22,user_0033,0
22,user_0013,0
22,user_0053,0
22,user_0043,0
22,user_0002,0
22,user_0045,0
22,user_0037,0
22,user_0056,0
22,user_0051,0
22,user_0022,0
22,user_0000,0
22,user_0263,5
22,user_0274,5
22,user_0291,5
22,user_0262,5
22,user_0267,5
22,user_0249,5
22,user_0280,5
22,user_0265,5
22,user_0288,5
22,user_0272,5
22,user_0255,5
22,user_0279,5
22,user_0297,5
22,user_0269,5
22,user_0244,5
22,user_0296,5
22,user_0252,5
22,user_0241,5
22,user_0299,5
22,user_0268,5
22,user_0342,5
22,user_0275,5
22,user_0273,5
22,user_0270,5
22,user_0103,5
22,user_0277,5
22,user_0246,5
22,user_0286,5
22,user_0258,5
22,user_0266,5
22,user_0295,5
22,user_0276,5
22,user_0245,5
22,user_0283,5
22,user_0250,5
22,user_0294,5
22,user_0248,5
22,user_0117,5
22,user_0253,5
22,user_0243,5
22,user_0254,5
22,user_0292,5
22,user_0290,5
22,user_0242,5
22,user_0261,5
22,user_0169,5
22,user_0285,5
22,user_0240,5
22,user_0259,5
22,user_0264,5
22,user_0293,5
22,user_0260,5
22,user_0271,5
22,user_0298,5
22,user_0256,5
22,user_0278,5
22,user_0257,5
22,user_0251,5
22,user_0289,5
22,user_0247,5
22,user_0139,2
22,user_0179,2
22,user_0121,2
22,user_0141,2
22,user_0128,2
22,user_0162,2
22,user_0149,2
22,user_0134,2
22,user_0177,2
22,user_0174,2
22,user_0155,2
22,user_0157,2
22,user_0158,2
22,user_0148,2
22,user_0147,2
22,user_0151,2
22,user_0163,2
22,user_0152,2
22,user_0124,2
22,user_0168,2
22,user_0175,2
22,user_0176,2
22,user_0122,2
22,user_0143,2
22,user_0144,2
22,user_0159,2
22,user_0160,2
22,user_0131,2
22,user_0145,2
22,user_0164,2
22,user_0172,2
22,user_0129,2
22,user_0146,2
22,user_0166,2
22,user_0133,2
22,user_0170,2
22,user_0150,2
22,user_0142,2
22,user_0165,2
22,user_0153,2
22,user_0130,2
22,user_0135,2
22,user_0126,2
22,user_0156,2
22,user_0125,2
22,user_0138,2
22,user_0136,2
22,user_0123,2
22,user_0120,2
22,user_0167,2
22,user_0137,2
22,user_0178,2
22,user_0132,2
22,user_0154,2
22,user_0171,2
22,user_0173,2
22,user_0127,2
22,user_0161,2
22,user_0140,2
22,user_0074,1
22,user_0096,1
22,user_0077,1
22,user_0087,1
22,user_0069,1
22,user_0094,1
22,user_0109,1
22,user_0073,1
22,user_0064,1
22,user_0092,1
22,user_0086,1
22,user_0076,1
22,user_0088,1
22,user_0118,1
22,user_0083,1
22,user_0081,1
22,user_0102,1
22,user_0104,1
22,user_0079,1
22,user_0091,1
22,user_0065,1
22,user_0062,1
22,user_0116,1
22,user_0067,1
22,user_0072,1
22,user_0098,1
22,user_0113,1
22,user_0075,1
22,user_0068,1
22,user_0090,1
22,user_0063,1
22,user_0093,1
22,user_0089,1
22,user_0115,1
22,user_0100,1
22,user_0114,1
22,user_0110,1
22,user_0084,1
22,user_0107,1
22,user_0078,1
22,user_0106,1
22,user_0080,1
22,user_0099,1
22,user_0071,1
22,user_0095,1
22,user_0060,1
22,user_0061,1
22,user_0108,1
22,user_0070,1
22,user_0082,1
22,user_0105,1
22,user_0112,1
22,user_0119,1
22,user_0085,1
22,user_0097,1
22,user_0066,1
22,user_0101,1
23,user_0139,2
23,user_0179,2
23,user_0121,2
23,user_0141,2
23,user_0128,2
23,user_0162,2
23,user_0149,2
23,user_0134,2
23,user_0177,2
23,user_0174,2
23,user_0155,2
23,user_0157,2
23,user_0158,2
23,user_0176,2
23,user_0122,2
23,user_0148,2
23,user_0151,2
23,user_0147,2
23,user_0124,2
23,user_0168,2
23,user_0152,2
23,user_0175,2
23,user_0163,2
23,user_0143,2
23,user_0144,2
23,user_0159,2
23,user_0160,2
23,user_0339,2
23,user_0131,2
23,user_0145,2
23,user_0164,2
23,user_0172,2
23,user_0129,2
23,user_0146,2
23,user_0166,2
23,user_0133,2
23,user_0170,2
23,user_0150,2
23,user_0142,2
23,user_0165,2
23,user_0153,2
23,user_0130,2
23,user_0135,2
23,user_0126,2
23,user_0169,2
23,user_0156,2
23,user_0125,2
23,user_0138,2
23,user_0120,2
23,user_0136,2
23,user_0123,2
23,user_0167,2
23,user_0137,2
23,user_0178,2
23,user_0132,2
23,user_0154,2
23,user_0171,2
23,user_0173,2
23,user_0127,2
23,user_0161,2
23,user_0140,2
23,user_0074,1
23,user_0096,1
23,user_0077,1
23,user_0087,1
23,user_0069,1
23,user_0094,1
23,user_0255,1
23,user_0109,1
23,user_0073,1
23,user_0064,1
23,user_0092,1
23,user_0086,1
23,user_0076,1
23,user_0081,1
23,user_0111,1
23,user_0088,1
23,user_0083,1
23,user_0102,1
23,user_0103,1
23,user_0079,1
23,user_0118,1
23,user_0091,1
23,user_0065,1
23,user_0104,1
23,user_0062,1
23,user_0116,1
23,user_0067,1
23,user_0098,1
23,user_0072,1
23,user_0113,1
23,user_0075,1
23,user_0068,1
23,user_0090,1
23,user_0063,1
23,user_0093,1
23,user_0089,1
23,user_0115,1
23,user_0100,1
23,user_0114,1
23,user_0084,1
23,user_0078,1
23,user_0107,1
23,user_0110,1
23,user_0106,1
23,user_0080,1
23,user_0099,1
23,user_0285,1
23,user_0071,1
23,user_0095,1
23,user_0060,1
23,user_0061,1
23,user_0070,1
23,user_0082,1
23,user_0108,1
23,user_0105,1
23,user_0119,1
23,user_0112,1
23,user_0085,1
23,user_0097,1
23,user_0066,1
23,user_0101,1
23,user_0018,0
23,user_0032,0
23,user_0010,0
23,user_0041,0
23,user_0030,0
23,user_0031,0
23,user_0059,0
23,user_0042,0
23,user_0003,0
23,user_0025,0
23,user_0054,0
23,user_0014,0
23,user_0023,0
23,user_0007,0
23,user_0039,0
23,user_0057,0
23,user_0021,0
23,user_0020,0
23,user_0001,0
23,user_0011,0
23,user_0034,0
23,user_0016,0
23,user_0017,0
23,user_0005,0
23,user_0040,0
23,user_0048,0
23,user_0008,0
23,user_0046,0
23,user_0029,0
23,user_0044,0
23,user_0028,0
23,user_0038,0
23,user_0019,0
23,user_0055,0
23,user_0009,0
23,user_0047,0
23,user_0050,0
23,user_0058,0
23,user_0036,0
23,user_0015,0
23,user_0052,0
23,user_0004,0
23,user_0049,0
23,user_0026,0
23,user_0027,0
23,user_0035,0
23,user_0012,0
23,user_0006,0
23,user_0024,0
23,user_0033,0
23,user_0043,0
23,user_0053,0
23,user_0013,0
23,user_0002,0
23,user_0045,0
23,user_0037,0
23,user_0056,0
23,user_0051,0
23,user_0022,0
23,user_0000,0
23,user_0180,4
23,user_0213,4
23,user_0205,4
23,user_0223,4
23,user_0194,4
23,user_0187,4
23,user_0181,4
23,user_0200,4
23,user_0228,4
23,user_0234,4
23,user_0189,4
23,user_0182,4
23,user_0188,4
23,user_0203,4
23,user_0229,4
23,user_0224,4
23,user_0218,4
23,user_0220,4
23,user_0216,4
23,user_0191,4
23,user_0197,4
23,user_0239,4
23,user_0185,4
23,user_0192,4
23,user_0190,4
23,user_0206,4
23,user_0183,4
23,user_0236,4
23,user_0233,4
23,user_0211,4
23,user_0232,4
23,user_0186,4
23,user_0208,4
23,user_0231,4
23,user_0215,4
23,user_0226,4
23,user_0221,4
23,user_0217,4
23,user_0198,4
23,user_0184,4
23,user_0212,4
23,user_0237,4
23,user_0193,4
23,user_0214,4
23,user_0210,4
23,user_0196,4
23,user_0199,4
23,user_0227,4
23,user_0195,4
23,user_0201,4
23,user_0204,4
23,user_0225,4
23,user_0235,4
23,user_0207,4
23,user_0209,4
23,user_0219,4
23,user_0202,4
23,user_0230,4
23,user_0222,4
23,user_0238,4
23,user_0335,3
23,user_0340,3
23,user_0306,3
23,user_0349,3
23,user_0316,3
23,user_0302,3
23,user_0281,3
23,user_0329,3
23,user_0312,3
23,user_0330,3
23,user_0315,3
23,user_0332,3
23,user_0313,3
23,user_0323,3
23,user_0338,3
23,user_0319,3
23,user_0304,3
23,user_0327,3
23,user_0358,3
23,user_0311,3
23,user_0310,3
23,user_0345,3
23,user_0355,3
23,user_0350,3
23,user_0343,3
23,user_0342,3
23,user_0300,3
23,user_0336,3
23,user_0359,3
23,user_0325,3
23,user_0307,3
23,user_0331,3
23,user_0351,3
23,user_0321,3
23,user_0352,3
23,user_0318,3
23,user_0328,3
23,user_0347,3
23,user_0353,3
23,user_0357,3
23,user_0354,3
23,user_0303,3
23,user_0305,3
23,user_0348,3
23,user_0326,3
23,user_0333,3
23,user_0341,3
23,user_0346,3
23,user_0356,3
23,user_0324,3
23,user_0309,3
23,user_0322,3
23,user_0301,3
23,user_0317,3
23,user_0320,3
23,user_0337,3
23,user_0334,3
23,user_0308,3
23,user_0314,3
23,user_0263,5
23,user_0274,5
23,user_0262,5
23,user_0267,5
23,user_0291,5
23,user_0280,5
23,user_0249,5
23,user_0265,5
23,user_0288,5
23,user_0284,5
23,user_0272,5
23,user_0287,5
23,user_0279,5
23,user_0252,5
23,user_0244,5
23,user_0269,5
23,user_0296,5
23,user_0297,5
23,user_0241,5
23,user_0268,5
23,user_0299,5
23,user_0273,5
23,user_0275,5
23,user_0277,5
23,user_0246,5
23,user_0270,5
23,user_0286,5
23,user_0344,5
23,user_0282,5
23,user_0266,5
23,user_0258,5
23,user_0295,5
23,user_0276,5
23,user_0245,5
23,user_0250,5
23,user_0294,5
23,user_0248,5
23,user_0117,5
23,user_0253,5
23,user_0243,5
23,user_0290,5
23,user_0254,5
23,user_0292,5
23,user_0242,5
23,user_0261,5
23,user_0240,5
23,user_0260,5
23,user_0293,5
23,user_0259,5
23,user_0264,5
23,user_0271,5
23,user_0298,5
23,user_0256,5
23,user_0278,5
23,user_0257,5
23,user_0251,5
23,user_0289,5
23,user_0247,5
24,user_0139,2
24,user_0179,2
24,user_0121,2
24,user_0141,2
24,user_0128,2
24,user_0281,2
24,user_0149,2
24,user_0134,2
24,user_0177,2
24,user_0174,2
24,user_0155,2
24,user_0157,2
24,user_0158,2
24,user_0176,2
24,user_0147,2
24,user_0122,2
24,user_0148,2
24,user_0152,2
24,user_0124,2
24,user_0151,2
24,user_0144,2
24,user_0168,2
24,user_0163,2
24,user_0143,2
24,user_0159,2
24,user_0160,2
24,user_0131,2
24,user_0145,2
24,user_0164,2
24,user_0172,2
24,user_0129,2
24,user_0146,2
24,user_0166,2
24,user_0133,2
24,user_0170,2
24,user_0150,2
24,user_0165,2
24,user_0142,2
24,user_0153,2
24,user_0130,2
24,user_0135,2
24,user_0169,2
24,user_0126,2
24,user_0156,2
24,user_0125,2
24,user_0123,2
24,user_0120,2
24,user_0136,2
24,user_0138,2
24,user_0167,2
24,user_0137,2
24,user_0178,2
24,user_0132,2
24,user_0154,2
24,user_0171,2
24,user_0173,2
24,user_0289,2
24,user_0127,2
24,user_0275,2
24,user_0140,2
24,user_0161,2
24,user_0074,1
24,user_0096,1
24,user_0077,1
24,user_0087,1
24,user_0069,1
24,user_0094,1
24,user_0109,1
24,user_0073,1
24,user_0064,1
24,user_0092,1
24,user_0086,1
24,user_0076,1
24,user_0081,1
24,user_0083,1
24,user_0118,1
24,user_0088,1
24,user_0102,1
24,user_0103,1
24,user_0104,1
24,user_0079,1
24,user_0091,1
24,user_0065,1
24,user_0232,1
24,user_0062,1
24,user_0116,1
24,user_0067,1
24,user_0072,1
24,user_0098,1
24,user_0113,1
24,user_0075,1
24,user_0068,1
24,user_0090,1
24,user_0063,1
24,user_0117,1
24,user_0093,1
24,user_0111,1
24,user_0089,1
24,user_0115,1
24,user_0100,1
24,user_0107,1
24,user_0078,1
24,user_0084,1
24,user_0110,1
24,user_0114,1
24,user_0106,1
24,user_0080,1
24,user_0099,1
24,user_0071,1
24,user_0095,1
24,user_0061,1
24,user_0060,1
24,user_0105,1
24,user_0108,1
24,user_0082,1
24,user_0070,1
24,user_0112,1
24,user_0119,1
24,user_0085,1
24,user_0097,1
24,user_0066,1
24,user_0101,1
24,user_0335,3
24,user_0349,3
24,user_0306,3
24,user_0340,3
24,user_0316,3
24,user_0302,3
24,user_0329,3
24,user_0312,3
24,user_0330,3
24,user_0315,3
24,user_0332,3
24,user_0313,3
24,user_0308,3
24,user_0323,3
24,user_0338,3
24,user_0319,3
24,user_0304,3
24,user_0327,3
24,user_0358,3
24,user_0311,3
24,user_0310,3
24,user_0345,3
24,user_0350,3
24,user_0343,3
24,user_0342,3
24,user_0300,3
24,user_0339,3
24,user_0355,3
24,user_0336,3
24,user_0359,3
24,user_0325,3
24,user_0331,3
24,user_0307,3
24,user_0344,3
24,user_0282,3
24,user_0321,3
24,user_0351,3
24,user_0352,3
24,user_0318,3
24,user_0328,3
24,user_0347,3
24,user_0353,3
24,user_0357,3
24,user_0354,3
24,user_0303,3
24,user_0305,3
24,user_0348,3
24,user_0326,3
24,user_0341,3
24,user_0346,3
24,user_0356,3
24,user_0324,3
24,user_0309,3
24,user_0322,3
24,user_0301,3
24,user_0317,3
24,user_0320,3
24,user_0337,3
24,user_0334,3
24,user_0333,3
24,user_0314,3
24,user_0018,0
24,user_0032,0
24,user_0010,0
24,user_0041,0
24,user_0030,0
24,user_0031,0
24,user_0059,0
24,user_0042,0
24,user_0003,0
24,user_0025,0
24,user_0054,0
24,user_0014,0
24,user_0023,0
24,user_0007,0
24,user_0039,0
24,user_0057,0
24,user_0021,0
24,user_0020,0
24,user_0001,0
24,user_0011,0
24,user_0034,0
24,user_0016,0
24,user_0040,0
24,user_0017,0
24,user_0005,0
24,user_0048,0
24,user_0008,0
24,user_0029,0
24,user_0046,0
24,user_0044,0
24,user_0028,0
24,user_0038,0
24,user_0009,0
24,user_0055,0
24,user_0019,0
24,user_0047,0
24,user_0050,0
24,user_0058,0
24,user_0036,0
24,user_0015,0
24,user_0004,0
24,user_0052,0
24,user_0049,0
24,user_0026,0
24,user_0027,0
24,user_0035,0
24,user_0012,0
24,user_0006,0
24,user_0024,0
24,user_0043,0
24,user_0013,0
24,user_0053,0
24,user_0033,0
24,user_0002,0
24,user_0045,0
24,user_0037,0
24,user_0056,0
24,user_0051,0
24,user_0022,0
24,user_0000,0
24,user_0180,4
24,user_0223,4
24,user_0205,4
24,user_0213,4
24,user_0187,4
24,user_0194,4
24,user_0181,4
24,user_0200,4
24,user_0228,4
24,user_0234,4
24,user_0189,4
24,user_0182,4
24,user_0188,4
24,user_0203,4
24,user_0224,4
24,user_0218,4
24,user_0220,4
24,user_0216,4
24,user_0190,4
24,user_0197,4
24,user_0239,4
24,user_0191,4
24,user_0192,4
24,user_0185,4
24,user_0206,4
24,user_0233,4
24,user_0236,4
24,user_0183,4
24,user_0211,4
24,user_0231,4
24,user_0208,4
24,user_0186,4
24,user_0215,4
24,user_0226,4
24,user_0221,4
24,user_0217,4
24,user_0198,4
24,user_0184,4
24,user_0212,4
24,user_0237,4
24,user_0193,4
24,user_0214,4
24,user_0210,4
24,user_0196,4
24,user_0199,4
24,user_0227,4
24,user_0195,4
24,user_0201,4
24,user_0204,4
24,user_0225,4
24,user_0235,4
24,user_0207,4
24,user_0209,4
24,user_0219,4
24,user_0202,4
24,user_0230,4
24,user_0222,4
24,user_0238,4
24,user_0263,5
24,user_0262,5
24,user_0267,5
24,user_0291,5
24,user_0162,5
24,user_0280,5
24,user_0249,5
24,user_0265,5
24,user_0288,5
24,user_0284,5
24,user_0272,5
24,user_0255,5
24,user_0287,5
24,user_0229,5
24,user_0279,5
24,user_0252,5
24,user_0244,5
24,user_0297,5
24,user_0269,5
24,user_0241,5
24,user_0296,5
24,user_0299,5
24,user_0268,5
24,user_0273,5
24,user_0286,5
24,user_0270,5
24,user_0246,5
24,user_0277,5
24,user_0266,5
24,user_0258,5
24,user_0276,5
24,user_0295,5
24,user_0245,5
24,user_0283,5
24,user_0250,5
24,user_0294,5
24,user_0248,5
24,user_0253,5
24,user_0243,5
24,user_0254,5
24,user_0292,5
24,user_0290,5
24,user_0242,5
24,user_0261,5
24,user_0240,5
24,user_0260,5
24,user_0259,5
24,user_0264,5
24,user_0293,5
24,user_0271,5
24,user_0298,5
24,user_0256,5
24,user_0278,5
24,user_0257,5
24,user_0251,5
24,user_0247,5
25,user_0018,0
25,user_0032,0
25,user_0010,0
25,user_0041,0
25,user_0030,0
25,user_0031,0
25,user_0059,0
25,user_0042,0
25,user_0003,0
25,user_0025,0
25,user_0054,0
25,user_0014,0
25,user_0023,0
25,user_0007,0
25,user_0039,0
25,user_0057,0
25,user_0000,0
25,user_0021,0
25,user_0020,0
25,user_0001,0
25,user_0011,0
25,user_0034,0
25,user_0017,0
25,user_0016,0
25,user_0275,0
25,user_0040,0
25,user_0005,0
25,user_0048,0
25,user_0008,0
25,user_0029,0
25,user_0044,0
25,user_0028,0
25,user_0038,0
25,user_0019,0
25,user_0055,0
25,user_0009,0
25,user_0047,0
25,user_0050,0
25,user_0058,0
25,user_0036,0
25,user_0015,0
25,user_0037,0
25,user_0004,0
25,user_0052,0
25,user_0049,0
25,user_0026,0
25,user_0027,0
25,user_0035,0
25,user_0006,0
25,user_0012,0
25,user_0024,0
25,user_0043,0
25,user_0013,0
25,user_0033,0
25,user_0053,0
25,user_0056,0
25,user_0002,0
25,user_0045,0
25,user_0284,0
25,user_0051,0
25,user_0022,0
25,user_0046,0
25,user_0335,3
25,user_0340,3
25,user_0306,3
25,user_0349,3
25,user_0316,3
25,user_0302,3
25,user_0329,3
25,user_0312,3
25,user_0330,3
25,user_0315,3
25,user_0332,3
25,user_0313,3
25,user_0323,3
25,user_0308,3
25,user_0338,3
25,user_0319,3
25,user_0304,3
25,user_0327,3
25,user_0152,3
25,user_0358,3
25,user_0311,3
25,user_0355,3
25,user_0310,3
25,user_0343,3
25,user_0345,3
25,user_0342,3
25,user_0300,3
25,user_0350,3
25,user_0339,3
25,user_0336,3
25,user_0359,3
25,user_0325,3
25,user_0307,3
25,user_0344,3
25,user_0331,3
25,user_0351,3
25,user_0321,3
25,user_0352,3
25,user_0318,3
25,user_0328,3
25,user_0347,3
25,user_0353,3
25,user_0357,3
25,user_0354,3
25,user_0303,3
25,user_0305,3
25,user_0348,3
25,user_0326,3
25,user_0341,3
25,user_0346,3
25,user_0356,3
25,user_0309,3
25,user_0324,3
25,user_0322,3
25,user_0301,3
25,user_0317,3
25,user_0320,3
25,user_0337,3
25,user_0334,3
25,user_0333,3
25,user_0314,3
25,user_0139,2
25,user_0121,2
25,user_0141,2
25,user_0128,2
25,user_0281,2
25,user_0162,2
25,user_0149,2
25,user_0134,2
25,user_0177,2
25,user_0174,2
25,user_0229,2
25,user_0157,2
25,user_0158,2
25,user_0176,2
25,user_0148,2
25,user_0122,2
25,user_0163,2
25,user_0147,2
25,user_0124,2
25,user_0151,2
25,user_0168,2
25,user_0175,2
25,user_0144,2
25,user_0143,2
25,user_0159,2
25,user_0160,2
25,user_0145,2
25,user_0131,2
25,user_0164,2
25,user_0172,2
25,user_0129,2
25,user_0146,2
25,user_0166,2
25,user_0133,2
25,user_0170,2
25,user_0150,2
25,user_0142,2
25,user_0165,2
25,user_0153,2
25,user_0130,2
25,user_0135,2
25,user_0169,2
25,user_0126,2
25,user_0156,2
25,user_0125,2
25,user_0123,2
25,user_0120,2
25,user_0136,2
25,user_0138,2
25,user_0167,2
25,user_0137,2
25,user_0264,2
25,user_0178,2
25,user_0260,2
25,user_0132,2
25,user_0154,2
25,user_0173,2
25,user_0171,2
25,user_0127,2
25,user_0161,2
25,user_0140,2
25,user_0180,4
25,user_0179,4
25,user_0223,4
25,user_0205,4
25,user_0213,4
25,user_0187,4
25,user_0194,4
25,user_0181,4
25,user_0200,4
25,user_0228,4
25,user_0234,4
25,user_0189,4
25,user_0188,4
25,user_0155,4
25,user_0203,4
25,user_0224,4
25,user_0218,4
25,user_0220,4
25,user_0216,4
25,user_0197,4
25,user_0191,4
25,user_0185,4
25,user_0192,4
25,user_0239,4
25,user_0206,4
25,user_0233,4
25,user_0236,4
25,user_0183,4
25,user_0211,4
25,user_0232,4
25,user_0219,4
25,user_0231,4
25,user_0186,4
25,user_0208,4
25,user_0215,4
25,user_0226,4
25,user_0221,4
25,user_0217,4
25,user_0198,4
25,user_0184,4
25,user_0212,4
25,user_0237,4
25,user_0193,4
25,user_0214,4
25,user_0199,4
25,user_0196,4
25,user_0210,4
25,user_0227,4
25,user_0195,4
25,user_0201,4
25,user_0225,4
25,user_0204,4
25,user_0235,4
25,user_0207,4
25,user_0209,4
25,user_0182,4
25,user_0202,4
25,user_0230,4
25,user_0222,4
25,user_0238,4
25,user_0263,5
25,user_0274,5
25,user_0291,5
25,user_0262,5
25,user_0267,5
25,user_0280,5
25,user_0249,5
25,user_0265,5
25,user_0288,5
25,user_0272,5
25,user_0255,5
25,user_0287,5
25,user_0279,5
25,user_0252,5
25,user_0244,5
25,user_0297,5
25,user_0269,5
25,user_0241,5
25,user_0296,5
25,user_0268,5
25,user_0299,5
25,user_0086,5
25,user_0273,5
25,user_0286,5
25,user_0277,5
25,user_0246,5
25,user_0270,5
25,user_0104,5
25,user_0266,5
25,user_0258,5
25,user_0295,5
25,user_0276,5
25,user_0283,5
25,user_0245,5
25,user_0250,5
25,user_0294,5
25,user_0248,5
25,user_0253,5
25,user_0243,5
25,user_0089,5
25,user_0290,5
25,user_0292,5
25,user_0254,5
25,user_0242,5
25,user_0261,5
25,user_0080,5
25,user_0240,5
25,user_0259,5
25,user_0293,5
25,user_0271,5
25,user_0298,5
25,user_0112,5
25,user_0256,5
25,user_0278,5
25,user_0257,5
25,user_0251,5
25,user_0289,5
25,user_0247,5
25,user_0074,1
25,user_0096,1
25,user_0077,1
25,user_0087,1
25,user_0069,1
25,user_0094,1
25,user_0109,1
25,user_0073,1
25,user_0064,1
25,user_0092,1
25,user_0190,1
25,user_0111,1
25,user_0088,1
25,user_0081,1
25,user_0076,1
25,user_0118,1
25,user_0282,1
25,user_0103,1
25,user_0079,1
25,user_0083,1
25,user_0091,1
25,user_0065,1
25,user_0102,1
25,user_0062,1
25,user_0067,1
25,user_0098,1
25,user_0072,1
25,user_0116,1
25,user_0113,1
25,user_0075,1
25,user_0117,1
25,user_0090,1
25,user_0068,1
25,user_0063,1
25,user_0093,1
25,user_0115,1
25,user_0100,1
25,user_0114,1
25,user_0107,1
25,user_0110,1
25,user_0078,1
25,user_0084,1
25,user_0106,1
25,user_0099,1
25,user_0071,1
25,user_0095,1
25,user_0060,1
25,user_0061,1
25,user_0070,1
25,user_0105,1
25,user_0082,1
25,user_0108,1
25,user_0119,1
25,user_0085,1
25,user_0097,1
25,user_0066,1
25,user_0101,1
26,user_0032,0
26,user_0010,0
26,user_0059,0
26,user_0003,0
26,user_0054,0
26,user_0039,0
26,user_0011,0
26,user_0034,0
26,user_0017,0
26,user_0282,0
26,user_0048,0
26,user_0270,0
26,user_0008,0
26,user_0029,0
26,user_0103,0
26,user_0028,0
26,user_0009,0
26,user_0055,0
26,user_0019,0
26,user_0047,0
26,user_0050,0
26,user_0058,0
26,user_0015,0
26,user_0004,0
26,user_0084,0
26,user_0026,0
26,user_0027,0
26,user_0035,0
26,user_0053,0
26,user_0002,0
26,user_0045,0
26,user_0230,0
26,user_0257,0
26,user_0051,0
26,user_0046,0
26,user_0018,0
26,user_0041,0
26,user_0030,0
26,user_0031,0
26,user_0042,0
26,user_0025,0
26,user_0014,0
26,user_0007,0
26,user_0023,0
26,user_0057,0
26,user_0021,0
26,user_0020,0
26,user_0001,0
26,user_0016,0
26,user_0040,0
26,user_0005,0
26,user_0044,0
26,user_0258,0
26,user_0038,0
26,user_0036,0
26,user_0052,0
26,user_0049,0
26,user_0012,0
26,user_0006,0
26,user_0024,0
26,user_0033,0
26,user_0013,0
26,user_0043,0
26,user_0037,0
26,user_0056,0
26,user_0022,0
26,user_0000,0
26,user_0335,3
26,user_0349,3
26,user_0306,3
26,user_0340,3
26,user_0316,3
26,user_0302,3
26,user_0329,3
26,user_0312,3
26,user_0330,3
26,user_0315,3
26,user_0332,3
26,user_0313,3
26,user_0323,3
26,user_0338,3
26,user_0319,3
26,user_0304,3
26,user_0327,3
26,user_0358,3
26,user_0311,3
26,user_0355,3
26,user_0345,3
26,user_0350,3
26,user_0343,3
26,user_0342,3
26,user_0300,3
26,user_0310,3
26,user_0339,3
26,user_0336,3
26,user_0359,3
26,user_0325,3
26,user_0307,3
26,user_0344,3
26,user_0321,3
26,user_0351,3
26,user_0352,3
26,user_0295,3
26,user_0318,3
26,user_0328,3
26,user_0347,3
26,user_0353,3
26,user_0357,3
26,user_0354,3
26,user_0303,3
26,user_0305,3
26,user_0348,3
26,user_0326,3
26,user_0333,3
26,user_0341,3
26,user_0346,3
26,user_0356,3
26,user_0309,3
26,user_0324,3
26,user_0322,3
26,user_0301,3
26,user_0317,3
26,user_0334,3
26,user_0320,3
26,user_0337,3
26,user_0331,3
26,user_0308,3
26,user_0314,3
26,user_0139,2
26,user_0121,2
26,user_0141,2
26,user_0128,2
26,user_0162,2
26,user_0281,2
26,user_0149,2
26,user_0134,2
26,user_0177,2
26,user_0174,2
26,user_0155,2
26,user_0157,2
26,user_0158,2
26,user_0176,2
26,user_0122,2
26,user_0147,2
26,user_0163,2
26,user_0151,2
26,user_0152,2
26,user_0124,2
26,user_0144,2
26,user_0168,2
26,user_0175,2
26,user_0143,2
26,user_0159,2
26,user_0148,2
26,user_0160,2
26,user_0145,2
26,user_0131,2
26,user_0164,2
26,user_0277,2
26,user_0172,2
26,user_0129,2
26,user_0146,2
26,user_0166,2
26,user_0133,2
26,user_0170,2
26,user_0150,2
26,user_0165,2
26,user_0142,2
26,user_0153,2
26,user_0130,2
26,user_0135,2
26,user_0126,2
26,user_0169,2
26,user_0156,2
26,user_0125,2
26,user_0123,2
26,user_0120,2
26,user_0138,2
26,user_0136,2
26,user_0167,2
26,user_0137,2
26,user_0178,2
26,user_0132,2
26,user_0154,2
26,user_0171,2
26,user_0173,2
26,user_0127,2
26,user_0161,2
26,user_0140,2
26,user_0180,4
26,user_0213,4
26,user_0205,4
26,user_0223,4
26,user_0187,4
26,user_0194,4
26,user_0181,4
26,user_0200,4
26,user_0228,4
26,user_0234,4
26,user_0189,4
26,user_0188,4
26,user_0229,4
26,user_0203,4
26,user_0224,4
26,user_0218,4
26,user_0220,4
26,user_0216,4
26,user_0197,4
26,user_0190,4
26,user_0185,4
26,user_0239,4
26,user_0192,4
26,user_0206,4
26,user_0191,4
26,user_0233,4
26,user_0236,4
26,user_0183,4
26,user_0211,4
26,user_0232,4
26,user_0219,4
26,user_0231,4
26,user_0186,4
26,user_0208,4
26,user_0215,4
26,user_0226,4
26,user_0217,4
26,user_0198,4
26,user_0212,4
26,user_0184,4
26,user_0237,4
26,user_0193,4
26,user_0214,4
26,user_0209,4
26,user_0210,4
26,user_0196,4
26,user_0199,4
26,user_0227,4
26,user_0195,4
26,user_0201,4
26,user_0225,4
26,user_0235,4
26,user_0204,4
26,user_0207,4
26,user_0221,4
26,user_0182,4
26,user_0202,4
26,user_0222,4
26,user_0238,4
26,user_0074,1
26,user_0096,1
26,user_0077,1
26,user_0087,1
26,user_0069,1
26,user_0094,1
26,user_0109,1
26,user_0073,1
26,user_0064,1
26,user_0092,1
26,user_0086,1
26,user_0076,1
26,user_0088,1
26,user_0081,1
26,user_0083,1
26,user_0118,1
26,user_0102,1
26,user_0079,1
26,user_0104,1
26,user_0111,1
26,user_0091,1
26,user_0065,1
26,user_0062,1
26,user_0276,1
26,user_0067,1
26,user_0072,1
26,user_0098,1
26,user_0116,1
26,user_0113,1
26,user_0075,1
26,user_0117,1
26,user_0068,1
26,user_0090,1
26,user_0063,1
26,user_0093,1
26,user_0089,1
26,user_0115,1
26,user_0100,1
26,user_0114,1
26,user_0078,1
26,user_0110,1
26,user_0107,1
26,user_0106,1
26,user_0080,1
26,user_0099,1
26,user_0071,1
26,user_0095,1
26,user_0060,1
26,user_0061,1
26,user_0105,1
26,user_0070,1
26,user_0082,1
26,user_0112,1
26,user_0119,1
26,user_0085,1
26,user_0097,1
26,user_0066,1
26,user_0101,1
26,user_0263,5
26,user_0179,5
26,user_0274,5
26,user_0262,5
26,user_0291,5
26,user_0267,5
26,user_0249,5
26,user_0280,5
26,user_0265,5
26,user_0288,5
26,user_0272,5
26,user_0255,5
26,user_0287,5
26,user_0279,5
26,user_0252,5
26,user_0244,5
26,user_0297,5
26,user_0296,5
26,user_0241,5
26,user_0269,5
26,user_0268,5
26,user_0299,5
26,user_0275,5
26,user_0286,5
26,user_0273,5
26,user_0246,5
26,user_0266,5
26,user_0283,5
26,user_0245,5
26,user_0250,5
26,user_0294,5
26,user_0248,5
26,user_0253,5
26,user_0243,5
26,user_0254,5
26,user_0292,5
26,user_0290,5
26,user_0242,5
26,user_0261,5
26,user_0240,5
26,user_0259,5
26,user_0264,5
26,user_0260,5
26,user_0293,5
26,user_0271,5
26,user_0298,5
26,user_0278,5
26,user_0256,5
26,user_0284,5
26,user_0251,5
26,user_0289,5
26,user_0247,5
27,user_0335,3
27,user_0340,3
27,user_0349,3
27,user_0306,3
27,user_0316,3
27,user_0302,3
27,user_0329,3
27,user_0312,3
27,user_0330,3
27,user_0315,3
27,user_0332,3
27,user_0313,3
27,user_0323,3
27,user_0338,3
27,user_0319,3
27,user_0304,3
27,user_0327,3
27,user_0358,3
27,user_0311,3
27,user_0355,3
27,user_0310,3
27,user_0343,3
27,user_0345,3
27,user_0342,3
27,user_0300,3
27,user_0350,3
27,user_0111,3
27,user_0336,3
27,user_0359,3
27,user_0270,3
27,user_0307,3
27,user_0344,3
27,user_0325,3
27,user_0351,3
27,user_0321,3
27,user_0352,3
27,user_0295,3
27,user_0318,3
27,user_0328,3
27,user_0347,3
27,user_0353,3
27,user_0354,3
27,user_0303,3
27,user_0305,3
27,user_0348,3
27,user_0326,3
27,user_0333,3
27,user_0341,3
27,user_0346,3
27,user_0356,3
27,user_0309,3
27,user_0060,3
27,user_0322,3
27,user_0324,3
27,user_0301,3
27,user_0317,3
27,user_0334,3
27,user_0320,3
27,user_0337,3
27,user_0331,3
27,user_0308,3
27,user_0314,3
27,user_0180,4
27,user_0213,4
27,user_0223,4
27,user_0205,4
27,user_0187,4
27,user_0194,4
27,user_0181,4
27,user_0228,4
27,user_0234,4
27,user_0189,4
27,user_0188,4
27,user_0203,4
27,user_0229,4
27,user_0279,4
27,user_0224,4
27,user_0220,4
27,user_0092,4
27,user_0216,4
27,user_0197,4
27,user_0190,4
27,user_0185,4
27,user_0192,4
27,user_0191,4
27,user_0273,4
27,user_0206,4
27,user_0233,4
27,user_0236,4
27,user_0183,4
27,user_0211,4
27,user_0232,4
27,user_0219,4
27,user_0231,4
27,user_0208,4
27,user_0186,4
27,user_0215,4
27,user_0226,4
27,user_0221,4
27,user_0217,4
27,user_0198,4
27,user_0212,4
27,user_0184,4
27,user_0237,4
27,user_0254,4
27,user_0193,4
27,user_0214,4
27,user_0210,4
27,user_0196,4
27,user_0199,4
27,user_0227,4
27,user_0195,4
27,user_0201,4
27,user_0204,4
27,user_0225,4
27,user_0235,4
27,user_0207,4
27,user_0209,4
27,user_0182,4
27,user_0202,4
27,user_0230,4
27,user_0222,4
27,user_0238,4
27,user_0263,5
27,user_0274,5
27,user_0291,5
27,user_0262,5
27,user_0267,5
27,user_0281,5
27,user_0280,5
27,user_0249,5
27,user_0200,5
27,user_0265,5
27,user_0288,5
27,user_0272,5
27,user_0255,5
27,user_0287,5
27,user_0218,5
27,user_0297,5
27,user_0244,5
27,user_0269,5
27,user_0296,5
27,user_0241,5
27,user_0252,5
27,user_0268,5
27,user_0299,5
27,user_0239,5
27,user_0086,5
27,user_0286,5
27,user_0275,5
27,user_0277,5
27,user_0282,5
27,user_0246,5
27,user_0258,5
27,user_0266,5
27,user_0276,5
27,user_0245,5
27,user_0283,5
27,user_0250,5
27,user_0294,5
27,user_0248,5
27,user_0253,5
27,user_0243,5
27,user_0290,5
27,user_0292,5
27,user_0242,5
27,user_0261,5
27,user_0285,5
27,user_0240,5
27,user_0260,5
27,user_0264,5
27,user_0293,5
27,user_0259,5
27,user_0271,5
27,user_0071,5
27,user_0298,5
27,user_0112,5
27,user_0278,5
27,user_0256,5
27,user_0284,5
27,user_0257,5
27,user_0251,5
27,user_0289,5
27,user_0247,5
27,user_0018,0
27,user_0032,0
27,user_0010,0
27,user_0041,0
27,user_0030,0
27,user_0031,0
27,user_0059,0
27,user_0042,0
27,user_0003,0
27,user_0025,0
27,user_0054,0
27,user_0014,0
27,user_0023,0
27,user_0007,0
27,user_0039,0
27,user_0057,0
27,user_0021,0
27,user_0020,0
27,user_0001,0
27,user_0011,0
27,user_0034,0
27,user_0016,0
27,user_0017,0
27,user_0040,0
27,user_0005,0
27,user_0048,0
27,user_0046,0
27,user_0029,0
27,user_0008,0
27,user_0044,0
27,user_0028,0
27,user_0038,0
27,user_0019,0
27,user_0055,0
27,user_0009,0
27,user_0047,0
27,user_0050,0
27,user_0058,0
27,user_0036,0
27,user_0015,0
27,user_0004,0
27,user_0052,0
27,user_0049,0
27,user_0026,0
27,user_0027,0
27,user_0035,0
27,user_0006,0
27,user_0012,0
27,user_0024,0
27,user_0033,0
27,user_0013,0
27,user_0043,0
27,user_0053,0
27,user_0002,0
27,user_0045,0
27,user_0037,0
27,user_0056,0
27,user_0051,0
27,user_0022,0
27,user_0000,0
27,user_0139,2
27,user_0179,2
27,user_0121,2
27,user_0141,2
27,user_0128,2
27,user_0162,2
27,user_0149,2
27,user_0134,2
27,user_0177,2
27,user_0174,2
27,user_0155,2
27,user_0157,2
27,user_0158,2
27,user_0176,2
27,user_0122,2
27,user_0148,2
27,user_0151,2
27,user_0152,2
27,user_0124,2
27,user_0168,2
27,user_0144,2
27,user_0147,2
27,user_0163,2
27,user_0143,2
27,user_0175,2
27,user_0159,2
27,user_0160,2
27,user_0131,2
27,user_0145,2
27,user_0164,2
27,user_0172,2
27,user_0129,2
27,user_0146,2
27,user_0166,2
27,user_0133,2
27,user_0170,2
27,user_0150,2
27,user_0165,2
27,user_0142,2
27,user_0153,2
27,user_0130,2
27,user_0135,2
27,user_0169,2
27,user_0126,2
27,user_0156,2
27,user_0125,2
27,user_0123,2
27,user_0120,2
27,user_0136,2
27,user_0138,2
27,user_0167,2
27,user_0137,2
27,user_0178,2
27,user_0132,2
27,user_0154,2
27,user_0171,2
27,user_0173,2
27,user_0127,2
27,user_0161,2
27,user_0140,2
27,user_0074,1
27,user_0096,1
27,user_0077,1
27,user_0087,1
27,user_0069,1
27,user_0094,1
27,user_0109,1
27,user_0073,1
27,user_0064,1
27,user_0076,1
27,user_0081,1
27,user_0083,1
27,user_0088,1
27,user_0118,1
27,user_0102,1
27,user_0104,1
27,user_0079,1
27,user_0103,1
27,user_0091,1
27,user_0065,1
27,user_0062,1
27,user_0067,1
27,user_0098,1
27,user_0072,1
27,user_0116,1
27,user_0113,1
27,user_0075,1
27,user_0068,1
27,user_0090,1
27,user_0063,1
27,user_0357,1
27,user_0117,1
27,user_0093,1
27,user_0089,1
27,user_0115,1
27,user_0100,1
27,user_0107,1
27,user_0110,1
27,user_0084,1
27,user_0114,1
27,user_0078,1
27,user_0106,1
27,user_0080,1
27,user_0099,1
27,user_0095,1
27,user_0061,1
27,user_0105,1
27,user_0108,1
27,user_0070,1
27,user_0082,1
27,user_0119,1
27,user_0085,1
27,user_0097,1
27,user_0066,1
27,user_0101,1
28,user_0018,0
28,user_0032,0
28,user_0010,0
28,user_0041,0
28,user_0030,0
28,user_0031,0
28,user_0059,0
28,user_0042,0
28,user_0003,0
28,user_0025,0
28,user_0054,0
28,user_0284,0
28,user_0014,0
28,user_0007,0
28,user_0023,0
28,user_0039,0
28,user_0057,0
28,user_0000,0
28,user_0021,0
28,user_0020,0
28,user_0001,0
28,user_0011,0
28,user_0034,0
28,user_0017,0
28,user_0040,0
28,user_0016,0
28,user_0005,0
28,user_0048,0
28,user_0008,0
28,user_0046,0
28,user_0029,0
28,user_0044,0
28,user_0038,0
28,user_0019,0
28,user_0055,0
28,user_0009,0
28,user_0047,0
28,user_0050,0
28,user_0058,0
28,user_0036,0
28,user_0015,0
28,user_0037,0
28,user_0004,0
28,user_0052,0
28,user_0049,0
28,user_0026,0
28,user_0027,0
28,user_0035,0
28,user_0012,0
28,user_0006,0
28,user_0024,0
28,user_0033,0
28,user_0013,0
28,user_0043,0
28,user_0053,0
28,user_0002,0
28,user_0045,0
28,user_0056,0
28,user_0051,0
28,user_0022,0
28,user_0028,0
28,user_0139,2
28,user_0179,2
28,user_0121,2
28,user_0141,2
28,user_0128,2
28,user_0162,2
28,user_0149,2
28,user_0134,2
28,user_0177,2
28,user_0174,2
28,user_0155,2
28,user_0157,2
28,user_0158,2
28,user_0176,2
28,user_0122,2
28,user_0151,2
28,user_0148,2
28,user_0147,2
28,user_0163,2
28,user_0152,2
28,user_0124,2
28,user_0168,2
28,user_0144,2
28,user_0175,2
28,user_0143,2
28,user_0159,2
28,user_0160,2
28,user_0131,2
28,user_0145,2
28,user_0164,2
28,user_0172,2
28,user_0129,2
28,user_0146,2
28,user_0166,2
28,user_0133,2
28,user_0170,2
28,user_0150,2
28,user_0142,2
28,user_0165,2
28,user_0153,2
28,user_0130,2
28,user_0135,2
28,user_0169,2
28,user_0126,2
28,user_0156,2
28,user_0125,2
28,user_0123,2
28,user_0138,2
28,user_0120,2
28,user_0136,2
28,user_0167,2
28,user_0137,2
28,user_0178,2
28,user_0132,2
28,user_0154,2
28,user_0171,2
28,user_0173,2
28,user_0127,2
28,user_0161,2
28,user_0140,2
28,user_0335,3
28,user_0349,3
28,user_0306,3
28,user_0340,3
28,user_0316,3
28,user_0302,3
28,user_0329,3
28,user_0312,3
28,user_0330,3
28,user_0315,3
28,user_0332,3
28,user_0313,3
28,user_0323,3
28,user_0338,3
28,user_0319,3
28,user_0304,3
28,user_0327,3
28,user_0358,3
28,user_0311,3
28,user_0310,3
28,user_0345,3
28,user_0343,3
28,user_0350,3
28,user_0342,3
28,user_0300,3
28,user_0339,3
28,user_0355,3
28,user_0336,3
28,user_0359,3
28,user_0325,3
28,user_0307,3
28,user_0344,3
28,user_0331,3
28,user_0295,3
28,user_0351,3
28,user_0321,3
28,user_0352,3
28,user_0318,3
28,user_0328,3
28,user_0347,3
28,user_0353,3
28,user_0354,3
28,user_0303,3
28,user_0305,3
28,user_0348,3
28,user_0326,3
28,user_0333,3
28,user_0341,3
28,user_0346,3
28,user_0356,3
28,user_0324,3
28,user_0309,3
28,user_0322,3
28,user_0301,3
28,user_0317,3
28,user_0320,3
28,user_0337,3
28,user_0334,3
28,user_0308,3
28,user_0314,3
28,user_0180,4
28,user_0267,4
28,user_0223,4
28,user_0205,4
28,user_0213,4
28,user_0194,4
28,user_0187,4
28,user_0181,4
28,user_0200,4
28,user_0228,4
28,user_0234,4
28,user_0189,4
28,user_0182,4
28,user_0188,4
28,user_0203,4
28,user_0229,4
28,user_0218,4
28,user_0220,4
28,user_0216,4
28,user_0197,4
28,user_0190,4
28,user_0191,4
28,user_0185,4
28,user_0192,4
28,user_0206,4
28,user_0233,4
28,user_0236,4
28,user_0183,4
28,user_0211,4
28,user_0232,4
28,user_0231,4
28,user_0208,4
28,user_0186,4
28,user_0215,4
28,user_0226,4
28,user_0221,4
28,user_0217,4
28,user_0198,4
28,user_0212,4
28,user_0184,4
28,user_0237,4
28,user_0193,4
28,user_0214,4
28,user_0210,4
28,user_0196,4
28,user_0199,4
28,user_0227,4
28,user_0195,4
28,user_0201,4
28,user_0225,4
28,user_0235,4
28,user_0204,4
28,user_0207,4
28,user_0209,4
28,user_0219,4
28,user_0202,4
28,user_0230,4
28,user_0222,4
28,user_0238,4
28,user_0074,1
28,user_0096,1
28,user_0077,1
28,user_0087,1
28,user_0069,1
28,user_0094,1
28,user_0109,1
28,user_0073,1
28,user_0064,1
28,user_0092,1
28,user_0086,1
28,user_0111,1
28,user_0081,1
28,user_0076,1
28,user_0088,1
28,user_0083,1
28,user_0102,1
28,user_0103,1
28,user_0118,1
28,user_0104,1
28,user_0091,1
28,user_0065,1
28,user_0079,1
28,user_0062,1
28,user_0067,1
28,user_0098,1
28,user_0072,1
28,user_0116,1
28,user_0113,1
28,user_0075,1
28,user_0068,1
28,user_0090,1
28,user_0063,1
28,user_0357,1
28,user_0093,1
28,user_0089,1
28,user_0115,1
28,user_0114,1
28,user_0078,1
28,user_0107,1
28,user_0084,1
28,user_0110,1
28,user_0106,1
28,user_0080,1
28,user_0099,1
28,user_0071,1
28,user_0095,1
28,user_0060,1
28,user_0061,1
28,user_0070,1
28,user_0108,1
28,user_0105,1
28,user_0082,1
28,user_0119,1
28,user_0112,1
28,user_0085,1
28,user_0097,1
28,user_0066,1
28,user_0101,1
28,user_0263,5
28,user_0274,5
28,user_0291,5
28,user_0262,5
28,user_0281,5
28,user_0280,5
28,user_0249,5
28,user_0265,5
28,user_0288,5
28,user_0272,5
28,user_0255,5
28,user_0287,5
28,user_0279,5
28,user_0252,5
28,user_0297,5
28,user_0269,5
28,user_0296,5
28,user_0241,5
28,user_0244,5
28,user_0299,5
28,user_0268,5
28,user_0239,5
28,user_0273,5
28,user_0282,5
28,user_0270,5
28,user_0246,5
28,user_0277,5
28,user_0286,5
28,user_0258,5
28,user_0266,5
28,user_0276,5
28,user_0283,5
28,user_0245,5
28,user_0250,5
28,user_0294,5
28,user_0248,5
28,user_0117,5
28,user_0253,5
28,user_0243,5
28,user_0100,5
28,user_0290,5
28,user_0254,5
28,user_0292,5
28,user_0242,5
28,user_0261,5
28,user_0285,5
28,user_0240,5
28,user_0260,5
28,user_0259,5
28,user_0264,5
28,user_0293,5
28,user_0271,5
28,user_0298,5
28,user_0278,5
28,user_0256,5
28,user_0275,5
28,user_0257,5
28,user_0251,5
28,user_0247,5
29,user_0263,5
29,user_0274,5
29,user_0262,5
29,user_0267,5
29,user_0291,5
29,user_0281,5
29,user_0249,5
29,user_0280,5
29,user_0265,5
29,user_0288,5
29,user_0272,5
29,user_0255,5
29,user_0287,5
29,user_0279,5
29,user_0224,5
29,user_0252,5
29,user_0269,5
29,user_0244,5
29,user_0296,5
29,user_0241,5
29,user_0297,5
29,user_0299,5
29,user_0268,5
29,user_0273,5
29,user_0282,5
29,user_0270,5
29,user_0246,5
29,user_0275,5
29,user_0286,5
29,user_0277,5
29,user_0266,5
29,user_0258,5
29,user_0276,5
29,user_0295,5
29,user_0283,5
29,user_0245,5
29,user_0250,5
29,user_0294,5
29,user_0248,5
29,user_0253,5
29,user_0357,5
29,user_0243,5
29,user_0290,5
29,user_0292,5
29,user_0254,5
29,user_0242,5
29,user_0261,5
29,user_0285,5
29,user_0240,5
29,user_0259,5
29,user_0293,5
29,user_0264,5
29,user_0260,5
29,user_0271,5
29,user_0298,5
29,user_0278,5
29,user_0256,5
29,user_0284,5
29,user_0257,5
29,user_0251,5
29,user_0289,5
29,user_0247,5
29,user_0074,1
29,user_0096,1
29,user_0077,1
29,user_0087,1
29,user_0069,1
29,user_0094,1
29,user_0109,1
29,user_0073,1
29,user_0064,1
29,user_0092,1
29,user_0086,1
29,user_0355,1
29,user_0076,1
29,user_0081,1
29,user_0088,1
29,user_0111,1
29,user_0083,1
29,user_0102,1
29,user_0079,1
29,user_0103,1
29,user_0118,1
29,user_0091,1
29,user_0065,1
29,user_0104,1
29,user_0062,1
29,user_0067,1
29,user_0116,1
29,user_0072,1
29,user_0098,1
29,user_0113,1
29,user_0075,1
29,user_0068,1
29,user_0090,1
29,user_0063,1
29,user_0117,1
29,user_0093,1
29,user_0089,1
29,user_0115,1
29,user_0100,1
29,user_0114,1
29,user_0078,1
29,user_0084,1
29,user_0110,1
29,user_0107,1
29,user_0106,1
29,user_0080,1
29,user_0099,1
29,user_0071,1
29,user_0095,1
29,user_0060,1
29,user_0061,1
29,user_0108,1
29,user_0070,1
29,user_0105,1
29,user_0082,1
29,user_0112,1
29,user_0119,1
29,user_0085,1
29,user_0097,1
29,user_0066,1
29,user_0101,1
29,user_0018,0
29,user_0032,0
29,user_0010,0
29,user_0041,0
29,user_0030,0
29,user_0031,0
29,user_0059,0
29,user_0042,0
29,user_0003,0
29,user_0025,0
29,user_0054,0
29,user_0014,0
29,user_0007,0
29,user_0023,0
29,user_0039,0
29,user_0057,0
29,user_0000,0
29,user_0021,0
29,user_0020,0
29,user_0001,0
29,user_0011,0
29,user_0034,0
29,user_0017,0
29,user_0016,0
29,user_0040,0
29,user_0005,0
29,user_0048,0
29,user_0008,0
29,user_0029,0
29,user_0044,0
29,user_0028,0
29,user_0038,0
29,user_0009,0
29,user_0055,0
29,user_0019,0
29,user_0047,0
29,user_0050,0
29,user_0058,0
29,user_0036,0
29,user_0015,0
29,user_0037,0
29,user_0004,0
29,user_0052,0
29,user_0049,0
29,user_0026,0
29,user_0027,0
29,user_0035,0
29,user_0012,0
29,user_0006,0
29,user_0024,0
29,user_0033,0
29,user_0013,0
29,user_0053,0
29,user_0043,0
29,user_0002,0
29,user_0045,0
29,user_0056,0
29,user_0051,0
29,user_0022,0
29,user_0046,0
29,user_0139,2
29,user_0179,2
29,user_0121,2
29,user_0141,2
29,user_0128,2
29,user_0162,2
29,user_0149,2
29,user_0134,2
29,user_0177,2
29,user_0174,2
29,user_0155,2
29,user_0157,2
29,user_0158,2
29,user_0176,2
29,user_0147,2
29,user_0151,2
29,user_0163,2
29,user_0148,2
29,user_0124,2
29,user_0122,2
29,user_0144,2
29,user_0175,2
29,user_0152,2
29,user_0143,2
29,user_0168,2
29,user_0159,2
29,user_0160,2
29,user_0131,2
29,user_0145,2
29,user_0164,2
29,user_0172,2
29,user_0129,2
29,user_0146,2
29,user_0166,2
29,user_0133,2
29,user_0170,2
29,user_0150,2
29,user_0142,2
29,user_0165,2
29,user_0153,2
29,user_0130,2
29,user_0135,2
29,user_0126,2
29,user_0169,2
29,user_0156,2
29,user_0125,2
29,user_0138,2
29,user_0120,2
29,user_0136,2
29,user_0123,2
29,user_0137,2
29,user_0167,2
29,user_0178,2
29,user_0132,2
29,user_0154,2
29,user_0171,2
29,user_0173,2
29,user_0127,2
29,user_0161,2
29,user_0140,2
29,user_0180,4
29,user_0223,4
29,user_0205,4
29,user_0213,4
29,user_0187,4
29,user_0194,4
29,user_0181,4
29,user_0200,4
29,user_0228,4
29,user_0234,4
29,user_0189,4
29,user_0188,4
29,user_0203,4
29,user_0229,4
29,user_0218,4
29,user_0220,4
29,user_0216,4
29,user_0190,4
29,user_0191,4
29,user_0185,4
29,user_0239,4
29,user_0197,4
29,user_0192,4
29,user_0206,4
29,user_0183,4
29,user_0236,4
29,user_0233,4
29,user_0211,4
29,user_0232,4
29,user_0219,4
29,user_0231,4
29,user_0186,4
29,user_0208,4
29,user_0215,4
29,user_0226,4
29,user_0217,4
29,user_0198,4
29,user_0184,4
29,user_0212,4
29,user_0237,4
29,user_0193,4
29,user_0214,4
29,user_0209,4
29,user_0199,4
29,user_0196,4
29,user_0210,4
29,user_0227,4
29,user_0195,4
29,user_0201,4
29,user_0204,4
29,user_0225,4
29,user_0235,4
29,user_0207,4
29,user_0221,4
29,user_0182,4
29,user_0202,4
29,user_0230,4
29,user_0222,4
29,user_0238,4
29,user_0335,3
29,user_0340,3
29,user_0306,3
29,user_0349,3
29,user_0316,3
29,user_0302,3
29,user_0329,3
29,user_0312,3
29,user_0330,3
29,user_0315,3
29,user_0332,3
29,user_0313,3
29,user_0323,3
29,user_0338,3
29,user_0319,3
29,user_0304,3
29,user_0327,3
29,user_0358,3
29,user_0311,3
29,user_0310,3
29,user_0345,3
29,user_0350,3
29,user_0343,3
29,user_0342,3
29,user_0300,3
29,user_0339,3
29,user_0336,3
29,user_0359,3
29,user_0325,3
29,user_0307,3
29,user_0344,3
29,user_0321,3
29,user_0351,3
29,user_0352,3
29,user_0318,3
29,user_0328,3
29,user_0347,3
29,user_0353,3
29,user_0354,3
29,user_0303,3
29,user_0305,3
29,user_0348,3
29,user_0326,3
29,user_0333,3
29,user_0341,3
29,user_0346,3
29,user_0356,3
29,user_0324,3
29,user_0309,3
29,user_0322,3
29,user_0301,3
29,user_0317,3
29,user_0334,3
29,user_0320,3
29,user_0337,3
29,user_0331,3
29,user_0308,3
29,user_0314,3
30,user_0139,2
30,user_0179,2
30,user_0121,2
30,user_0141,2
30,user_0128,2
30,user_0162,2
30,user_0234,2
30,user_0087,2
30,user_0149,2
30,user_0134,2
30,user_0288,2
30,user_0177,2
30,user_0174,2
30,user_0155,2
30,user_0157,2
30,user_0158,2
30,user_0148,2
30,user_0122,2
30,user_0176,2
30,user_0163,2
30,user_0147,2
30,user_0124,2
30,user_0168,2
30,user_0175,2
30,user_0144,2
30,user_0152,2
30,user_0143,2
30,user_0151,2
30,user_0159,2
30,user_0160,2
30,user_0131,2
30,user_0164,2
30,user_0172,2
30,user_0129,2
30,user_0146,2
30,user_0166,2
30,user_0133,2
30,user_0170,2
30,user_0150,2
30,user_0142,2
30,user_0165,2
30,user_0153,2
30,user_0130,2
30,user_0135,2
30,user_0126,2
30,user_0169,2
30,user_0156,2
30,user_0125,2
30,user_0123,2
30,user_0120,2
30,user_0136,2
30,user_0138,2
30,user_0137,2
30,user_0167,2
30,user_0178,2
30,user_0132,2
30,user_0154,2
30,user_0173,2
30,user_0171,2
30,user_0127,2
30,user_0161,2
30,user_0251,2
30,user_0140,2
30,user_0074,1
30,user_0096,1
30,user_0077,1
30,user_0315,1
30,user_0069,1
30,user_0094,1
30,user_0109,1
30,user_0073,1
30,user_0064,1
30,user_0092,1
30,user_0086,1
30,user_0111,1
30,user_0076,1
30,user_0083,1
30,user_0118,1
30,user_0088,1
30,user_0145,1
30,user_0104,1
30,user_0102,1
30,user_0081,1
30,user_0079,1
30,user_0065,1
30,user_0091,1
30,user_0103,1
30,user_0062,1
30,user_0067,1
30,user_0098,1
30,user_0116,1
30,user_0072,1
30,user_0047,1
30,user_0113,1
30,user_0075,1
30,user_0117,1
30,user_0090,1
30,user_0068,1
30,user_0063,1
30,user_0093,1
30,user_0089,1
30,user_0115,1
30,user_0100,1
30,user_0107,1
30,user_0110,1
30,user_0078,1
30,user_0114,1
30,user_0084,1
30,user_0106,1
30,user_0080,1
30,user_0099,1
30,user_0071,1
30,user_0095,1
30,user_0061,1
30,user_0060,1
30,user_0105,1
30,user_0082,1
30,user_0070,1
30,user_0108,1
30,user_0112,1
30,user_0119,1
30,user_0085,1
30,user_0097,1
30,user_0066,1
30,user_0101,1
30,user_0018,0
30,user_0032,0
30,user_0010,0
30,user_0041,0
30,user_0030,0
30,user_0031,0
30,user_0059,0
30,user_0042,0
30,user_0003,0
30,user_0025,0
30,user_0054,0
30,user_0014,0
30,user_0023,0
30,user_0007,0
30,user_0039,0
30,user_0057,0
30,user_0021,0
30,user_0020,0
30,user_0001,0
30,user_0011,0
30,user_0034,0
30,user_0016,0
30,user_0040,0
30,user_0005,0
30,user_0017,0
30,user_0048,0
30,user_0008,0
30,user_0029,0
30,user_0211,0
30,user_0044,0
30,user_0028,0
30,user_0038,0
30,user_0046,0
30,user_0009,0
30,user_0055,0
30,user_0019,0
30,user_0050,0
30,user_0058,0
30,user_0036,0
30,user_0015,0
30,user_0037,0
30,user_0004,0
30,user_0052,0
30,user_0049,0
30,user_0026,0
30,user_0027,0
30,user_0035,0
30,user_0012,0
30,user_0006,0
30,user_0024,0
30,user_0033,0
30,user_0043,0
30,user_0053,0
30,user_0013,0
30,user_0002,0
30,user_0045,0
30,user_0056,0
30,user_0051,0
30,user_0022,0
30,user_0000,0
30,user_0180,4
30,user_0223,4
30,user_0205,4
30,user_0213,4
30,user_0194,4
30,user_0187,4
30,user_0181,4
30,user_0200,4
30,user_0228,4
30,user_0189,4
30,user_0182,4
30,user_0188,4
30,user_0203,4
30,user_0229,4
30,user_0224,4
30,user_0218,4
30,user_0220,4
30,user_0216,4
30,user_0190,4
30,user_0191,4
30,user_0239,4
30,user_0192,4
30,user_0185,4
30,user_0206,4
30,user_0282,4
30,user_0197,4
30,user_0183,4
30,user_0236,4
30,user_0233,4
30,user_0232,4
30,user_0186,4
30,user_0208,4
30,user_0231,4
30,user_0215,4
30,user_0226,4
30,user_0217,4
30,user_0198,4
30,user_0184,4
30,user_0212,4
30,user_0237,4
30,user_0193,4
30,user_0214,4
30,user_0209,4
30,user_0210,4
30,user_0196,4
30,user_0199,4
30,user_0227,4
30,user_0195,4
30,user_0201,4
30,user_0204,4
30,user_0235,4
30,user_0225,4
30,user_0207,4
30,user_0221,4
30,user_0219,4
30,user_0202,4
30,user_0230,4
30,user_0222,4
30,user_0238,4
30,user_0335,3
30,user_0340,3
30,user_0306,3
30,user_0316,3
30,user_0302,3
30,user_0329,3
30,user_0312,3
30,user_0330,3
30,user_0332,3
30,user_0313,3
30,user_0323,3
30,user_0308,3
30,user_0338,3
30,user_0319,3
30,user_0304,3
30,user_0327,3
30,user_0358,3
30,user_0311,3
30,user_0355,3
30,user_0345,3
30,user_0350,3
30,user_0343,3
30,user_0342,3
30,user_0300,3
30,user_0339,3
30,user_0310,3
30,user_0336,3
30,user_0359,3
30,user_0325,3
30,user_0331,3
30,user_0307,3
30,user_0344,3
30,user_0321,3
30,user_0351,3
30,user_0352,3
30,user_0318,3
30,user_0328,3
30,user_0347,3
30,user_0353,3
30,user_0357,3
30,user_0354,3
30,user_0303,3
30,user_0305,3
30,user_0348,3
30,user_0326,3
30,user_0341,3
30,user_0346,3
30,user_0356,3
30,user_0324,3
30,user_0309,3
30,user_0322,3
30,user_0301,3
30,user_0317,3
30,user_0320,3
30,user_0337,3
30,user_0334,3
30,user_0333,3
30,user_0314,3
30,user_0263,5
30,user_0274,5
30,user_0291,5
30,user_0267,5
30,user_0349,5
30,user_0262,5
30,user_0281,5
30,user_0280,5
30,user_0249,5
30,user_0265,5
30,user_0284,5
30,user_0272,5
30,user_0255,5
30,user_0287,5
30,user_0279,5
30,user_0297,5
30,user_0269,5
30,user_0252,5
30,user_0296,5
30,user_0241,5
30,user_0244,5
30,user_0268,5
30,user_0299,5
30,user_0286,5
30,user_0273,5
30,user_0270,5
30,user_0246,5
30,user_0277,5
30,user_0258,5
30,user_0266,5
30,user_0276,5
30,user_0245,5
30,user_0283,5
30,user_0250,5
30,user_0294,5
30,user_0248,5
30,user_0253,5
30,user_0243,5
30,user_0254,5
30,user_0292,5
30,user_0290,5
30,user_0242,5
30,user_0261,5
30,user_0285,5
30,user_0240,5
30,user_0260,5
30,user_0293,5
30,user_0264,5
30,user_0259,5
30,user_0271,5
30,user_0298,5
30,user_0278,5
30,user_0256,5
30,user_0275,5
30,user_0257,5
30,user_0289,5
30,user_0247,5
31,user_0180,4
31,user_0213,4
31,user_0223,4
31,user_0205,4
31,user_0194,4
31,user_0181,4
31,user_0200,4
31,user_0228,4
31,user_0234,4
31,user_0189,4
31,user_0182,4
31,user_0188,4
31,user_0229,4
31,user_0203,4
31,user_0224,4
31,user_0218,4
31,user_0220,4
31,user_0216,4
31,user_0190,4
31,user_0191,4
31,user_0206,4
31,user_0239,4
31,user_0197,4
31,user_0192,4
31,user_0185,4
31,user_0233,4
31,user_0236,4
31,user_0183,4
31,user_0211,4
31,user_0232,4
31,user_0231,4
31,user_0208,4
31,user_0186,4
31,user_0215,4
31,user_0226,4
31,user_0217,4
31,user_0093,4
31,user_0198,4
31,user_0184,4
31,user_0212,4
31,user_0237,4
31,user_0193,4
31,user_0214,4
31,user_0209,4
31,user_0210,4
31,user_0199,4
31,user_0196,4
31,user_0227,4
31,user_0195,4
31,user_0095,4
31,user_0201,4
31,user_0204,4
31,user_0225,4
31,user_0235,4
31,user_0207,4
31,user_0221,4
31,user_0219,4
31,user_0202,4
31,user_0230,4
31,user_0222,4
31,user_0238,4
31,user_0018,0
31,user_0032,0
31,user_0010,0
31,user_0041,0
31,user_0030,0
31,user_0031,0
31,user_0059,0
31,user_0042,0
31,user_0003,0
31,user_0025,0
31,user_0054,0
31,user_0014,0
31,user_0023,0
31,user_0007,0
31,user_0039,0
31,user_0000,0
31,user_0057,0
31,user_0021,0
31,user_0020,0
31,user_0001,0
31,user_0011,0
31,user_0034,0
31,user_0017,0
31,user_0040,0
31,user_0005,0
31,user_0016,0
31,user_0048,0
31,user_0008,0
31,user_0029,0
31,user_0044,0
31,user_0028,0
31,user_0038,0
31,user_0019,0
31,user_0055,0
31,user_0009,0
31,user_0047,0
31,user_0050,0
31,user_0058,0
31,user_0036,0
31,user_0015,0
31,user_0052,0
31,user_0004,0
31,user_0049,0
31,user_0026,0
31,user_0027,0
31,user_0035,0
31,user_0006,0
31,user_0012,0
31,user_0024,0
31,user_0033,0
31,user_0013,0
31,user_0053,0
31,user_0043,0
31,user_0002,0
31,user_0045,0
31,user_0037,0
31,user_0056,0
31,user_0051,0
31,user_0022,0
31,user_0046,0
31,user_0263,5
31,user_0274,5
31,user_0291,5
31,user_0267,5
31,user_0262,5
31,user_0281,5
31,user_0280,5
31,user_0249,5
31,user_0265,5
31,user_0288,5
31,user_0272,5
31,user_0255,5
31,user_0287,5
31,user_0279,5
31,user_0252,5
31,user_0269,5
31,user_0297,5
31,user_0296,5
31,user_0241,5
31,user_0244,5
31,user_0268,5
31,user_0299,5
31,user_0286,5
31,user_0275,5
31,user_0270,5
31,user_0246,5
31,user_0273,5
31,user_0282,5
31,user_0277,5
31,user_0266,5
31,user_0258,5
31,user_0295,5
31,user_0276,5
31,user_0283,5
31,user_0245,5
31,user_0250,5
31,user_0294,5
31,user_0248,5
31,user_0253,5
31,user_0243,5
31,user_0254,5
31,user_0292,5
31,user_0290,5
31,user_0242,5
31,user_0261,5
31,user_0285,5
31,user_0240,5
31,user_0259,5
31,user_0264,5
31,user_0293,5
31,user_0260,5
31,user_0271,5
31,user_0298,5
31,user_0278,5
31,user_0256,5
31,user_0284,5
31,user_0257,5
31,user_0251,5
31,user_0289,5
31,user_0247,5
31,user_0139,2
31,user_0179,2
31,user_0121,2
31,user_0141,2
31,user_0128,2
31,user_0162,2
31,user_0149,2
31,user_0134,2
31,user_0177,2
31,user_0174,2
31,user_0155,2
31,user_0157,2
31,user_0158,2
31,user_0148,2
31,user_0122,2
31,user_0176,2
31,user_0151,2
31,user_0152,2
31,user_0147,2
31,user_0124,2
31,user_0144,2
31,user_0168,2
31,user_0175,2
31,user_0143,2
31,user_0163,2
31,user_0159,2
31,user_0160,2
31,user_0131,2
31,user_0145,2
31,user_0164,2
31,user_0172,2
31,user_0129,2
31,user_0146,2
31,user_0166,2
31,user_0133,2
31,user_0170,2
31,user_0150,2
31,user_0142,2
31,user_0165,2
31,user_0153,2
31,user_0130,2
31,user_0135,2
31,user_0169,2
31,user_0126,2
31,user_0156,2
31,user_0125,2
31,user_0123,2
31,user_0120,2
31,user_0138,2
31,user_0136,2
31,user_0137,2
31,user_0167,2
31,user_0178,2
31,user_0132,2
31,user_0154,2
31,user_0173,2
31,user_0171,2
31,user_0127,2
31,user_0161,2
31,user_0140,2
31,user_0335,3
31,user_0340,3
31,user_0349,3
31,user_0306,3
31,user_0316,3
31,user_0302,3
31,user_0329,3
31,user_0312,3
31,user_0330,3
31,user_0315,3
31,user_0332,3
31,user_0313,3
31,user_0323,3
31,user_0308,3
31,user_0338,3
31,user_0319,3
31,user_0304,3
31,user_0327,3
31,user_0358,3
31,user_0311,3
31,user_0355,3
31,user_0345,3
31,user_0350,3
31,user_0343,3
31,user_0342,3
31,user_0300,3
31,user_0339,3
31,user_0310,3
31,user_0336,3
31,user_0359,3
31,user_0325,3
31,user_0331,3
31,user_0307,3
31,user_0344,3
31,user_0321,3
31,user_0351,3
31,user_0352,3
31,user_0318,3
31,user_0328,3
31,user_0347,3
31,user_0353,3
31,user_0357,3
31,user_0354,3
31,user_0303,3
31,user_0305,3
31,user_0348,3
31,user_0326,3
31,user_0341,3
31,user_0346,3
31,user_0356,3
31,user_0324,3
31,user_0309,3
31,user_0322,3
31,user_0301,3
31,user_0317,3
31,user_0320,3
31,user_0337,3
31,user_0334,3
31,user_0333,3
31,user_0314,3
31,user_0074,1
31,user_0096,1
31,user_0187,1
31,user_0077,1
31,user_0087,1
31,user_0069,1
31,user_0094,1
31,user_0109,1
31,user_0073,1
31,user_0064,1
31,user_0092,1
31,user_0086,1
31,user_0076,1
31,user_0088,1
31,user_0083,1
31,user_0081,1
31,user_0111,1
31,user_0102,1
31,user_0079,1
31,user_0103,1
31,user_0104,1
31,user_0118,1
31,user_0065,1
31,user_0091,1
31,user_0062,1
31,user_0116,1
31,user_0067,1
31,user_0072,1
31,user_0098,1
31,user_0113,1
31,user_0075,1
31,user_0068,1
31,user_0117,1
31,user_0063,1
31,user_0090,1
31,user_0089,1
31,user_0115,1
31,user_0100,1
31,user_0107,1
31,user_0078,1
31,user_0110,1
31,user_0114,1
31,user_0084,1
31,user_0106,1
31,user_0080,1
31,user_0099,1
31,user_0071,1
31,user_0060,1
31,user_0061,1
31,user_0105,1
31,user_0108,1
31,user_0070,1
31,user_0082,1
31,user_0112,1
31,user_0119,1
31,user_0085,1
31,user_0097,1
31,user_0066,1
31,user_0101,1
32,user_0018,0
32,user_0032,0
32,user_0010,0
32,user_0041,0
32,user_0030,0
32,user_0031,0
32,user_0059,0
32,user_0042,0
32,user_0003,0
32,user_0025,0
32,user_0054,0
32,user_0014,0
32,user_0007,0
32,user_0023,0
32,user_0039,0
32,user_0000,0
32,user_0057,0
32,user_0021,0
32,user_0020,0
32,user_0001,0
32,user_0011,0
32,user_0034,0
32,user_0016,0
32,user_0040,0
32,user_0005,0
32,user_0017,0
32,user_0048,0
32,user_0008,0
32,user_0029,0
32,user_0044,0
32,user_0028,0
32,user_0038,0
32,user_0019,0
32,user_0055,0
32,user_0009,0
32,user_0047,0
32,user_0050,0
32,user_0058,0
32,user_0036,0
32,user_0015,0
32,user_0037,0
32,user_0004,0
32,user_0052,0
32,user_0049,0
32,user_0026,0
32,user_0027,0
32,user_0035,0
32,user_0012,0
32,user_0006,0
32,user_0024,0
32,user_0033,0
32,user_0013,0
32,user_0053,0
32,user_0043,0
32,user_0002,0
32,user_0045,0
32,user_0056,0
32,user_0051,0
32,user_0022,0
32,user_0046,0
32,user_0074,1
32,user_0096,1
32,user_0077,1
32,user_0087,1
32,user_0069,1
32,user_0094,1
32,user_0109,1
32,user_0073,1
32,user_0064,1
32,user_0092,1
32,user_0086,1
32,user_0076,1
32,user_0111,1
32,user_0083,1
32,user_0118,1
32,user_0081,1
32,user_0102,1
32,user_0104,1
32,user_0103,1
32,user_0079,1
32,user_0091,1
32,user_0065,1
32,user_0062,1
32,user_0067,1
32,user_0116,1
32,user_0072,1
32,user_0098,1
32,user_0113,1
32,user_0075,1
32,user_0117,1
32,user_0090,1
32,user_0063,1
32,user_0068,1
32,user_0093,1
32,user_0089,1
32,user_0088,1
32,user_0115,1
32,user_0100,1
32,user_0107,1
32,user_0078,1
32,user_0110,1
32,user_0114,1
32,user_0084,1
32,user_0106,1
32,user_0080,1
32,user_0099,1
32,user_0071,1
32,user_0095,1
32,user_0060,1
32,user_0061,1
32,user_0105,1
32,user_0070,1
32,user_0082,1
32,user_0108,1
32,user_0119,1
32,user_0112,1
32,user_0085,1
32,user_0097,1
32,user_0066,1
32,user_0101,1
32,user_0139,2
32,user_0179,2
32,user_0121,2
32,user_0141,2
32,user_0128,2
32,user_0162,2
32,user_0149,2
32,user_0134,2
32,user_0177,2
32,user_0174,2
32,user_0155,2
32,user_0157,2
32,user_0158,2
32,user_0148,2
32,user_0147,2
32,user_0176,2
32,user_0163,2
32,user_0152,2
32,user_0124,2
32,user_0151,2
32,user_0144,2
32,user_0168,2
32,user_0122,2
32,user_0143,2
32,user_0175,2
32,user_0159,2
32,user_0160,2
32,user_0131,2
32,user_0145,2
32,user_0164,2
32,user_0172,2
32,user_0129,2
32,user_0146,2
32,user_0166,2
32,user_0133,2
32,user_0170,2
32,user_0150,2
32,user_0142,2
32,user_0165,2
32,user_0153,2
32,user_0130,2
32,user_0135,2
32,user_0169,2
32,user_0126,2
32,user_0156,2
32,user_0125,2
32,user_0138,2
32,user_0120,2
32,user_0123,2
32,user_0136,2
32,user_0167,2
32,user_0137,2
32,user_0178,2
32,user_0132,2
32,user_0154,2
32,user_0173,2
32,user_0171,2
32,user_0127,2
32,user_0161,2
32,user_0140,2
32,user_0180,4
32,user_0223,4
32,user_0205,4
32,user_0213,4
32,user_0194,4
32,user_0187,4
32,user_0181,4
32,user_0200,4
32,user_0228,4
32,user_0234,4
32,user_0189,4
32,user_0188,4
32,user_0203,4
32,user_0229,4
32,user_0224,4
32,user_0218,4
32,user_0220,4
32,user_0216,4
32,user_0191,4
32,user_0190,4
32,user_0185,4
32,user_0192,4
32,user_0206,4
32,user_0197,4
32,user_0239,4
32,user_0183,4
32,user_0233,4
32,user_0236,4
32,user_0211,4
32,user_0232,4
32,user_0219,4
32,user_0186,4
32,user_0231,4
32,user_0208,4
32,user_0215,4
32,user_0226,4
32,user_0217,4
32,user_0198,4
32,user_0212,4
32,user_0184,4
32,user_0237,4
32,user_0193,4
32,user_0214,4
32,user_0209,4
32,user_0210,4
32,user_0196,4
32,user_0199,4
32,user_0227,4
32,user_0195,4
32,user_0201,4
32,user_0225,4
32,user_0204,4
32,user_0235,4
32,user_0207,4
32,user_0221,4
32,user_0182,4
32,user_0202,4
32,user_0230,4
32,user_0222,4
32,user_0238,4
32,user_0335,3
32,user_0340,3
32,user_0306,3
32,user_0349,3
32,user_0316,3
32,user_0302,3
32,user_0329,3
32,user_0312,3
32,user_0330,3
32,user_0315,3
32,user_0332,3
32,user_0313,3
32,user_0323,3
32,user_0338,3
32,user_0319,3
32,user_0304,3
32,user_0327,3
32,user_0358,3
32,user_0311,3
32,user_0310,3
32,user_0355,3
32,user_0350,3
32,user_0345,3
32,user_0342,3
32,user_0300,3
32,user_0339,3
32,user_0343,3
32,user_0336,3
32,user_0359,3
32,user_0325,3
32,user_0307,3
32,user_0344,3
32,user_0321,3
32,user_0351,3
32,user_0352,3
32,user_0318,3
32,user_0328,3
32,user_0347,3
32,user_0353,3
32,user_0357,3
32,user_0354,3
32,user_0303,3
32,user_0305,3
32,user_0348,3
32,user_0326,3
32,user_0333,3
32,user_0341,3
32,user_0346,3
32,user_0356,3
32,user_0309,3
32,user_0324,3
32,user_0322,3
32,user_0301,3
32,user_0317,3
32,user_0334,3
32,user_0320,3
32,user_0337,3
32,user_0331,3
32,user_0308,3
32,user_0314,3
32,user_0263,5
32,user_0274,5
32,user_0262,5
32,user_0267,5
32,user_0291,5
32,user_0281,5
32,user_0280,5
32,user_0249,5
32,user_0265,5
32,user_0288,5
32,user_0272,5
32,user_0255,5
32,user_0287,5
32,user_0279,5
32,user_0297,5
32,user_0269,5
32,user_0252,5
32,user_0296,5
32,user_0241,5
32,user_0244,5
32,user_0268,5
32,user_0299,5
32,user_0275,5
32,user_0282,5
32,user_0270,5
32,user_0246,5
32,user_0277,5
32,user_0273,5
32,user_0286,5
32,user_0258,5
32,user_0266,5
32,user_0276,5
32,user_0295,5
32,user_0283,5
32,user_0245,5
32,user_0250,5
32,user_0294,5
32,user_0248,5
32,user_0253,5
32,user_0243,5
32,user_0254,5
32,user_0290,5
32,user_0292,5
32,user_0242,5
32,user_0261,5
32,user_0285,5
32,user_0240,5
32,user_0259,5
32,user_0293,5
32,user_0264,5
32,user_0260,5
32,user_0271,5
32,user_0298,5
32,user_0278,5
32,user_0256,5
32,user_0284,5
32,user_0257,5
32,user_0251,5
32,user_0247,5
33,user_0074,1
33,user_0096,1
33,user_0077,1
33,user_0228,1
33,user_0265,1
33,user_0087,1
33,user_0069,1
33,user_0094,1
33,user_0109,1
33,user_0073,1
33,user_0064,1
33,user_0092,1
33,user_0086,1
33,user_0076,1
33,user_0088,1
33,user_0083,1
33,user_0118,1
33,user_0111,1
33,user_0102,1
33,user_0103,1
33,user_0270,1
33,user_0079,1
33,user_0091,1
33,user_0065,1
33,user_0104,1
33,user_0062,1
33,user_0258,1
33,user_0116,1
33,user_0067,1
33,user_0098,1
33,user_0072,1
33,user_0113,1
33,user_0075,1
33,user_0068,1
33,user_0090,1
33,user_0063,1
33,user_0117,1
33,user_0093,1
33,user_0089,1
33,user_0115,1
33,user_0100,1
33,user_0107,1
33,user_0084,1
33,user_0110,1
33,user_0114,1
33,user_0078,1
33,user_0106,1
33,user_0080,1
33,user_0099,1
33,user_0071,1
33,user_0095,1
33,user_0060,1
33,user_0061,1
33,user_0108,1
33,user_0070,1
33,user_0105,1
33,user_0082,1
33,user_0119,1
33,user_0112,1
33,user_0085,1
33,user_0097,1
33,user_0066,1
33,user_0101,1
33,user_0335,3
33,user_0340,3
33,user_0306,3
33,user_0349,3
33,user_0316,3
33,user_0302,3
33,user_0329,3
33,user_0312,3
33,user_0330,3
33,user_0315,3
33,user_0332,3
33,user_0313,3
33,user_0323,3
33,user_0338,3
33,user_0319,3
33,user_0304,3
33,user_0327,3
33,user_0358,3
33,user_0311,3
33,user_0310,3
33,user_0355,3
33,user_0345,3
33,user_0350,3
33,user_0342,3
33,user_0300,3
33,user_0339,3
33,user_0343,3
33,user_0336,3
33,user_0359,3
33,user_0325,3
33,user_0307,3
33,user_0344,3
33,user_0351,3
33,user_0321,3
33,user_0352,3
33,user_0318,3
33,user_0328,3
33,user_0347,3
33,user_0353,3
33,user_0357,3
33,user_0354,3
33,user_0303,3
33,user_0305,3
33,user_0348,3
33,user_0326,3
33,user_0261,3
33,user_0333,3
33,user_0341,3
33,user_0346,3
33,user_0356,3
33,user_0309,3
33,user_0324,3
33,user_0322,3
33,user_0301,3
33,user_0317,3
33,user_0334,3
33,user_0320,3
33,user_0337,3
33,user_0331,3
33,user_0308,3
33,user_0314,3
33,user_0139,2
33,user_0179,2
33,user_0121,2
33,user_0141,2
33,user_0128,2
33,user_0162,2
33,user_0149,2
33,user_0134,2
33,user_0177,2
33,user_0174,2
33,user_0155,2
33,user_0157,2
33,user_0158,2
33,user_0148,2
33,user_0147,2
33,user_0151,2
33,user_0163,2
33,user_0152,2
33,user_0122,2
33,user_0168,2
33,user_0144,2
33,user_0124,2
33,user_0176,2
33,user_0143,2
33,user_0175,2
33,user_0159,2
33,user_0160,2
33,user_0131,2
33,user_0145,2
33,user_0164,2
33,user_0172,2
33,user_0129,2
33,user_0146,2
33,user_0166,2
33,user_0133,2
33,user_0170,2
33,user_0150,2
33,user_0142,2
33,user_0165,2
33,user_0153,2
33,user_0130,2
33,user_0135,2
33,user_0169,2
33,user_0126,2
33,user_0156,2
33,user_0125,2
33,user_0285,2
33,user_0138,2
33,user_0120,2
33,user_0136,2
33,user_0123,2
33,user_0167,2
33,user_0137,2
33,user_0178,2
33,user_0132,2
33,user_0154,2
33,user_0173,2
33,user_0171,2
33,user_0127,2
33,user_0161,2
33,user_0140,2
33,user_0018,0
33,user_0032,0
33,user_0010,0
33,user_0041,0
33,user_0030,0
33,user_0031,0
33,user_0059,0
33,user_0042,0
33,user_0003,0
33,user_0025,0
33,user_0054,0
33,user_0014,0
33,user_0023,0
33,user_0007,0
33,user_0039,0
33,user_0057,0
33,user_0021,0
33,user_0020,0
33,user_0001,0
33,user_0011,0
33,user_0034,0
33,user_0017,0
33,user_0040,0
33,user_0016,0
33,user_0005,0
33,user_0048,0
33,user_0008,0
33,user_0046,0
33,user_0029,0
33,user_0044,0
33,user_0028,0
33,user_0038,0
33,user_0009,0
33,user_0055,0
33,user_0019,0
33,user_0047,0
33,user_0050,0
33,user_0058,0
33,user_0036,0
33,user_0015,0
33,user_0052,0
33,user_0004,0
33,user_0049,0
33,user_0026,0
33,user_0027,0
33,user_0035,0
33,user_0012,0
33,user_0006,0
33,user_0024,0
33,user_0033,0
33,user_0013,0
33,user_0053,0
33,user_0043,0
33,user_0002,0
33,user_0045,0
33,user_0037,0
33,user_0056,0
33,user_0051,0
33,user_0022,0
33,user_0000,0
33,user_0180,4
33,user_0213,4
33,user_0223,4
33,user_0205,4
33,user_0194,4
33,user_0187,4
33,user_0181,4
33,user_0200,4
33,user_0234,4
33,user_0189,4
33,user_0188,4
33,user_0229,4
33,user_0203,4
33,user_0224,4
33,user_0218,4
33,user_0220,4
33,user_0216,4
33,user_0197,4
33,user_0191,4
33,user_0239,4
33,user_0190,4
33,user_0185,4
33,user_0192,4
33,user_0206,4
33,user_0233,4
33,user_0236,4
33,user_0183,4
33,user_0211,4
33,user_0232,4
33,user_0219,4
33,user_0231,4
33,user_0208,4
33,user_0186,4
33,user_0215,4
33,user_0226,4
33,user_0221,4
33,user_0217,4
33,user_0198,4
33,user_0184,4
33,user_0212,4
33,user_0237,4
33,user_0193,4
33,user_0214,4
33,user_0199,4
33,user_0210,4
33,user_0196,4
33,user_0227,4
33,user_0195,4
33,user_0201,4
33,user_0204,4
33,user_0235,4
33,user_0225,4
33,user_0207,4
33,user_0209,4
33,user_0182,4
33,user_0202,4
33,user_0230,4
33,user_0222,4
33,user_0238,4
33,user_0263,5
33,user_0274,5
33,user_0262,5
33,user_0267,5
33,user_0291,5
33,user_0281,5
33,user_0280,5
33,user_0249,5
33,user_0288,5
33,user_0272,5
33,user_0255,5
33,user_0287,5
33,user_0279,5
33,user_0297,5
33,user_0252,5
33,user_0269,5
33,user_0296,5
33,user_0244,5
33,user_0241,5
33,user_0299,5
33,user_0268,5
33,user_0273,5
33,user_0282,5
33,user_0286,5
33,user_0246,5
33,user_0275,5
33,user_0277,5
33,user_0266,5
33,user_0295,5
33,user_0276,5
33,user_0245,5
33,user_0283,5
33,user_0250,5
33,user_0294,5
33,user_0248,5
33,user_0253,5
33,user_0243,5
33,user_0290,5
33,user_0254,5
33,user_0292,5
33,user_0242,5
33,user_0240,5
33,user_0259,5
33,user_0260,5
33,user_0293,5
33,user_0264,5
33,user_0271,5
33,user_0298,5
33,user_0256,5
33,user_0284,5
33,user_0257,5
33,user_0251,5
33,user_0289,5
33,user_0247,5
34,user_0018,0
34,user_0032,0
34,user_0010,0
34,user_0041,0
34,user_0030,0
34,user_0031,0
34,user_0059,0
34,user_0042,0
34,user_0003,0
34,user_0025,0
34,user_0054,0
34,user_0014,0
34,user_0023,0
34,user_0007,0
34,user_0039,0
34,user_0057,0
34,user_0000,0
34,user_0021,0
34,user_0020,0
34,user_0001,0
34,user_0011,0
34,user_0034,0
34,user_0017,0
34,user_0040,0
34,user_0005,0
34,user_0016,0
34,user_0048,0
34,user_0008,0
34,user_0029,0
34,user_0044,0
34,user_0028,0
34,user_0038,0
34,user_0019,0
34,user_0009,0
34,user_0055,0
34,user_0047,0
34,user_0050,0
34,user_0058,0
34,user_0036,0
34,user_0015,0
34,user_0052,0
34,user_0004,0
34,user_0049,0
34,user_0026,0
34,user_0027,0
34,user_0035,0
34,user_0012,0
34,user_0006,0
34,user_0024,0
34,user_0043,0
34,user_0013,0
34,user_0053,0
34,user_0033,0
34,user_0002,0
34,user_0045,0
34,user_0037,0
34,user_0056,0
34,user_0051,0
34,user_0022,0
34,user_0046,0
34,user_0074,1
34,user_0096,1
34,user_0077,1
34,user_0087,1
34,user_0069,1
34,user_0094,1
34,user_0109,1
34,user_0073,1
34,user_0064,1
34,user_0092,1
34,user_0086,1
34,user_0076,1
34,user_0088,1
34,user_0083,1
34,user_0081,1
34,user_0111,1
34,user_0102,1
34,user_0103,1
34,user_0104,1
34,user_0079,1
34,user_0091,1
34,user_0065,1
34,user_0118,1
34,user_0062,1
34,user_0067,1
34,user_0116,1
34,user_0098,1
34,user_0072,1
34,user_0113,1
34,user_0075,1
34,user_0068,1
34,user_0090,1
34,user_0063,1
34,user_0117,1
34,user_0093,1
34,user_0089,1
34,user_0115,1
34,user_0100,1
34,user_0114,1
34,user_0107,1
34,user_0110,1
34,user_0078,1
34,user_0084,1
34,user_0106,1
34,user_0080,1
34,user_0099,1
34,user_0071,1
34,user_0095,1
34,user_0060,1
34,user_0061,1
34,user_0105,1
34,user_0108,1
34,user_0070,1
34,user_0082,1
34,user_0119,1
34,user_0112,1
34,user_0085,1
34,user_0097,1
34,user_0066,1
34,user_0101,1
34,user_0139,2
34,user_0179,2
34,user_0121,2
34,user_0141,2
34,user_0128,2
34,user_0162,2
34,user_0149,2
34,user_0134,2
34,user_0177,2
34,user_0174,2
34,user_0155,2
34,user_0157,2
34,user_0158,2
34,user_0176,2
34,user_0147,2
34,user_0122,2
34,user_0163,2
34,user_0151,2
34,user_0152,2
34,user_0168,2
34,user_0144,2
34,user_0175,2
34,user_0148,2
34,user_0124,2
34,user_0143,2
34,user_0159,2
34,user_0160,2
34,user_0131,2
34,user_0145,2
34,user_0164,2
34,user_0172,2
34,user_0129,2
34,user_0146,2
34,user_0166,2
34,user_0133,2
34,user_0170,2
34,user_0150,2
34,user_0142,2
34,user_0165,2
34,user_0153,2
34,user_0130,2
34,user_0135,2
34,user_0126,2
34,user_0169,2
34,user_0156,2
34,user_0125,2
34,user_0123,2
34,user_0120,2
34,user_0136,2
34,user_0138,2
34,user_0167,2
34,user_0137,2
34,user_0178,2
34,user_0132,2
34,user_0154,2
34,user_0171,2
34,user_0173,2
34,user_0127,2
34,user_0161,2
34,user_0140,2
34,user_0180,4
34,user_0223,4
34,user_0205,4
34,user_0213,4
34,user_0194,4
34,user_0187,4
34,user_0181,4
34,user_0200,4
34,user_0228,4
34,user_0234,4
34,user_0189,4
34,user_0188,4
34,user_0229,4
34,user_0203,4
34,user_0224,4
34,user_0218,4
34,user_0220,4
34,user_0216,4
34,user_0190,4
34,user_0197,4
34,user_0191,4
34,user_0206,4
34,user_0185,4
34,user_0192,4
34,user_0239,4
34,user_0183,4
34,user_0233,4
34,user_0236,4
34,user_0211,4
34,user_0232,4
34,user_0219,4
34,user_0186,4
34,user_0231,4
34,user_0208,4
34,user_0215,4
34,user_0226,4
34,user_0217,4
34,user_0198,4
34,user_0212,4
34,user_0184,4
34,user_0237,4
34,user_0193,4
34,user_0214,4
34,user_0209,4
34,user_0210,4
34,user_0196,4
34,user_0199,4
34,user_0227,4
34,user_0195,4
34,user_0201,4
34,user_0204,4
34,user_0235,4
34,user_0225,4
34,user_0207,4
34,user_0221,4
34,user_0182,4
34,user_0202,4
34,user_0230,4
34,user_0222,4
34,user_0238,4
34,user_0335,3
34,user_0349,3
34,user_0306,3
34,user_0340,3
34,user_0316,3
34,user_0302,3
34,user_0329,3
34,user_0312,3
34,user_0330,3
34,user_0315,3
34,user_0332,3
34,user_0313,3
34,user_0323,3
34,user_0308,3
34,user_0338,3
34,user_0319,3
34,user_0304,3
34,user_0327,3
34,user_0358,3
34,user_0311,3
34,user_0310,3
34,user_0355,3
34,user_0350,3
34,user_0343,3
34,user_0345,3
34,user_0342,3
34,user_0300,3
34,user_0339,3
34,user_0336,3
34,user_0359,3
34,user_0325,3
34,user_0307,3
34,user_0344,3
34,user_0331,3
34,user_0321,3
34,user_0351,3
34,user_0352,3
34,user_0318,3
34,user_0328,3
34,user_0347,3
34,user_0353,3
34,user_0357,3
34,user_0354,3
34,user_0303,3
34,user_0305,3
34,user_0348,3
34,user_0326,3
34,user_0341,3
34,user_0346,3
34,user_0356,3
34,user_0324,3
34,user_0309,3
34,user_0322,3
34,user_0301,3
34,user_0317,3
34,user_0320,3
34,user_0337,3
34,user_0334,3
34,user_0333,3
34,user_0314,3
34,user_0263,5
34,user_0274,5
34,user_0291,5
34,user_0267,5
34,user_0262,5
34,user_0281,5
34,user_0280,5
34,user_0249,5
34,user_0265,5
34,user_0288,5
34,user_0272,5
34,user_0255,5
34,user_0287,5
34,user_0279,5
34,user_0297,5
34,user_0269,5
34,user_0244,5
34,user_0252,5
34,user_0241,5
34,user_0268,5
34,user_0299,5
34,user_0286,5
34,user_0275,5
34,user_0277,5
34,user_0273,5
34,user_0246,5
34,user_0282,5
34,user_0270,5
34,user_0266,5
34,user_0258,5
34,user_0276,5
34,user_0295,5
34,user_0283,5
34,user_0245,5
34,user_0250,5
34,user_0294,5
34,user_0248,5
34,user_0253,5
34,user_0243,5
34,user_0290,5
34,user_0292,5
34,user_0254,5
34,user_0242,5
34,user_0261,5
34,user_0285,5
34,user_0240,5
34,user_0259,5
34,user_0293,5
34,user_0260,5
34,user_0271,5
34,user_0298,5
34,user_0256,5
34,user_0284,5
34,user_0257,5
34,user_0251,5
34,user_0289,5
34,user_0247,5
35,user_0018,0
35,user_0032,0
35,user_0010,0
35,user_0041,0
35,user_0030,0
35,user_0031,0
35,user_0059,0
35,user_0042,0
35,user_0003,0
35,user_0025,0
35,user_0054,0
35,user_0014,0
35,user_0023,0
35,user_0007,0
35,user_0039,0
35,user_0057,0
35,user_0000,0
35,user_0021,0
35,user_0020,0
35,user_0001,0
35,user_0011,0
35,user_0034,0
35,user_0017,0
35,user_0040,0
35,user_0005,0
35,user_0016,0
35,user_0048,0
35,user_0008,0
35,user_0029,0
35,user_0044,0
35,user_0028,0
35,user_0038,0
35,user_0019,0
35,user_0009,0
35,user_0055,0
35,user_0047,0
35,user_0248,0
35,user_0050,0
35,user_0058,0
35,user_0036,0
35,user_0015,0
35,user_0052,0
35,user_0004,0
35,user_0049,0
35,user_0026,0
35,user_0027,0
35,user_0035,0
35,user_0012,0
35,user_0006,0
35,user_0024,0
35,user_0033,0
35,user_0013,0
35,user_0053,0
35,user_0043,0
35,user_0002,0
35,user_0045,0
35,user_0037,0
35,user_0056,0
35,user_0051,0
35,user_0022,0
35,user_0046,0
35,user_0139,2
35,user_0179,2
35,user_0121,2
35,user_0141,2
35,user_0128,2
35,user_0162,2
35,user_0149,2
35,user_0134,2
35,user_0177,2
35,user_0174,2
35,user_0155,2
35,user_0157,2
35,user_0158,2
35,user_0176,2
35,user_0148,2
35,user_0151,2
35,user_0122,2
35,user_0147,2
35,user_0124,2
35,user_0168,2
35,user_0175,2
35,user_0144,2
35,user_0152,2
35,user_0143,2
35,user_0163,2
35,user_0159,2
35,user_0160,2
35,user_0145,2
35,user_0131,2
35,user_0164,2
35,user_0140,2
35,user_0172,2
35,user_0129,2
35,user_0146,2
35,user_0166,2
35,user_0133,2
35,user_0170,2
35,user_0150,2
35,user_0165,2
35,user_0142,2
35,user_0153,2
35,user_0130,2
35,user_0135,2
35,user_0169,2
35,user_0126,2
35,user_0156,2
35,user_0125,2
35,user_0123,2
35,user_0120,2
35,user_0138,2
35,user_0136,2
35,user_0167,2
35,user_0137,2
35,user_0178,2
35,user_0132,2
35,user_0154,2
35,user_0173,2
35,user_0171,2
35,user_0127,2
35,user_0161,2
35,user_0289,2
35,user_0335,3
35,user_0349,3
35,user_0306,3
35,user_0340,3
35,user_0316,3
35,user_0302,3
35,user_0329,3
35,user_0312,3
35,user_0330,3
35,user_0315,3
35,user_0332,3
35,user_0313,3
35,user_0323,3
35,user_0338,3
35,user_0319,3
35,user_0304,3
35,user_0327,3
35,user_0358,3
35,user_0311,3
35,user_0310,3
35,user_0355,3
35,user_0350,3
35,user_0343,3
35,user_0342,3
35,user_0300,3
35,user_0339,3
35,user_0345,3
35,user_0336,3
35,user_0359,3
35,user_0325,3
35,user_0307,3
35,user_0344,3
35,user_0321,3
35,user_0351,3
35,user_0352,3
35,user_0318,3
35,user_0328,3
35,user_0347,3
35,user_0353,3
35,user_0357,3
35,user_0354,3
35,user_0303,3
35,user_0305,3
35,user_0348,3
35,user_0326,3
35,user_0333,3
35,user_0341,3
35,user_0346,3
35,user_0356,3
35,user_0324,3
35,user_0309,3
35,user_0322,3
35,user_0301,3
35,user_0317,3
35,user_0334,3
35,user_0320,3
35,user_0337,3
35,user_0331,3
35,user_0308,3
35,user_0314,3
35,user_0180,4
35,user_0223,4
35,user_0205,4
35,user_0213,4
35,user_0187,4
35,user_0194,4
35,user_0181,4
35,user_0200,4
35,user_0228,4
35,user_0234,4
35,user_0189,4
35,user_0188,4
35,user_0229,4
35,user_0203,4
35,user_0224,4
35,user_0218,4
35,user_0220,4
35,user_0216,4
35,user_0191,4
35,user_0190,4
35,user_0185,4
35,user_0197,4
35,user_0206,4
35,user_0239,4
35,user_0192,4
35,user_0233,4
35,user_0236,4
35,user_0183,4
35,user_0211,4
35,user_0232,4
35,user_0219,4
35,user_0231,4
35,user_0208,4
35,user_0186,4
35,user_0215,4
35,user_0226,4
35,user_0217,4
35,user_0198,4
35,user_0212,4
35,user_0184,4
35,user_0237,4
35,user_0193,4
35,user_0214,4
35,user_0209,4
35,user_0199,4
35,user_0210,4
35,user_0196,4
35,user_0227,4
35,user_0195,4
35,user_0201,4
35,user_0204,4
35,user_0235,4
35,user_0225,4
35,user_0207,4
35,user_0221,4
35,user_0182,4
35,user_0202,4
35,user_0230,4
35,user_0222,4
35,user_0238,4
35,user_0263,5
35,user_0274,5
35,user_0262,5
35,user_0267,5
35,user_0291,5
35,user_0281,5
35,user_0280,5
35,user_0249,5
35,user_0265,5
35,user_0288,5
35,user_0272,5
35,user_0255,5
35,user_0287,5
35,user_0279,5
35,user_0297,5
35,user_0269,5
35,user_0244,5
35,user_0252,5
35,user_0296,5
35,user_0241,5
35,user_0268,5
35,user_0299,5
35,user_0275,5
35,user_0273,5
35,user_0286,5
35,user_0246,5
35,user_0104,5
35,user_0282,5
35,user_0270,5
35,user_0277,5
35,user_0258,5
35,user_0266,5
35,user_0276,5
35,user_0295,5
35,user_0245,5
35,user_0283,5
35,user_0250,5
35,user_0294,5
35,user_0253,5
35,user_0243,5
35,user_0290,5
35,user_0292,5
35,user_0254,5
35,user_0242,5
35,user_0261,5
35,user_0285,5
35,user_0240,5
35,user_0259,5
35,user_0293,5
35,user_0264,5
35,user_0260,5
35,user_0271,5
35,user_0298,5
35,user_0278,5
35,user_0256,5
35,user_0284,5
35,user_0257,5
35,user_0251,5
35,user_0247,5
35,user_0074,1
35,user_0096,1
35,user_0077,1
35,user_0087,1
35,user_0069,1
35,user_0094,1
35,user_0109,1
35,user_0073,1
35,user_0064,1
35,user_0086,1
35,user_0111,1
35,user_0088,1
35,user_0118,1
35,user_0076,1
35,user_0081,1
35,user_0102,1
35,user_0079,1
35,user_0083,1
35,user_0103,1
35,user_0091,1
35,user_0065,1
35,user_0062,1
35,user_0067,1
35,user_0116,1
35,user_0072,1
35,user_0098,1
35,user_0113,1
35,user_0075,1
35,user_0068,1
35,user_0117,1
35,user_0063,1
35,user_0090,1
35,user_0093,1
35,user_0089,1
35,user_0115,1
35,user_0100,1
35,user_0107,1
35,user_0114,1
35,user_0078,1
35,user_0084,1
35,user_0110,1
35,user_0106,1
35,user_0080,1
35,user_0099,1
35,user_0071,1
35,user_0095,1
35,user_0061,1
35,user_0060,1
35,user_0105,1
35,user_0108,1
35,user_0070,1
35,user_0082,1
35,user_0112,1
35,user_0119,1
35,user_0085,1
35,user_0097,1
35,user_0066,1
35,user_0101,1
36,user_0179,2
36,user_0141,2
36,user_0128,2
36,user_0162,2
36,user_0134,2
36,user_0177,2
36,user_0174,2
36,user_0157,2
36,user_0158,2
36,user_0176,2
36,user_0147,2
36,user_0122,2
36,user_0124,2
36,user_0168,2
36,user_0175,2
36,user_0145,2
36,user_0102,2
36,user_0164,2
36,user_0103,2
36,user_0172,2
36,user_0062,2
36,user_0129,2
36,user_0133,2
36,user_0150,2
36,user_0142,2
36,user_0153,2
36,user_0130,2
36,user_0169,2
36,user_0138,2
36,user_0120,2
36,user_0123,2
36,user_0137,2
36,user_0178,2
36,user_0132,2
36,user_0171,2
36,user_0074,2
36,user_0139,2
36,user_0121,2
36,user_0223,2
36,user_0149,2
36,user_0155,2
36,user_0148,2
36,user_0151,2
36,user_0163,2
36,user_0152,2
36,user_0144,2
36,user_0064,2
36,user_0143,2
36,user_0159,2
36,user_0160,2
36,user_0131,2
36,user_0067,2
36,user_0146,2
36,user_0166,2
36,user_0170,2
36,user_0063,2
36,user_0165,2
36,user_0135,2
36,user_0126,2
36,user_0156,2
36,user_0125,2
36,user_0167,2
36,user_0154,2
36,user_0173,2
36,user_0127,2
36,user_0161,2
36,user_0140,2
36,user_0018,0
36,user_0032,0
36,user_0010,0
36,user_0030,0
36,user_0031,0
36,user_0059,0
36,user_0042,0
36,user_0003,0
36,user_0025,0
36,user_0054,0
36,user_0014,0
36,user_0023,0
36,user_0007,0
36,user_0039,0
36,user_0057,0
36,user_0000,0
36,user_0021,0
36,user_0020,0
36,user_0001,0
36,user_0011,0
36,user_0034,0
36,user_0016,0
36,user_0017,0
36,user_0005,0
36,user_0040,0
36,user_0048,0
36,user_0008,0
36,user_0029,0
36,user_0044,0
36,user_0028,0
36,user_0038,0
36,user_0019,0
36,user_0055,0
36,user_0009,0
36,user_0047,0
36,user_0050,0
36,user_0058,0
36,user_0036,0
36,user_0015,0
36,user_0037,0
36,user_0052,0
36,user_0004,0
36,user_0049,0
36,user_0026,0
36,user_0027,0
36,user_0035,0
36,user_0012,0
36,user_0006,0
36,user_0136,0
36,user_0024,0
36,user_0043,0
36,user_0013,0
36,user_0033,0
36,user_0053,0
36,user_0002,0
36,user_0045,0
36,user_0056,0
36,user_0051,0
36,user_0022,0
36,user_0046,0
36,user_0263,5
36,user_0274,5
36,user_0291,5
36,user_0267,5
36,user_0262,5
36,user_0281,5
36,user_0249,5
36,user_0280,5
36,user_0265,5
36,user_0288,5
36,user_0284,5
36,user_0272,5
36,user_0255,5
36,user_0287,5
36,user_0279,5
36,user_0252,5
36,user_0269,5
36,user_0297,5
36,user_0244,5
36,user_0241,5
36,user_0296,5
36,user_0299,5
36,user_0273,5
36,user_0282,5
36,user_0270,5
36,user_0277,5
36,user_0246,5
36,user_0286,5
36,user_0266,5
36,user_0258,5
36,user_0295,5
36,user_0276,5
36,user_0098,5
36,user_0245,5
36,user_0283,5
36,user_0250,5
36,user_0294,5
36,user_0248,5
36,user_0253,5
36,user_0243,5
36,user_0290,5
36,user_0292,5
36,user_0254,5
36,user_0242,5
36,user_0261,5
36,user_0285,5
36,user_0240,5
36,user_0259,5
36,user_0293,5
36,user_0264,5
36,user_0260,5
36,user_0271,5
36,user_0298,5
36,user_0278,5
36,user_0256,5
36,user_0275,5
36,user_0257,5
36,user_0251,5
36,user_0289,5
36,user_0247,5
36,user_0180,4
36,user_0213,4
36,user_0205,4
36,user_0187,4
36,user_0194,4
36,user_0181,4
36,user_0200,4
36,user_0228,4
36,user_0234,4
36,user_0189,4
36,user_0188,4
36,user_0229,4
36,user_0203,4
36,user_0224,4
36,user_0218,4
36,user_0220,4
36,user_0216,4
36,user_0191,4
36,user_0197,4
36,user_0185,4
36,user_0192,4
36,user_0239,4
36,user_0206,4
36,user_0190,4
36,user_0233,4
36,user_0236,4
36,user_0183,4
36,user_0211,4
36,user_0232,4
36,user_0219,4
36,user_0186,4
36,user_0208,4
36,user_0231,4
36,user_0215,4
36,user_0226,4
36,user_0217,4
36,user_0198,4
36,user_0212,4
36,user_0184,4
36,user_0237,4
36,user_0193,4
36,user_0214,4
36,user_0209,4
36,user_0210,4
36,user_0199,4
36,user_0196,4
36,user_0227,4
36,user_0195,4
36,user_0201,4
36,user_0204,4
36,user_0235,4
36,user_0225,4
36,user_0207,4
36,user_0221,4
36,user_0182,4
36,user_0202,4
36,user_0230,4
36,user_0222,4
36,user_0238,4
36,user_0335,3
36,user_0340,3
36,user_0306,3
36,user_0349,3
36,user_0316,3
36,user_0302,3
36,user_0329,3
36,user_0312,3
36,user_0330,3
36,user_0315,3
36,user_0308,3
36,user_0313,3
36,user_0323,3
36,user_0338,3
36,user_0319,3
36,user_0304,3
36,user_0327,3
36,user_0358,3
36,user_0311,3
36,user_0355,3
36,user_0345,3
36,user_0343,3
36,user_0350,3
36,user_0342,3
36,user_0300,3
36,user_0310,3
36,user_0339,3
36,user_0336,3
36,user_0359,3
36,user_0325,3
36,user_0307,3
36,user_0344,3
36,user_0331,3
36,user_0351,3
36,user_0321,3
36,user_0352,3
36,user_0318,3
36,user_0328,3
36,user_0347,3
36,user_0353,3
36,user_0357,3
36,user_0354,3
36,user_0303,3
36,user_0305,3
36,user_0348,3
36,user_0326,3
36,user_0341,3
36,user_0346,3
36,user_0356,3
36,user_0324,3
36,user_0309,3
36,user_0322,3
36,user_0301,3
36,user_0317,3
36,user_0320,3
36,user_0337,3
36,user_0334,3
36,user_0333,3
36,user_0314,3
36,user_0041,1
36,user_0096,1
36,user_0077,1
36,user_0087,1
36,user_0069,1
36,user_0094,1
36,user_0332,1
36,user_0109,1
36,user_0073,1
36,user_0092,1
36,user_0086,1
36,user_0268,1
36,user_0111,1
36,user_0088,1
36,user_0076,1
36,user_0081,1
36,user_0083,1
36,user_0118,1
36,user_0079,1
36,user_0104,1
36,user_0091,1
36,user_0065,1
36,user_0116,1
36,user_0072,1
36,user_0113,1
36,user_0075,1
36,user_0117,1
36,user_0090,1
36,user_0068,1
36,user_0093,1
36,user_0089,1
36,user_0115,1
36,user_0100,1
36,user_0107,1
36,user_0084,1
36,user_0110,1
36,user_0114,1
36,user_0078,1
36,user_0106,1
36,user_0080,1
36,user_0099,1
36,user_0071,1
36,user_0095,1
36,user_0061,1
36,user_0060,1
36,user_0070,1
36,user_0082,1
36,user_0105,1
36,user_0108,1
36,user_0112,1
36,user_0119,1
36,user_0085,1
36,user_0097,1
36,user_0066,1
36,user_0101,1
37,user_0141,1
37,user_0077,1
37,user_0134,1
37,user_0069,1
37,user_0094,1
37,user_0177,1
37,user_0176,1
37,user_0073,1
37,user_0092,1
37,user_0086,1
37,user_0111,1
37,user_0081,1
37,user_0102,1
37,user_0103,1
37,user_0104,1
37,user_0065,1
37,user_0172,1
37,user_0062,1
37,user_0116,1
37,user_0072,1
37,user_0068,1
37,user_0117,1
37,user_0093,1
37,user_0089,1
37,user_0084,1
37,user_0106,1
37,user_0099,1
37,user_0108,1
37,user_0082,1
37,user_0105,1
37,user_0112,1
37,user_0171,1
37,user_0097,1
37,user_0074,1
37,user_0121,1
37,user_0096,1
37,user_0087,1
37,user_0148,1
37,user_0109,1
37,user_0064,1
37,user_0144,1
37,user_0143,1
37,user_0076,1
37,user_0088,1
37,user_0083,1
37,user_0131,1
37,user_0118,1
37,user_0079,1
37,user_0091,1
37,user_0067,1
37,user_0098,1
37,user_0113,1
37,user_0075,1
37,user_0090,1
37,user_0165,1
37,user_0115,1
37,user_0100,1
37,user_0114,1
37,user_0078,1
37,user_0110,1
37,user_0107,1
37,user_0080,1
37,user_0071,1
37,user_0095,1
37,user_0061,1
37,user_0060,1
37,user_0070,1
37,user_0119,1
37,user_0085,1
37,user_0066,1
37,user_0101,1
37,user_0018,0
37,user_0032,0
37,user_0010,0
37,user_0030,0
37,user_0031,0
37,user_0059,0
37,user_0042,0
37,user_0003,0
37,user_0025,0
37,user_0054,0
37,user_0014,0
37,user_0007,0
37,user_0023,0
37,user_0039,0
37,user_0057,0
37,user_0021,0
37,user_0020,0
37,user_0001,0
37,user_0011,0
37,user_0034,0
37,user_0017,0
37,user_0040,0
37,user_0005,0
37,user_0016,0
37,user_0048,0
37,user_0008,0
37,user_0029,0
37,user_0046,0
37,user_0044,0
37,user_0028,0
37,user_0038,0
37,user_0276,0
37,user_0019,0
37,user_0055,0
37,user_0009,0
37,user_0047,0
37,user_0050,0
37,user_0058,0
37,user_0036,0
37,user_0015,0
37,user_0037,0
37,user_0052,0
37,user_0004,0
37,user_0049,0
37,user_0026,0
37,user_0027,0
37,user_0035,0
37,user_0006,0
37,user_0012,0
37,user_0136,0
37,user_0024,0
37,user_0033,0
37,user_0043,0
37,user_0013,0
37,user_0053,0
37,user_0002,0
37,user_0045,0
37,user_0056,0
37,user_0051,0
37,user_0022,0
37,user_0000,0
37,user_0180,4
37,user_0223,4
37,user_0213,4
37,user_0205,4
37,user_0187,4
37,user_0194,4
37,user_0181,4
37,user_0200,4
37,user_0228,4
37,user_0234,4
37,user_0189,4
37,user_0188,4
37,user_0203,4
37,user_0229,4
37,user_0224,4
37,user_0218,4
37,user_0220,4
37,user_0216,4
37,user_0191,4
37,user_0190,4
37,user_0185,4
37,user_0192,4
37,user_0239,4
37,user_0206,4
37,user_0286,4
37,user_0197,4
37,user_0233,4
37,user_0236,4
37,user_0183,4
37,user_0211,4
37,user_0232,4
37,user_0219,4
37,user_0231,4
37,user_0208,4
37,user_0186,4
37,user_0215,4
37,user_0226,4
37,user_0217,4
37,user_0198,4
37,user_0184,4
37,user_0212,4
37,user_0237,4
37,user_0193,4
37,user_0214,4
37,user_0209,4
37,user_0199,4
37,user_0210,4
37,user_0196,4
37,user_0227,4
37,user_0195,4
37,user_0201,4
37,user_0204,4
37,user_0235,4
37,user_0225,4
37,user_0207,4
37,user_0221,4
37,user_0182,4
37,user_0202,4
37,user_0230,4
37,user_0222,4
37,user_0238,4
37,user_0335,3
37,user_0349,3
37,user_0306,3
37,user_0340,3
37,user_0316,3
37,user_0302,3
37,user_0329,3
37,user_0312,3
37,user_0330,3
37,user_0315,3
37,user_0332,3
37,user_0313,3
37,user_0323,3
37,user_0338,3
37,user_0319,3
37,user_0304,3
37,user_0327,3
37,user_0358,3
37,user_0311,3
37,user_0355,3
37,user_0345,3
37,user_0343,3
37,user_0350,3
37,user_0342,3
37,user_0300,3
37,user_0310,3
37,user_0339,3
37,user_0336,3
37,user_0359,3
37,user_0325,3
37,user_0307,3
37,user_0344,3
37,user_0331,3
37,user_0351,3
37,user_0321,3
37,user_0352,3
37,user_0318,3
37,user_0328,3
37,user_0347,3
37,user_0353,3
37,user_0357,3
37,user_0354,3
37,user_0303,3
37,user_0305,3
37,user_0348,3
37,user_0326,3
37,user_0333,3
37,user_0341,3
37,user_0346,3
37,user_0356,3
37,user_0309,3
37,user_0324,3
37,user_0322,3
37,user_0301,3
37,user_0317,3
37,user_0320,3
37,user_0337,3
37,user_0334,3
37,user_0308,3
37,user_0314,3
37,user_0274,5
37,user_0291,5
37,user_0267,5
37,user_0262,5
37,user_0281,5
37,user_0249,5
37,user_0280,5
37,user_0265,5
37,user_0288,5
37,user_0272,5
37,user_0255,5
37,user_0287,5
37,user_0279,5
37,user_0252,5
37,user_0297,5
37,user_0269,5
37,user_0296,5
37,user_0241,5
37,user_0244,5
37,user_0299,5
37,user_0268,5
37,user_0275,5
37,user_0273,5
37,user_0270,5
37,user_0246,5
37,user_0277,5
37,user_0282,5
37,user_0258,5
37,user_0266,5
37,user_0295,5
37,user_0245,5
37,user_0283,5
37,user_0250,5
37,user_0294,5
37,user_0248,5
37,user_0253,5
37,user_0243,5
37,user_0254,5
37,user_0290,5
37,user_0292,5
37,user_0242,5
37,user_0261,5
37,user_0285,5
37,user_0240,5
37,user_0259,5
37,user_0264,5
37,user_0260,5
37,user_0293,5
37,user_0271,5
37,user_0298,5
37,user_0278,5
37,user_0256,5
37,user_0284,5
37,user_0257,5
37,user_0251,5
37,user_0289,5
37,user_0247,5
37,user_0139,2
37,user_0179,2
37,user_0263,2
37,user_0041,2
37,user_0128,2
37,user_0162,2
37,user_0149,2
37,user_0174,2
37,user_0155,2
37,user_0157,2
37,user_0158,2
37,user_0122,2
37,user_0147,2
37,user_0163,2
37,user_0152,2
37,user_0124,2
37,user_0168,2
37,user_0175,2
37,user_0151,2
37,user_0159,2
37,user_0160,2
37,user_0145,2
37,user_0164,2
37,user_0129,2
37,user_0146,2
37,user_0166,2
37,user_0133,2
37,user_0170,2
37,user_0150,2
37,user_0063,2
37,user_0142,2
37,user_0153,2
37,user_0130,2
37,user_0135,2
37,user_0126,2
37,user_0169,2
37,user_0156,2
37,user_0125,2
37,user_0123,2
37,user_0120,2
37,user_0138,2
37,user_0137,2
37,user_0167,2
37,user_0178,2
37,user_0132,2
37,user_0154,2
37,user_0173,2
37,user_0127,2
37,user_0161,2
37,user_0140,2
38,user_0179,2
38,user_0141,2
38,user_0128,2
38,user_0162,2
38,user_0134,2
38,user_0177,2
38,user_0174,2
38,user_0157,2
38,user_0158,2
38,user_0176,2
38,user_0122,2
38,user_0147,2
38,user_0124,2
38,user_0168,2
38,user_0145,2
38,user_0164,2
38,user_0065,2
38,user_0172,2
38,user_0062,2
38,user_0129,2
38,user_0133,2
38,user_0150,2
38,user_0142,2
38,user_0153,2
38,user_0169,2
38,user_0138,2
38,user_0123,2
38,user_0120,2
38,user_0136,2
38,user_0137,2
38,user_0178,2
38,user_0132,2
38,user_0171,2
38,user_0139,2
38,user_0121,2
38,user_0149,2
38,user_0155,2
38,user_0148,2
38,user_0151,2
38,user_0163,2
38,user_0152,2
38,user_0144,2
38,user_0064,2
38,user_0143,2
38,user_0159,2
38,user_0160,2
38,user_0131,2
38,user_0067,2
38,user_0146,2
38,user_0166,2
38,user_0170,2
38,user_0063,2
38,user_0165,2
38,user_0135,2
38,user_0126,2
38,user_0156,2
38,user_0125,2
38,user_0060,2
38,user_0167,2
38,user_0061,2
38,user_0154,2
38,user_0173,2
38,user_0127,2
38,user_0161,2
38,user_0066,2
38,user_0140,2
38,user_0018,0
38,user_0032,0
38,user_0010,0
38,user_0041,0
38,user_0030,0
38,user_0031,0
38,user_0059,0
38,user_0042,0
38,user_0003,0
38,user_0025,0
38,user_0054,0
38,user_0014,0
38,user_0023,0
38,user_0007,0
38,user_0039,0
38,user_0057,0
38,user_0000,0
38,user_0021,0
38,user_0020,0
38,user_0001,0
38,user_0011,0
38,user_0034,0
38,user_0017,0
38,user_0040,0
38,user_0005,0
38,user_0016,0
38,user_0048,0
38,user_0008,0
38,user_0029,0
38,user_0044,0
38,user_0028,0
38,user_0038,0
38,user_0276,0
38,user_0019,0
38,user_0055,0
38,user_0009,0
38,user_0047,0
38,user_0072,0
38,user_0050,0
38,user_0058,0
38,user_0036,0
38,user_0015,0
38,user_0004,0
38,user_0052,0
38,user_0049,0
38,user_0026,0
38,user_0027,0
38,user_0035,0
38,user_0006,0
38,user_0012,0
38,user_0024,0
38,user_0033,0
38,user_0013,0
38,user_0043,0
38,user_0053,0
38,user_0002,0
38,user_0045,0
38,user_0037,0
38,user_0056,0
38,user_0051,0
38,user_0022,0
38,user_0046,0
38,user_0180,4
38,user_0223,4
38,user_0205,4
38,user_0213,4
38,user_0187,4
38,user_0194,4
38,user_0181,4
38,user_0200,4
38,user_0228,4
38,user_0234,4
38,user_0189,4
38,user_0188,4
38,user_0229,4
38,user_0203,4
38,user_0109,4
38,user_0224,4
38,user_0218,4
38,user_0220,4
38,user_0216,4
38,user_0191,4
38,user_0190,4
38,user_0185,4
38,user_0239,4
38,user_0192,4
38,user_0286,4
38,user_0197,4
38,user_0206,4
38,user_0183,4
38,user_0233,4
38,user_0236,4
38,user_0211,4
38,user_0232,4
38,user_0219,4
38,user_0186,4
38,user_0208,4
38,user_0231,4
38,user_0215,4
38,user_0226,4
38,user_0217,4
38,user_0198,4
38,user_0212,4
38,user_0184,4
38,user_0237,4
38,user_0193,4
38,user_0214,4
38,user_0209,4
38,user_0199,4
38,user_0196,4
38,user_0210,4
38,user_0227,4
38,user_0195,4
38,user_0201,4
38,user_0204,4
38,user_0225,4
38,user_0235,4
38,user_0207,4
38,user_0221,4
38,user_0182,4
38,user_0202,4
38,user_0230,4
38,user_0222,4
38,user_0238,4
38,user_0335,3
38,user_0340,3
38,user_0349,3
38,user_0306,3
38,user_0316,3
38,user_0302,3
38,user_0329,3
38,user_0312,3
38,user_0330,3
38,user_0315,3
38,user_0332,3
38,user_0313,3
38,user_0323,3
38,user_0338,3
38,user_0319,3
38,user_0304,3
38,user_0327,3
38,user_0358,3
38,user_0311,3
38,user_0355,3
38,user_0310,3
38,user_0345,3
38,user_0343,3
38,user_0342,3
38,user_0350,3
38,user_0339,3
38,user_0300,3
38,user_0336,3
38,user_0359,3
38,user_0325,3
38,user_0307,3
38,user_0344,3
38,user_0321,3
38,user_0351,3
38,user_0352,3
38,user_0318,3
38,user_0328,3
38,user_0347,3
38,user_0353,3
38,user_0357,3
38,user_0354,3
38,user_0303,3
38,user_0305,3
38,user_0348,3
38,user_0326,3
38,user_0333,3
38,user_0341,3
38,user_0346,3
38,user_0356,3
38,user_0324,3
38,user_0309,3
38,user_0322,3
38,user_0301,3
38,user_0317,3
38,user_0334,3
38,user_0320,3
38,user_0337,3
38,user_0331,3
38,user_0308,3
38,user_0314,3
38,user_0263,5
38,user_0274,5
38,user_0291,5
38,user_0267,5
38,user_0262,5
38,user_0281,5
38,user_0249,5
38,user_0280,5
38,user_0265,5
38,user_0288,5
38,user_0284,5
38,user_0272,5
38,user_0255,5
38,user_0287,5
38,user_0279,5
38,user_0252,5
38,user_0269,5
38,user_0297,5
38,user_0296,5
38,user_0241,5
38,user_0244,5
38,user_0268,5
38,user_0299,5
38,user_0273,5
38,user_0282,5
38,user_0270,5
38,user_0246,5
38,user_0277,5
38,user_0258,5
38,user_0266,5
38,user_0295,5
38,user_0283,5
38,user_0245,5
38,user_0250,5
38,user_0294,5
38,user_0248,5
38,user_0253,5
38,user_0243,5
38,user_0290,5
38,user_0292,5
38,user_0254,5
38,user_0242,5
38,user_0261,5
38,user_0285,5
38,user_0240,5
38,user_0259,5
38,user_0293,5
38,user_0260,5
38,user_0264,5
38,user_0271,5
38,user_0298,5
38,user_0278,5
38,user_0256,5
38,user_0275,5
38,user_0257,5
38,user_0251,5
38,user_0289,5
38,user_0247,5
38,user_0074,1
38,user_0096,1
38,user_0077,1
38,user_0087,1
38,user_0069,1
38,user_0094,1
38,user_0073,1
38,user_0175,1
38,user_0092,1
38,user_0086,1
38,user_0076,1
38,user_0081,1
38,user_0118,1
38,user_0088,1
38,user_0111,1
38,user_0102,1
38,user_0103,1
38,user_0083,1
38,user_0104,1
38,user_0079,1
38,user_0091,1
38,user_0116,1
38,user_0098,1
38,user_0113,1
38,user_0075,1
38,user_0068,1
38,user_0090,1
38,user_0117,1
38,user_0093,1
38,user_0089,1
38,user_0115,1
38,user_0130,1
38,user_0100,1
38,user_0114,1
38,user_0078,1
38,user_0107,1
38,user_0110,1
38,user_0084,1
38,user_0106,1
38,user_0080,1
38,user_0099,1
38,user_0071,1
38,user_0095,1
38,user_0105,1
38,user_0108,1
38,user_0070,1
38,user_0082,1
38,user_0119,1
38,user_0112,1
38,user_0085,1
38,user_0097,1
38,user_0101,1
39,user_0179,2
39,user_0141,2
39,user_0128,2
39,user_0162,2
39,user_0134,2
39,user_0177,2
39,user_0174,2
39,user_0157,2
39,user_0158,2
39,user_0176,2
39,user_0147,2
39,user_0122,2
39,user_0124,2
39,user_0168,2
39,user_0175,2
39,user_0145,2
39,user_0164,2
39,user_0065,2
39,user_0172,2
39,user_0062,2
39,user_0129,2
39,user_0133,2
39,user_0150,2
39,user_0142,2
39,user_0153,2
39,user_0130,2
39,user_0169,2
39,user_0123,2
39,user_0120,2
39,user_0138,2
39,user_0136,2
39,user_0137,2
39,user_0178,2
39,user_0132,2
39,user_0171,2
39,user_0139,2
39,user_0121,2
39,user_0149,2
39,user_0155,2
39,user_0148,2
39,user_0151,2
39,user_0163,2
39,user_0152,2
39,user_0144,2
39,user_0064,2
39,user_0143,2
39,user_0159,2
39,user_0160,2
39,user_0131,2
39,user_0067,2
39,user_0146,2
39,user_0166,2
39,user_0170,2
39,user_0063,2
39,user_0165,2
39,user_0135,2
39,user_0126,2
39,user_0156,2
39,user_0125,2
39,user_0060,2
39,user_0167,2
39,user_0061,2
39,user_0154,2
39,user_0173,2
39,user_0127,2
39,user_0161,2
39,user_0066,2
39,user_0140,2
39,user_0018,0
39,user_0032,0
39,user_0010,0
39,user_0041,0
39,user_0030,0
39,user_0031,0
39,user_0059,0
39,user_0042,0
39,user_0003,0
39,user_0025,0
39,user_0054,0
39,user_0014,0
39,user_0007,0
39,user_0023,0
39,user_0039,0
39,user_0000,0
39,user_0057,0
39,user_0021,0
39,user_0020,0
39,user_0001,0
39,user_0011,0
39,user_0034,0
39,user_0016,0
39,user_0040,0
39,user_0017,0
39,user_0005,0
39,user_0048,0
39,user_0008,0
39,user_0046,0
39,user_0029,0
39,user_0044,0
39,user_0038,0
39,user_0009,0
39,user_0055,0
39,user_0019,0
39,user_0047,0
39,user_0050,0
39,user_0058,0
39,user_0036,0
39,user_0015,0
39,user_0052,0
39,user_0004,0
39,user_0049,0
39,user_0026,0
39,user_0027,0
39,user_0035,0
39,user_0012,0
39,user_0006,0
39,user_0024,0
39,user_0033,0
39,user_0013,0
39,user_0053,0
39,user_0043,0
39,user_0002,0
39,user_0045,0
39,user_0037,0
39,user_0056,0
39,user_0051,0
39,user_0022,0
39,user_0028,0
39,user_0263,5
39,user_0274,5
39,user_0291,5
39,user_0267,5
39,user_0262,5
39,user_0281,5
39,user_0249,5
39,user_0280,5
39,user_0265,5
39,user_0284,5
39,user_0288,5
39,user_0272,5
39,user_0255,5
39,user_0287,5
39,user_0279,5
39,user_0252,5
39,user_0269,5
39,user_0244,5
39,user_0296,5
39,user_0241,5
39,user_0297,5
39,user_0268,5
39,user_0299,5
39,user_0286,5
39,user_0273,5
39,user_0270,5
39,user_0246,5
39,user_0282,5
39,user_0275,5
39,user_0277,5
39,user_0258,5
39,user_0266,5
39,user_0295,5
39,user_0276,5
39,user_0283,5
39,user_0245,5
39,user_0250,5
39,user_0294,5
39,user_0248,5
39,user_0253,5
39,user_0243,5
39,user_0254,5
39,user_0290,5
39,user_0242,5
39,user_0261,5
39,user_0285,5
39,user_0240,5
39,user_0260,5
39,user_0293,5
39,user_0264,5
39,user_0259,5
39,user_0324,5
39,user_0271,5
39,user_0298,5
39,user_0256,5
39,user_0278,5
39,user_0257,5
39,user_0251,5
39,user_0289,5
39,user_0247,5
39,user_0335,3
39,user_0349,3
39,user_0340,3
39,user_0306,3
39,user_0316,3
39,user_0302,3
39,user_0329,3
39,user_0312,3
39,user_0330,3
39,user_0315,3
39,user_0332,3
39,user_0313,3
39,user_0323,3
39,user_0308,3
39,user_0338,3
39,user_0319,3
39,user_0304,3
39,user_0327,3
39,user_0358,3
39,user_0311,3
39,user_0310,3
39,user_0355,3
39,user_0345,3
39,user_0350,3
39,user_0343,3
39,user_0300,3
39,user_0339,3
39,user_0342,3
39,user_0336,3
39,user_0359,3
39,user_0325,3
39,user_0307,3
39,user_0344,3
39,user_0331,3
39,user_0351,3
39,user_0321,3
39,user_0352,3
39,user_0318,3
39,user_0328,3
39,user_0347,3
39,user_0353,3
39,user_0357,3
39,user_0354,3
39,user_0303,3
39,user_0305,3
39,user_0348,3
39,user_0326,3
39,user_0341,3
39,user_0346,3
39,user_0356,3
39,user_0309,3
39,user_0322,3
39,user_0301,3
39,user_0317,3
39,user_0320,3
39,user_0337,3
39,user_0334,3
39,user_0333,3
39,user_0314,3
39,user_0180,4
39,user_0223,4
39,user_0205,4
39,user_0213,4
39,user_0194,4
39,user_0187,4
39,user_0181,4
39,user_0200,4
39,user_0228,4
39,user_0234,4
39,user_0189,4
39,user_0188,4
39,user_0229,4
39,user_0224,4
39,user_0218,4
39,user_0220,4
39,user_0216,4
39,user_0190,4
39,user_0191,4
39,user_0185,4
39,user_0192,4
39,user_0239,4
39,user_0206,4
39,user_0197,4
39,user_0183,4
39,user_0233,4
39,user_0211,4
39,user_0232,4
39,user_0219,4
39,user_0231,4
39,user_0208,4
39,user_0186,4
39,user_0215,4
39,user_0226,4
39,user_0217,4
39,user_0198,4
39,user_0184,4
39,user_0212,4
39,user_0237,4
39,user_0193,4
39,user_0214,4
39,user_0209,4
39,user_0199,4
39,user_0196,4
39,user_0210,4
39,user_0227,4
39,user_0195,4
39,user_0201,4
39,user_0204,4
39,user_0235,4
39,user_0225,4
39,user_0207,4
39,user_0221,4
39,user_0182,4
39,user_0202,4
39,user_0230,4
39,user_0222,4
39,user_0238,4
39,user_0074,1
39,user_0096,1
39,user_0077,1
39,user_0087,1
39,user_0069,1
39,user_0094,1
39,user_0109,1
39,user_0073,1
39,user_0092,1
39,user_0086,1
39,user_0076,1
39,user_0088,1
39,user_0083,1
39,user_0081,1
39,user_0118,1
39,user_0102,1
39,user_0104,1
39,user_0079,1
39,user_0103,1
39,user_0091,1
39,user_0116,1
39,user_0098,1
39,user_0072,1
39,user_0113,1
39,user_0075,1
39,user_0068,1
39,user_0090,1
39,user_0117,1
39,user_0093,1
39,user_0111,1
39,user_0089,1
39,user_0115,1
39,user_0100,1
39,user_0107,1
39,user_0114,1
39,user_0084,1
39,user_0078,1
39,user_0110,1
39,user_0292,1
39,user_0106,1
39,user_0080,1
39,user_0099,1
39,user_0071,1
39,user_0095,1
39,user_0108,1
39,user_0082,1
39,user_0105,1
39,user_0070,1
39,user_0112,1
39,user_0119,1
39,user_0085,1
39,user_0097,1
39,user_0101,1
40,user_0179,2
40,user_0141,2
40,user_0128,2
40,user_0162,2
40,user_0134,2
40,user_0177,2
40,user_0174,2
40,user_0157,2
40,user_0158,2
40,user_0176,2
40,user_0122,2
40,user_0147,2
40,user_0124,2
40,user_0168,2
40,user_0175,2
40,user_0145,2
40,user_0164,2
40,user_0065,2
40,user_0172,2
40,user_0062,2
40,user_0129,2
40,user_0133,2
40,user_0150,2
40,user_0142,2
40,user_0153,2
40,user_0130,2
40,user_0123,2
40,user_0136,2
40,user_0138,2
40,user_0120,2
40,user_0137,2
40,user_0178,2
40,user_0132,2
40,user_0171,2
40,user_0139,2
40,user_0121,2
40,user_0149,2
40,user_0155,2
40,user_0148,2
40,user_0151,2
40,user_0163,2
40,user_0152,2
40,user_0144,2
40,user_0064,2
40,user_0143,2
40,user_0159,2
40,user_0160,2
40,user_0131,2
40,user_0067,2
40,user_0146,2
40,user_0166,2
40,user_0170,2
40,user_0063,2
40,user_0165,2
40,user_0135,2
40,user_0126,2
40,user_0156,2
40,user_0125,2
40,user_0167,2
40,user_0060,2
40,user_0061,2
40,user_0154,2
40,user_0173,2
40,user_0127,2
40,user_0161,2
40,user_0066,2
40,user_0140,2
40,user_0018,0
40,user_0032,0
40,user_0010,0
40,user_0041,0
40,user_0030,0
40,user_0031,0
40,user_0059,0
40,user_0042,0
40,user_0003,0
40,user_0025,0
40,user_0054,0
40,user_0014,0
40,user_0007,0
40,user_0023,0
40,user_0039,0
40,user_0057,0
40,user_0021,0
40,user_0020,0
40,user_0001,0
40,user_0011,0
40,user_0034,0
40,user_0016,0
40,user_0040,0
40,user_0017,0
40,user_0005,0
40,user_0048,0
40,user_0083,0
40,user_0008,0
40,user_0046,0
40,user_0029,0
40,user_0044,0
40,user_0028,0
40,user_0038,0
40,user_0019,0
40,user_0055,0
40,user_0009,0
40,user_0047,0
40,user_0050,0
40,user_0058,0
40,user_0036,0
40,user_0015,0
40,user_0004,0
40,user_0052,0
40,user_0049,0
40,user_0169,0
40,user_0026,0
40,user_0027,0
40,user_0035,0
40,user_0006,0
40,user_0012,0
40,user_0024,0
40,user_0043,0
40,user_0013,0
40,user_0053,0
40,user_0033,0
40,user_0002,0
40,user_0045,0
40,user_0037,0
40,user_0056,0
40,user_0051,0
40,user_0022,0
40,user_0000,0
40,user_0263,5
40,user_0274,5
40,user_0291,5
40,user_0262,5
40,user_0267,5
40,user_0281,5
40,user_0249,5
40,user_0280,5
40,user_0265,5
40,user_0288,5
40,user_0272,5
40,user_0255,5
40,user_0287,5
40,user_0279,5
40,user_0252,5
40,user_0269,5
40,user_0244,5
40,user_0296,5
40,user_0241,5
40,user_0297,5
40,user_0268,5
40,user_0299,5
40,user_0273,5
40,user_0286,5
40,user_0270,5
40,user_0246,5
40,user_0282,5
40,user_0277,5
40,user_0275,5
40,user_0258,5
40,user_0266,5
40,user_0276,5
40,user_0295,5
40,user_0283,5
40,user_0245,5
40,user_0250,5
40,user_0294,5
40,user_0248,5
40,user_0253,5
40,user_0243,5
40,user_0290,5
40,user_0254,5
40,user_0292,5
40,user_0242,5
40,user_0261,5
40,user_0285,5
40,user_0240,5
40,user_0260,5
40,user_0293,5
40,user_0264,5
40,user_0259,5
40,user_0271,5
40,user_0324,5
40,user_0298,5
40,user_0278,5
40,user_0256,5
40,user_0284,5
40,user_0257,5
40,user_0251,5
40,user_0289,5
40,user_0247,5
40,user_0335,3
40,user_0340,3
40,user_0306,3
40,user_0349,3
40,user_0316,3
40,user_0302,3
40,user_0329,3
40,user_0312,3
40,user_0330,3
40,user_0315,3
40,user_0332,3
40,user_0313,3
40,user_0323,3
40,user_0338,3
40,user_0319,3
40,user_0304,3
40,user_0327,3
40,user_0358,3
40,user_0311,3
40,user_0355,3
40,user_0345,3
40,user_0350,3
40,user_0343,3
40,user_0342,3
40,user_0300,3
40,user_0339,3
40,user_0310,3
40,user_0336,3
40,user_0359,3
40,user_0325,3
40,user_0307,3
40,user_0344,3
40,user_0331,3
40,user_0351,3
40,user_0321,3
40,user_0352,3
40,user_0318,3
40,user_0328,3
40,user_0347,3
40,user_0353,3
40,user_0357,3
40,user_0354,3
40,user_0303,3
40,user_0305,3
40,user_0348,3
40,user_0326,3
40,user_0333,3
40,user_0341,3
40,user_0346,3
40,user_0356,3
40,user_0309,3
40,user_0322,3
40,user_0301,3
40,user_0317,3
40,user_0320,3
40,user_0337,3
40,user_0334,3
40,user_0308,3
40,user_0314,3
40,user_0180,4
40,user_0223,4
40,user_0205,4
40,user_0213,4
40,user_0187,4
40,user_0194,4
40,user_0181,4
40,user_0200,4
40,user_0228,4
40,user_0234,4
40,user_0189,4
40,user_0188,4
40,user_0229,4
40,user_0203,4
40,user_0224,4
40,user_0218,4
40,user_0220,4
40,user_0216,4
40,user_0190,4
40,user_0191,4
40,user_0185,4
40,user_0192,4
40,user_0239,4
40,user_0206,4
40,user_0197,4
40,user_0183,4
40,user_0233,4
40,user_0236,4
40,user_0211,4
40,user_0232,4
40,user_0219,4
40,user_0231,4
40,user_0208,4
40,user_0215,4
40,user_0226,4
40,user_0221,4
40,user_0217,4
40,user_0198,4
40,user_0184,4
40,user_0212,4
40,user_0237,4
40,user_0193,4
40,user_0214,4
40,user_0210,4
40,user_0196,4
40,user_0199,4
40,user_0227,4
40,user_0195,4
40,user_0201,4
40,user_0204,4
40,user_0235,4
40,user_0225,4
40,user_0207,4
40,user_0209,4
40,user_0182,4
40,user_0202,4
40,user_0230,4
40,user_0222,4
40,user_0238,4
40,user_0074,1
40,user_0096,1
40,user_0077,1
40,user_0087,1
40,user_0069,1
40,user_0094,1
40,user_0109,1
40,user_0073,1
40,user_0092,1
40,user_0086,1
40,user_0076,1
40,user_0081,1
40,user_0118,1
40,user_0111,1
40,user_0088,1
40,user_0102,1
40,user_0103,1
40,user_0104,1
40,user_0079,1
40,user_0091,1
40,user_0116,1
40,user_0098,1
40,user_0072,1
40,user_0186,1
40,user_0113,1
40,user_0075,1
40,user_0068,1
40,user_0090,1
40,user_0117,1
40,user_0093,1
40,user_0089,1
40,user_0115,1
40,user_0100,1
40,user_0114,1
40,user_0078,1
40,user_0107,1
40,user_0084,1
40,user_0110,1
40,user_0106,1
40,user_0080,1
40,user_0099,1
40,user_0071,1
40,user_0095,1
40,user_0070,1
40,user_0105,1
40,user_0108,1
40,user_0082,1
40,user_0119,1
40,user_0112,1
40,user_0085,1
40,user_0097,1
40,user_0101,1
41,user_0179,2
41,user_0141,2
41,user_0128,2
41,user_0162,2
41,user_0134,2
41,user_0177,2
41,user_0174,2
41,user_0157,2
41,user_0158,2
41,user_0176,2
41,user_0122,2
41,user_0147,2
41,user_0124,2
41,user_0168,2
41,user_0175,2
41,user_0145,2
41,user_0164,2
41,user_0065,2
41,user_0172,2
41,user_0062,2
41,user_0129,2
41,user_0133,2
41,user_0150,2
41,user_0142,2
41,user_0153,2
41,user_0130,2
41,user_0123,2
41,user_0136,2
41,user_0138,2
41,user_0120,2
41,user_0137,2
41,user_0178,2
41,user_0132,2
41,user_0171,2
41,user_0139,2
41,user_0121,2
41,user_0149,2
41,user_0155,2
41,user_0148,2
41,user_0151,2
41,user_0163,2
41,user_0152,2
41,user_0064,2
41,user_0144,2
41,user_0143,2
41,user_0159,2
41,user_0160,2
41,user_0131,2
41,user_0118,2
41,user_0067,2
41,user_0146,2
41,user_0166,2
41,user_0170,2
41,user_0063,2
41,user_0165,2
41,user_0135,2
41,user_0126,2
41,user_0156,2
41,user_0125,2
41,user_0167,2
41,user_0061,2
41,user_0060,2
41,user_0154,2
41,user_0173,2
41,user_0127,2
41,user_0161,2
41,user_0066,2
41,user_0140,2
41,user_0018,0
41,user_0032,0
41,user_0010,0
41,user_0041,0
41,user_0030,0
41,user_0031,0
41,user_0059,0
41,user_0042,0
41,user_0003,0
41,user_0025,0
41,user_0054,0
41,user_0014,0
41,user_0007,0
41,user_0023,0
41,user_0039,0
41,user_0057,0
41,user_0021,0
41,user_0020,0
41,user_0001,0
41,user_0011,0
41,user_0034,0
41,user_0016,0
41,user_0040,0
41,user_0005,0
41,user_0017,0
41,user_0048,0
41,user_0008,0
41,user_0046,0
41,user_0029,0
41,user_0044,0
41,user_0028,0
41,user_0038,0
41,user_0019,0
41,user_0009,0
41,user_0055,0
41,user_0047,0
41,user_0050,0
41,user_0058,0
41,user_0036,0
41,user_0015,0
41,user_0052,0
41,user_0004,0
41,user_0049,0
41,user_0169,0
41,user_0026,0
41,user_0027,0
41,user_0035,0
41,user_0012,0
41,user_0006,0
41,user_0024,0
41,user_0033,0
41,user_0043,0
41,user_0013,0
41,user_0053,0
41,user_0002,0
41,user_0045,0
41,user_0037,0
41,user_0056,0
41,user_0051,0
41,user_0022,0
41,user_0000,0
41,user_0335,3
41,user_0349,3
41,user_0306,3
41,user_0340,3
41,user_0316,3
41,user_0302,3
41,user_0329,3
41,user_0312,3
41,user_0330,3
41,user_0315,3
41,user_0308,3
41,user_0313,3
41,user_0323,3
41,user_0332,3
41,user_0338,3
41,user_0319,3
41,user_0304,3
41,user_0327,3
41,user_0358,3
41,user_0311,3
41,user_0310,3
41,user_0355,3
41,user_0343,3
41,user_0350,3
41,user_0342,3
41,user_0300,3
41,user_0339,3
41,user_0345,3
41,user_0336,3
41,user_0359,3
41,user_0325,3
41,user_0307,3
41,user_0344,3
41,user_0331,3
41,user_0321,3
41,user_0351,3
41,user_0352,3
41,user_0318,3
41,user_0328,3
41,user_0347,3
41,user_0353,3
41,user_0357,3
41,user_0354,3
41,user_0303,3
41,user_0305,3
41,user_0348,3
41,user_0326,3
41,user_0341,3
41,user_0346,3
41,user_0356,3
41,user_0324,3
41,user_0309,3
41,user_0322,3
41,user_0301,3
41,user_0317,3
41,user_0320,3
41,user_0337,3
41,user_0334,3
41,user_0333,3
41,user_0314,3
41,user_0180,4
41,user_0291,4
41,user_0213,4
41,user_0205,4
41,user_0223,4
41,user_0187,4
41,user_0194,4
41,user_0181,4
41,user_0200,4
41,user_0228,4
41,user_0234,4
41,user_0189,4
41,user_0188,4
41,user_0203,4
41,user_0229,4
41,user_0224,4
41,user_0218,4
41,user_0220,4
41,user_0216,4
41,user_0197,4
41,user_0190,4
41,user_0239,4
41,user_0192,4
41,user_0206,4
41,user_0183,4
41,user_0236,4
41,user_0233,4
41,user_0211,4
41,user_0232,4
41,user_0219,4
41,user_0186,4
41,user_0208,4
41,user_0231,4
41,user_0215,4
41,user_0226,4
41,user_0217,4
41,user_0198,4
41,user_0184,4
41,user_0212,4
41,user_0237,4
41,user_0193,4
41,user_0214,4
41,user_0209,4
41,user_0199,4
41,user_0196,4
41,user_0210,4
41,user_0227,4
41,user_0195,4
41,user_0201,4
41,user_0225,4
41,user_0235,4
41,user_0204,4
41,user_0207,4
41,user_0221,4
41,user_0182,4
41,user_0202,4
41,user_0230,4
41,user_0222,4
41,user_0238,4
41,user_0274,5
41,user_0262,5
41,user_0096,5
41,user_0281,5
41,user_0249,5
41,user_0280,5
41,user_0265,5
41,user_0288,5
41,user_0272,5
41,user_0255,5
41,user_0287,5
41,user_0279,5
41,user_0252,5
41,user_0269,5
41,user_0244,5
41,user_0296,5
41,user_0241,5
41,user_0297,5
41,user_0299,5
41,user_0268,5
41,user_0275,5
41,user_0282,5
41,user_0270,5
41,user_0286,5
41,user_0273,5
41,user_0246,5
41,user_0277,5
41,user_0258,5
41,user_0266,5
41,user_0276,5
41,user_0295,5
41,user_0283,5
41,user_0245,5
41,user_0250,5
41,user_0294,5
41,user_0248,5
41,user_0253,5
41,user_0243,5
41,user_0254,5
41,user_0292,5
41,user_0290,5
41,user_0242,5
41,user_0261,5
41,user_0285,5
41,user_0240,5
41,user_0260,5
41,user_0293,5
41,user_0264,5
41,user_0259,5
41,user_0271,5
41,user_0298,5
41,user_0278,5
41,user_0256,5
41,user_0284,5
41,user_0257,5
41,user_0289,5
41,user_0247,5
41,user_0074,1
41,user_0263,1
41,user_0267,1
41,user_0077,1
41,user_0087,1
41,user_0069,1
41,user_0094,1
41,user_0109,1
41,user_0073,1
41,user_0092,1
41,user_0086,1
41,user_0191,1
41,user_0076,1
41,user_0081,1
41,user_0185,1
41,user_0083,1
41,user_0111,1
41,user_0102,1
41,user_0079,1
41,user_0104,1
41,user_0088,1
41,user_0091,1
41,user_0103,1
41,user_0116,1
41,user_0098,1
41,user_0072,1
41,user_0113,1
41,user_0075,1
41,user_0117,1
41,user_0068,1
41,user_0090,1
41,user_0093,1
41,user_0089,1
41,user_0115,1
41,user_0100,1
41,user_0107,1
41,user_0078,1
41,user_0084,1
41,user_0114,1
41,user_0110,1
41,user_0106,1
41,user_0080,1
41,user_0099,1
41,user_0071,1
41,user_0095,1
41,user_0105,1
41,user_0082,1
41,user_0108,1
41,user_0070,1
41,user_0112,1
41,user_0119,1
41,user_0085,1
41,user_0097,1
41,user_0251,1
41,user_0101,1
42,user_0179,2
42,user_0141,2
42,user_0128,2
42,user_0162,2
42,user_0134,2
42,user_0177,2
42,user_0174,2
42,user_0157,2
42,user_0158,2
42,user_0176,2
42,user_0147,2
42,user_0122,2
42,user_0124,2
42,user_0168,2
42,user_0175,2
42,user_0145,2
42,user_0164,2
42,user_0065,2
42,user_0172,2
42,user_0062,2
42,user_0129,2
42,user_0133,2
42,user_0150,2
42,user_0142,2
42,user_0153,2
42,user_0130,2
42,user_0292,2
42,user_0169,2
42,user_0138,2
42,user_0136,2
42,user_0120,2
42,user_0260,2
42,user_0123,2
42,user_0137,2
42,user_0108,2
42,user_0178,2
42,user_0132,2
42,user_0171,2
42,user_0251,2
42,user_0139,2
42,user_0121,2
42,user_0149,2
42,user_0155,2
42,user_0148,2
42,user_0151,2
42,user_0163,2
42,user_0152,2
42,user_0144,2
42,user_0064,2
42,user_0143,2
42,user_0159,2
42,user_0160,2
42,user_0131,2
42,user_0067,2
42,user_0146,2
42,user_0166,2
42,user_0170,2
42,user_0063,2
42,user_0165,2
42,user_0135,2
42,user_0126,2
42,user_0156,2
42,user_0125,2
42,user_0060,2
42,user_0167,2
42,user_0061,2
42,user_0154,2
42,user_0173,2
42,user_0127,2
42,user_0161,2
42,user_0066,2
42,user_0140,2
42,user_0018,0
42,user_0032,0
42,user_0010,0
42,user_0041,0
42,user_0030,0
42,user_0031,0
42,user_0059,0
42,user_0042,0
42,user_0003,0
42,user_0025,0
42,user_0054,0
42,user_0014,0
42,user_0007,0
42,user_0023,0
42,user_0039,0
42,user_0057,0
42,user_0000,0
42,user_0021,0
42,user_0020,0
42,user_0001,0
42,user_0011,0
42,user_0034,0
42,user_0016,0
42,user_0040,0
42,user_0005,0
42,user_0017,0
42,user_0048,0
42,user_0008,0
42,user_0029,0
42,user_0044,0
42,user_0028,0
42,user_0038,0
42,user_0009,0
42,user_0055,0
42,user_0019,0
42,user_0047,0
42,user_0050,0
42,user_0058,0
42,user_0036,0
42,user_0015,0
42,user_0052,0
42,user_0004,0
42,user_0049,0
42,user_0026,0
42,user_0027,0
42,user_0035,0
42,user_0006,0
42,user_0012,0
42,user_0024,0
42,user_0033,0
42,user_0043,0
42,user_0053,0
42,user_0013,0
42,user_0045,0
42,user_0002,0
42,user_0037,0
42,user_0056,0
42,user_0051,0
42,user_0022,0
42,user_0046,0
42,user_0335,3
42,user_0349,3
42,user_0306,3
42,user_0340,3
42,user_0316,3
42,user_0302,3
42,user_0329,3
42,user_0312,3
42,user_0330,3
42,user_0315,3
42,user_0308,3
42,user_0313,3
42,user_0332,3
42,user_0323,3
42,user_0338,3
42,user_0319,3
42,user_0304,3
42,user_0327,3
42,user_0358,3
42,user_0311,3
42,user_0355,3
42,user_0345,3
42,user_0350,3
42,user_0310,3
42,user_0342,3
42,user_0300,3
42,user_0339,3
42,user_0343,3
42,user_0336,3
42,user_0359,3
42,user_0325,3
42,user_0331,3
42,user_0307,3
42,user_0344,3
42,user_0351,3
42,user_0321,3
42,user_0352,3
42,user_0318,3
42,user_0328,3
42,user_0347,3
42,user_0353,3
42,user_0357,3
42,user_0354,3
42,user_0303,3
42,user_0305,3
42,user_0348,3
42,user_0326,3
42,user_0341,3
42,user_0346,3
42,user_0356,3
42,user_0309,3
42,user_0324,3
42,user_0322,3
42,user_0301,3
42,user_0317,3
42,user_0320,3
42,user_0337,3
42,user_0334,3
42,user_0333,3
42,user_0314,3
42,user_0180,4
42,user_0223,4
42,user_0205,4
42,user_0213,4
42,user_0194,4
42,user_0187,4
42,user_0181,4
42,user_0200,4
42,user_0228,4
42,user_0234,4
42,user_0189,4
42,user_0182,4
42,user_0188,4
42,user_0203,4
42,user_0229,4
42,user_0224,4
42,user_0218,4
42,user_0220,4
42,user_0216,4
42,user_0190,4
42,user_0191,4
42,user_0206,4
42,user_0192,4
42,user_0185,4
42,user_0197,4
42,user_0239,4
42,user_0233,4
42,user_0236,4
42,user_0183,4
42,user_0211,4
42,user_0232,4
42,user_0231,4
42,user_0208,4
42,user_0186,4
42,user_0215,4
42,user_0226,4
42,user_0217,4
42,user_0198,4
42,user_0184,4
42,user_0212,4
42,user_0237,4
42,user_0193,4
42,user_0214,4
42,user_0209,4
42,user_0210,4
42,user_0199,4
42,user_0196,4
42,user_0227,4
42,user_0195,4
42,user_0201,4
42,user_0225,4
42,user_0235,4
42,user_0204,4
42,user_0207,4
42,user_0221,4
42,user_0219,4
42,user_0202,4
42,user_0230,4
42,user_0222,4
42,user_0238,4
42,user_0263,5
42,user_0274,5
42,user_0262,5
42,user_0267,5
42,user_0291,5
42,user_0281,5
42,user_0280,5
42,user_0249,5
42,user_0265,5
42,user_0288,5
42,user_0272,5
42,user_0255,5
42,user_0287,5
42,user_0279,5
42,user_0297,5
42,user_0269,5
42,user_0244,5
42,user_0296,5
42,user_0241,5
42,user_0252,5
42,user_0299,5
42,user_0268,5
42,user_0275,5
42,user_0286,5
42,user_0273,5
42,user_0246,5
42,user_0282,5
42,user_0270,5
42,user_0277,5
42,user_0266,5
42,user_0258,5
42,user_0276,5
42,user_0295,5
42,user_0245,5
42,user_0283,5
42,user_0250,5
42,user_0248,5
42,user_0253,5
42,user_0243,5
42,user_0254,5
42,user_0290,5
42,user_0242,5
42,user_0261,5
42,user_0285,5
42,user_0240,5
42,user_0259,5
42,user_0264,5
42,user_0293,5
42,user_0271,5
42,user_0298,5
42,user_0278,5
42,user_0256,5
42,user_0284,5
42,user_0257,5
42,user_0289,5
42,user_0247,5
42,user_0074,1
42,user_0096,1
42,user_0077,1
42,user_0087,1
42,user_0069,1
42,user_0094,1
42,user_0109,1
42,user_0073,1
42,user_0092,1
42,user_0086,1
42,user_0076,1
42,user_0111,1
42,user_0088,1
42,user_0118,1
42,user_0081,1
42,user_0102,1
42,user_0079,1
42,user_0104,1
42,user_0103,1
42,user_0091,1
42,user_0083,1
42,user_0116,1
42,user_0098,1
42,user_0072,1
42,user_0113,1
42,user_0075,1
42,user_0117,1
42,user_0068,1
42,user_0090,1
42,user_0093,1
42,user_0089,1
42,user_0115,1
42,user_0100,1
42,user_0114,1
42,user_0110,1
42,user_0078,1
42,user_0084,1
42,user_0107,1
42,user_0106,1
42,user_0080,1
42,user_0099,1
42,user_0071,1
42,user_0095,1
42,user_0070,1
42,user_0082,1
42,user_0105,1
42,user_0112,1
42,user_0119,1
42,user_0085,1
42,user_0097,1
42,user_0101,1
43,user_0179,2
43,user_0141,2
43,user_0128,2
43,user_0162,2
43,user_0134,2
43,user_0177,2
43,user_0174,2
43,user_0157,2
43,user_0158,2
43,user_0176,2
43,user_0122,2
43,user_0147,2
43,user_0124,2
43,user_0168,2
43,user_0175,2
43,user_0145,2
43,user_0164,2
43,user_0065,2
43,user_0172,2
43,user_0062,2
43,user_0129,2
43,user_0133,2
43,user_0150,2
43,user_0142,2
43,user_0153,2
43,user_0130,2
43,user_0169,2
43,user_0123,2
43,user_0120,2
43,user_0136,2
43,user_0138,2
43,user_0137,2
43,user_0178,2
43,user_0132,2
43,user_0171,2
43,user_0139,2
43,user_0121,2
43,user_0149,2
43,user_0155,2
43,user_0148,2
43,user_0151,2
43,user_0163,2
43,user_0152,2
43,user_0064,2
43,user_0144,2
43,user_0143,2
43,user_0159,2
43,user_0160,2
43,user_0131,2
43,user_0067,2
43,user_0146,2
43,user_0166,2
43,user_0170,2
43,user_0063,2
43,user_0165,2
43,user_0135,2
43,user_0126,2
43,user_0156,2
43,user_0125,2
43,user_0060,2
43,user_0061,2
43,user_0167,2
43,user_0154,2
43,user_0173,2
43,user_0127,2
43,user_0161,2
43,user_0066,2
43,user_0140,2
43,user_0180,4
43,user_0223,4
43,user_0205,4
43,user_0213,4
43,user_0030,4
43,user_0194,4
43,user_0187,4
43,user_0181,4
43,user_0200,4
43,user_0228,4
43,user_0234,4
43,user_0189,4
43,user_0188,4
43,user_0229,4
43,user_0203,4
43,user_0218,4
43,user_0220,4
43,user_0216,4
43,user_0191,4
43,user_0190,4
43,user_0185,4
43,user_0206,4
43,user_0239,4
43,user_0197,4
43,user_0192,4
43,user_0183,4
43,user_0233,4
43,user_0091,4
43,user_0211,4
43,user_0232,4
43,user_0236,4
43,user_0219,4
43,user_0186,4
43,user_0208,4
43,user_0231,4
43,user_0215,4
43,user_0226,4
43,user_0221,4
43,user_0217,4
43,user_0198,4
43,user_0184,4
43,user_0212,4
43,user_0237,4
43,user_0193,4
43,user_0214,4
43,user_0199,4
43,user_0210,4
43,user_0196,4
43,user_0227,4
43,user_0195,4
43,user_0201,4
43,user_0225,4
43,user_0235,4
43,user_0204,4
43,user_0207,4
43,user_0209,4
43,user_0182,4
43,user_0202,4
43,user_0230,4
43,user_0222,4
43,user_0238,4
43,user_0335,3
43,user_0340,3
43,user_0306,3
43,user_0349,3
43,user_0316,3
43,user_0302,3
43,user_0329,3
43,user_0312,3
43,user_0330,3
43,user_0315,3
43,user_0332,3
43,user_0313,3
43,user_0323,3
43,user_0338,3
43,user_0319,3
43,user_0304,3
43,user_0327,3
43,user_0358,3
43,user_0311,3
43,user_0310,3
43,user_0345,3
43,user_0343,3
43,user_0355,3
43,user_0342,3
43,user_0300,3
43,user_0339,3
43,user_0350,3
43,user_0336,3
43,user_0359,3
43,user_0325,3
43,user_0307,3
43,user_0344,3
43,user_0351,3
43,user_0321,3
43,user_0352,3
43,user_0318,3
43,user_0328,3
43,user_0347,3
43,user_0353,3
43,user_0357,3
43,user_0354,3
43,user_0303,3
43,user_0305,3
43,user_0348,3
43,user_0326,3
43,user_0333,3
43,user_0341,3
43,user_0346,3
43,user_0356,3
43,user_0309,3
43,user_0324,3
43,user_0322,3
43,user_0301,3
43,user_0317,3
43,user_0334,3
43,user_0320,3
43,user_0337,3
43,user_0331,3
43,user_0308,3
43,user_0314,3
43,user_0018,0
43,user_0032,0
43,user_0010,0
43,user_0041,0
43,user_0031,0
43,user_0059,0
43,user_0042,0
43,user_0003,0
43,user_0025,0
43,user_0054,0
43,user_0014,0
43,user_0007,0
43,user_0023,0
43,user_0039,0
43,user_0057,0
43,user_0000,0
43,user_0021,0
43,user_0020,0
43,user_0001,0
43,user_0011,0
43,user_0034,0
43,user_0016,0
43,user_0040,0
43,user_0017,0
43,user_0005,0
43,user_0048,0
43,user_0008,0
43,user_0029,0
43,user_0044,0
43,user_0028,0
43,user_0038,0
43,user_0019,0
43,user_0009,0
43,user_0055,0
43,user_0047,0
43,user_0050,0
43,user_0058,0
43,user_0036,0
43,user_0015,0
43,user_0052,0
43,user_0004,0
43,user_0049,0
43,user_0026,0
43,user_0027,0
43,user_0035,0
43,user_0012,0
43,user_0006,0
43,user_0024,0
43,user_0033,0
43,user_0043,0
43,user_0053,0
43,user_0013,0
43,user_0002,0
43,user_0045,0
43,user_0037,0
43,user_0056,0
43,user_0051,0
43,user_0022,0
43,user_0046,0
43,user_0263,5
43,user_0274,5
43,user_0291,5
43,user_0267,5
43,user_0262,5
43,user_0281,5
43,user_0280,5
43,user_0249,5
43,user_0265,5
43,user_0288,5
43,user_0272,5
43,user_0255,5
43,user_0279,5
43,user_0297,5
43,user_0244,5
43,user_0269,5
43,user_0296,5
43,user_0241,5
43,user_0252,5
43,user_0268,5
43,user_0299,5
43,user_0275,5
43,user_0282,5
43,user_0277,5
43,user_0246,5
43,user_0273,5
43,user_0270,5
43,user_0286,5
43,user_0266,5
43,user_0276,5
43,user_0295,5
43,user_0283,5
43,user_0245,5
43,user_0250,5
43,user_0294,5
43,user_0248,5
43,user_0253,5
43,user_0243,5
43,user_0290,5
43,user_0254,5
43,user_0242,5
43,user_0261,5
43,user_0285,5
43,user_0240,5
43,user_0259,5
43,user_0264,5
43,user_0271,5
43,user_0298,5
43,user_0278,5
43,user_0256,5
43,user_0284,5
43,user_0257,5
43,user_0251,5
43,user_0289,5
43,user_0247,5
43,user_0074,1
43,user_0096,1
43,user_0077,1
43,user_0087,1
43,user_0069,1
43,user_0094,1
43,user_0109,1
43,user_0073,1
43,user_0092,1
43,user_0086,1
43,user_0076,1
43,user_0111,1
43,user_0083,1
43,user_0088,1
43,user_0081,1
43,user_0102,1
43,user_0103,1
43,user_0104,1
43,user_0079,1
43,user_0118,1
43,user_0116,1
43,user_0098,1
43,user_0072,1
43,user_0113,1
43,user_0075,1
43,user_0117,1
43,user_0068,1
43,user_0090,1
43,user_0093,1
43,user_0089,1
43,user_0115,1
43,user_0100,1
43,user_0114,1
43,user_0110,1
43,user_0078,1
43,user_0107,1
43,user_0084,1
43,user_0106,1
43,user_0080,1
43,user_0099,1
43,user_0071,1
43,user_0095,1
43,user_0293,1
43,user_0260,1
43,user_0070,1
43,user_0108,1
43,user_0082,1
43,user_0105,1
43,user_0112,1
43,user_0119,1
43,user_0085,1
43,user_0097,1
43,user_0101,1
44,user_0263,2
44,user_0179,2
44,user_0141,2
44,user_0128,2
44,user_0162,2
44,user_0134,2
44,user_0177,2
44,user_0174,2
44,user_0157,2
44,user_0158,2
44,user_0176,2
44,user_0122,2
44,user_0147,2
44,user_0124,2
44,user_0168,2
44,user_0175,2
44,user_0145,2
44,user_0164,2
44,user_0065,2
44,user_0172,2
44,user_0062,2
44,user_0129,2
44,user_0133,2
44,user_0150,2
44,user_0253,2
44,user_0142,2
44,user_0153,2
44,user_0130,2
44,user_0169,2
44,user_0123,2
44,user_0120,2
44,user_0136,2
44,user_0138,2
44,user_0178,2
44,user_0132,2
44,user_0171,2
44,user_0139,2
44,user_0121,2
44,user_0149,2
44,user_0155,2
44,user_0148,2
44,user_0151,2
44,user_0163,2
44,user_0152,2
44,user_0064,2
44,user_0144,2
44,user_0143,2
44,user_0159,2
44,user_0160,2
44,user_0131,2
44,user_0067,2
44,user_0146,2
44,user_0166,2
44,user_0170,2
44,user_0063,2
44,user_0165,2
44,user_0135,2
44,user_0126,2
44,user_0156,2
44,user_0125,2
44,user_0060,2
44,user_0167,2
44,user_0061,2
44,user_0154,2
44,user_0173,2
44,user_0127,2
44,user_0161,2
44,user_0066,2
44,user_0140,2
44,user_0018,0
44,user_0032,0
44,user_0010,0
44,user_0041,0
44,user_0030,0
44,user_0031,0
44,user_0059,0
44,user_0042,0
44,user_0003,0
44,user_0025,0
44,user_0054,0
44,user_0014,0
44,user_0007,0
44,user_0023,0
44,user_0039,0
44,user_0057,0
44,user_0000,0
44,user_0021,0
44,user_0020,0
44,user_0001,0
44,user_0011,0
44,user_0034,0
44,user_0017,0
44,user_0040,0
44,user_0005,0
44,user_0016,0
44,user_0048,0
44,user_0008,0
44,user_0029,0
44,user_0091,0
44,user_0044,0
44,user_0028,0
44,user_0038,0
44,user_0009,0
44,user_0055,0
44,user_0019,0
44,user_0047,0
44,user_0050,0
44,user_0058,0
44,user_0036,0
44,user_0015,0
44,user_0037,0
44,user_0052,0
44,user_0004,0
44,user_0049,0
44,user_0026,0
44,user_0027,0
44,user_0035,0
44,user_0012,0
44,user_0006,0
44,user_0024,0
44,user_0033,0
44,user_0013,0
44,user_0043,0
44,user_0053,0
44,user_0002,0
44,user_0045,0
44,user_0056,0
44,user_0051,0
44,user_0022,0
44,user_0046,0
44,user_0180,4
44,user_0213,4
44,user_0205,4
44,user_0223,4
44,user_0187,4
44,user_0194,4
44,user_0181,4
44,user_0200,4
44,user_0228,4
44,user_0234,4
44,user_0189,4
44,user_0188,4
44,user_0229,4
44,user_0203,4
44,user_0218,4
44,user_0220,4
44,user_0216,4
44,user_0190,4
44,user_0191,4
44,user_0206,4
44,user_0185,4
44,user_0239,4
44,user_0197,4
44,user_0192,4
44,user_0183,4
44,user_0236,4
44,user_0233,4
44,user_0211,4
44,user_0232,4
44,user_0219,4
44,user_0231,4
44,user_0208,4
44,user_0186,4
44,user_0215,4
44,user_0226,4
44,user_0217,4
44,user_0198,4
44,user_0184,4
44,user_0212,4
44,user_0237,4
44,user_0193,4
44,user_0214,4
44,user_0209,4
44,user_0210,4
44,user_0196,4
44,user_0199,4
44,user_0227,4
44,user_0195,4
44,user_0201,4
44,user_0225,4
44,user_0204,4
44,user_0235,4
44,user_0207,4
44,user_0221,4
44,user_0182,4
44,user_0202,4
44,user_0230,4
44,user_0222,4
44,user_0238,4
44,user_0274,5
44,user_0262,5
44,user_0291,5
44,user_0267,5
44,user_0281,5
44,user_0280,5
44,user_0249,5
44,user_0265,5
44,user_0288,5
44,user_0272,5
44,user_0255,5
44,user_0287,5
44,user_0279,5
44,user_0358,5
44,user_0252,5
44,user_0244,5
44,user_0269,5
44,user_0296,5
44,user_0241,5
44,user_0297,5
44,user_0268,5
44,user_0299,5
44,user_0286,5
44,user_0282,5
44,user_0270,5
44,user_0246,5
44,user_0273,5
44,user_0277,5
44,user_0275,5
44,user_0266,5
44,user_0258,5
44,user_0295,5
44,user_0276,5
44,user_0283,5
44,user_0245,5
44,user_0250,5
44,user_0294,5
44,user_0248,5
44,user_0243,5
44,user_0254,5
44,user_0290,5
44,user_0242,5
44,user_0261,5
44,user_0285,5
44,user_0240,5
44,user_0259,5
44,user_0264,5
44,user_0137,5
44,user_0293,5
44,user_0271,5
44,user_0298,5
44,user_0278,5
44,user_0256,5
44,user_0284,5
44,user_0257,5
44,user_0251,5
44,user_0289,5
44,user_0247,5
44,user_0335,3
44,user_0349,3
44,user_0306,3
44,user_0340,3
44,user_0316,3
44,user_0302,3
44,user_0329,3
44,user_0312,3
44,user_0330,3
44,user_0315,3
44,user_0332,3
44,user_0313,3
44,user_0323,3
44,user_0308,3
44,user_0338,3
44,user_0319,3
44,user_0304,3
44,user_0327,3
44,user_0311,3
44,user_0355,3
44,user_0345,3
44,user_0350,3
44,user_0310,3
44,user_0342,3
44,user_0300,3
44,user_0339,3
44,user_0336,3
44,user_0359,3
44,user_0325,3
44,user_0331,3
44,user_0344,3
44,user_0307,3
44,user_0321,3
44,user_0351,3
44,user_0352,3
44,user_0318,3
44,user_0328,3
44,user_0347,3
44,user_0353,3
44,user_0357,3
44,user_0354,3
44,user_0303,3
44,user_0305,3
44,user_0348,3
44,user_0326,3
44,user_0341,3
44,user_0346,3
44,user_0356,3
44,user_0324,3
44,user_0309,3
44,user_0322,3
44,user_0301,3
44,user_0317,3
44,user_0320,3
44,user_0337,3
44,user_0334,3
44,user_0333,3
44,user_0314,3
44,user_0074,1
44,user_0096,1
44,user_0077,1
44,user_0087,1
44,user_0069,1
44,user_0094,1
44,user_0109,1
44,user_0073,1
44,user_0092,1
44,user_0086,1
44,user_0111,1
44,user_0076,1
44,user_0118,1
44,user_0083,1
44,user_0343,1
44,user_0088,1
44,user_0103,1
44,user_0079,1
44,user_0102,1
44,user_0081,1
44,user_0104,1
44,user_0116,1
44,user_0098,1
44,user_0072,1
44,user_0113,1
44,user_0075,1
44,user_0117,1
44,user_0068,1
44,user_0090,1
44,user_0093,1
44,user_0089,1
44,user_0115,1
44,user_0100,1
44,user_0107,1
44,user_0084,1
44,user_0078,1
44,user_0114,1
44,user_0110,1
44,user_0106,1
44,user_0080,1
44,user_0099,1
44,user_0071,1
44,user_0260,1
44,user_0095,1
44,user_0070,1
44,user_0108,1
44,user_0082,1
44,user_0105,1
44,user_0112,1
44,user_0119,1
44,user_0085,1
44,user_0097,1
44,user_0101,1
45,user_0179,2
45,user_0141,2
45,user_0162,2
45,user_0134,2
45,user_0177,2
45,user_0174,2
45,user_0157,2
45,user_0158,2
45,user_0176,2
45,user_0122,2
45,user_0147,2
45,user_0124,2
45,user_0168,2
45,user_0175,2
45,user_0145,2
45,user_0164,2
45,user_0065,2
45,user_0172,2
45,user_0062,2
45,user_0129,2
45,user_0133,2
45,user_0150,2
45,user_0142,2
45,user_0153,2
45,user_0130,2
45,user_0169,2
45,user_0138,2
45,user_0120,2
45,user_0123,2
45,user_0137,2
45,user_0178,2
45,user_0132,2
45,user_0139,2
45,user_0121,2
45,user_0149,2
45,user_0155,2
45,user_0148,2
45,user_0151,2
45,user_0163,2
45,user_0152,2
45,user_0064,2
45,user_0144,2
45,user_0143,2
45,user_0159,2
45,user_0160,2
45,user_0131,2
45,user_0067,2
45,user_0146,2
45,user_0166,2
45,user_0170,2
45,user_0063,2
45,user_0165,2
45,user_0135,2
45,user_0126,2
45,user_0156,2
45,user_0125,2
45,user_0060,2
45,user_0167,2
45,user_0061,2
45,user_0154,2
45,user_0173,2
45,user_0127,2
45,user_0161,2
45,user_0066,2
45,user_0140,2
45,user_0018,0
45,user_0032,0
45,user_0010,0
45,user_0223,0
45,user_0041,0
45,user_0030,0
45,user_0031,0
45,user_0059,0
45,user_0042,0
45,user_0003,0
45,user_0025,0
45,user_0054,0
45,user_0014,0
45,user_0007,0
45,user_0023,0
45,user_0039,0
45,user_0057,0
45,user_0000,0
45,user_0021,0
45,user_0020,0
45,user_0001,0
45,user_0011,0
45,user_0034,0
45,user_0017,0
45,user_0016,0
45,user_0005,0
45,user_0040,0
45,user_0048,0
45,user_0008,0
45,user_0091,0
45,user_0029,0
45,user_0044,0
45,user_0028,0
45,user_0038,0
45,user_0019,0
45,user_0055,0
45,user_0009,0
45,user_0047,0
45,user_0050,0
45,user_0058,0
45,user_0036,0
45,user_0015,0
45,user_0037,0
45,user_0052,0
45,user_0004,0
45,user_0049,0
45,user_0026,0
45,user_0027,0
45,user_0035,0
45,user_0006,0
45,user_0012,0
45,user_0024,0
45,user_0033,0
45,user_0013,0
45,user_0053,0
45,user_0043,0
45,user_0002,0
45,user_0171,0
45,user_0045,0
45,user_0056,0
45,user_0051,0
45,user_0022,0
45,user_0046,0
45,user_0335,3
45,user_0340,3
45,user_0306,3
45,user_0349,3
45,user_0316,3
45,user_0302,3
45,user_0128,3
45,user_0329,3
45,user_0312,3
45,user_0330,3
45,user_0315,3
45,user_0332,3
45,user_0313,3
45,user_0308,3
45,user_0323,3
45,user_0338,3
45,user_0319,3
45,user_0304,3
45,user_0327,3
45,user_0358,3
45,user_0311,3
45,user_0355,3
45,user_0310,3
45,user_0345,3
45,user_0343,3
45,user_0350,3
45,user_0339,3
45,user_0300,3
45,user_0342,3
45,user_0336,3
45,user_0359,3
45,user_0325,3
45,user_0307,3
45,user_0344,3
45,user_0331,3
45,user_0321,3
45,user_0351,3
45,user_0352,3
45,user_0318,3
45,user_0328,3
45,user_0347,3
45,user_0353,3
45,user_0357,3
45,user_0354,3
45,user_0303,3
45,user_0305,3
45,user_0348,3
45,user_0326,3
45,user_0341,3
45,user_0136,3
45,user_0346,3
45,user_0356,3
45,user_0309,3
45,user_0324,3
45,user_0322,3
45,user_0204,3
45,user_0301,3
45,user_0317,3
45,user_0320,3
45,user_0337,3
45,user_0334,3
45,user_0333,3
45,user_0314,3
45,user_0263,5
45,user_0274,5
45,user_0262,5
45,user_0267,5
45,user_0291,5
45,user_0281,5
45,user_0280,5
45,user_0249,5
45,user_0265,5
45,user_0288,5
45,user_0284,5
45,user_0272,5
45,user_0255,5
45,user_0287,5
45,user_0279,5
45,user_0297,5
45,user_0244,5
45,user_0252,5
45,user_0269,5
45,user_0241,5
45,user_0268,5
45,user_0299,5
45,user_0286,5
45,user_0273,5
45,user_0282,5
45,user_0270,5
45,user_0246,5
45,user_0277,5
45,user_0266,5
45,user_0258,5
45,user_0276,5
45,user_0295,5
45,user_0245,5
45,user_0283,5
45,user_0250,5
45,user_0294,5
45,user_0248,5
45,user_0253,5
45,user_0243,5
45,user_0290,5
45,user_0254,5
45,user_0242,5
45,user_0261,5
45,user_0285,5
45,user_0240,5
45,user_0260,5
45,user_0293,5
45,user_0259,5
45,user_0264,5
45,user_0105,5
45,user_0271,5
45,user_0298,5
45,user_0278,5
45,user_0256,5
45,user_0275,5
45,user_0257,5
45,user_0251,5
45,user_0289,5
45,user_0247,5
45,user_0180,4
45,user_0213,4
45,user_0205,4
45,user_0187,4
45,user_0194,4
45,user_0181,4
45,user_0200,4
45,user_0228,4
45,user_0234,4
45,user_0189,4
45,user_0188,4
45,user_0229,4
45,user_0203,4
45,user_0224,4
45,user_0218,4
45,user_0220,4
45,user_0216,4
45,user_0190,4
45,user_0197,4
45,user_0185,4
45,user_0206,4
45,user_0192,4
45,user_0191,4
45,user_0183,4
45,user_0236,4
45,user_0233,4
45,user_0211,4
45,user_0232,4
45,user_0219,4
45,user_0186,4
45,user_0231,4
45,user_0208,4
45,user_0215,4
45,user_0226,4
45,user_0221,4
45,user_0217,4
45,user_0198,4
45,user_0184,4
45,user_0212,4
45,user_0237,4
45,user_0292,4
45,user_0193,4
45,user_0214,4
45,user_0199,4
45,user_0196,4
45,user_0210,4
45,user_0227,4
45,user_0195,4
45,user_0201,4
45,user_0225,4
45,user_0235,4
45,user_0207,4
45,user_0209,4
45,user_0182,4
45,user_0202,4
45,user_0230,4
45,user_0222,4
45,user_0238,4
45,user_0074,1
45,user_0096,1
45,user_0077,1
45,user_0087,1
45,user_0069,1
45,user_0094,1
45,user_0109,1
45,user_0073,1
45,user_0092,1
45,user_0086,1
45,user_0111,1
45,user_0088,1
45,user_0081,1
45,user_0083,1
45,user_0118,1
45,user_0102,1
45,user_0103,1
45,user_0076,1
45,user_0079,1
45,user_0104,1
45,user_0116,1
45,user_0098,1
45,user_0072,1
45,user_0113,1
45,user_0075,1
45,user_0117,1
45,user_0068,1
45,user_0090,1
45,user_0093,1
45,user_0089,1
45,user_0115,1
45,user_0100,1
45,user_0114,1
45,user_0084,1
45,user_0078,1
45,user_0110,1
45,user_0107,1
45,user_0106,1
45,user_0080,1
45,user_0099,1
45,user_0071,1
45,user_0095,1
45,user_0070,1
45,user_0082,1
45,user_0108,1
45,user_0112,1
45,user_0119,1
45,user_0085,1
45,user_0097,1
45,user_0101,1
46,user_0179,2
46,user_0141,2
46,user_0128,2
46,user_0162,2
46,user_0134,2
46,user_0177,2
46,user_0174,2
46,user_0157,2
46,user_0158,2
46,user_0176,2
46,user_0122,2
46,user_0147,2
46,user_0124,2
46,user_0168,2
46,user_0175,2
46,user_0145,2
46,user_0164,2
46,user_0065,2
46,user_0172,2
46,user_0062,2
46,user_0129,2
46,user_0133,2
46,user_0150,2
46,user_0142,2
46,user_0153,2
46,user_0130,2
46,user_0169,2
46,user_0138,2
46,user_0136,2
46,user_0120,2
46,user_0123,2
46,user_0137,2
46,user_0178,2
46,user_0132,2
46,user_0221,2
46,user_0139,2
46,user_0121,2
46,user_0149,2
46,user_0155,2
46,user_0148,2
46,user_0151,2
46,user_0163,2
46,user_0152,2
46,user_0064,2
46,user_0144,2
46,user_0143,2
46,user_0159,2
46,user_0160,2
46,user_0131,2
46,user_0067,2
46,user_0231,2
46,user_0166,2
46,user_0146,2
46,user_0170,2
46,user_0063,2
46,user_0135,2
46,user_0126,2
46,user_0156,2
46,user_0060,2
46,user_0061,2
46,user_0167,2
46,user_0154,2
46,user_0173,2
46,user_0127,2
46,user_0161,2
46,user_0066,2
46,user_0140,2
46,user_0018,0
46,user_0032,0
46,user_0010,0
46,user_0041,0
46,user_0030,0
46,user_0031,0
46,user_0059,0
46,user_0042,0
46,user_0003,0
46,user_0025,0
46,user_0054,0
46,user_0014,0
46,user_0007,0
46,user_0023,0
46,user_0039,0
46,user_0057,0
46,user_0000,0
46,user_0021,0
46,user_0297,0
46,user_0020,0
46,user_0001,0
46,user_0011,0
46,user_0034,0
46,user_0016,0
46,user_0040,0
46,user_0005,0
46,user_0017,0
46,user_0048,0
46,user_0008,0
46,user_0029,0
46,user_0044,0
46,user_0028,0
46,user_0038,0
46,user_0019,0
46,user_0009,0
46,user_0055,0
46,user_0047,0
46,user_0050,0
46,user_0058,0
46,user_0036,0
46,user_0015,0
46,user_0037,0
46,user_0004,0
46,user_0052,0
46,user_0049,0
46,user_0026,0
46,user_0027,0
46,user_0035,0
46,user_0012,0
46,user_0006,0
46,user_0024,0
46,user_0033,0
46,user_0013,0
46,user_0043,0
46,user_0053,0
46,user_0002,0
46,user_0171,0
46,user_0045,0
46,user_0056,0
46,user_0051,0
46,user_0022,0
46,user_0046,0
46,user_0335,3
46,user_0340,3
46,user_0306,3
46,user_0349,3
46,user_0316,3
46,user_0302,3
46,user_0329,3
46,user_0312,3
46,user_0330,3
46,user_0315,3
46,user_0332,3
46,user_0313,3
46,user_0323,3
46,user_0308,3
46,user_0338,3
46,user_0319,3
46,user_0304,3
46,user_0327,3
46,user_0358,3
46,user_0311,3
46,user_0355,3
46,user_0345,3
46,user_0350,3
46,user_0343,3
46,user_0342,3
46,user_0310,3
46,user_0300,3
46,user_0339,3
46,user_0336,3
46,user_0359,3
46,user_0325,3
46,user_0307,3
46,user_0344,3
46,user_0331,3
46,user_0236,3
46,user_0321,3
46,user_0351,3
46,user_0318,3
46,user_0328,3
46,user_0347,3
46,user_0353,3
46,user_0357,3
46,user_0165,3
46,user_0354,3
46,user_0303,3
46,user_0305,3
46,user_0348,3
46,user_0326,3
46,user_0341,3
46,user_0346,3
46,user_0309,3
46,user_0324,3
46,user_0322,3
46,user_0301,3
46,user_0317,3
46,user_0320,3
46,user_0337,3
46,user_0334,3
46,user_0333,3
46,user_0314,3
46,user_0263,5
46,user_0274,5
46,user_0291,5
46,user_0267,5
46,user_0262,5
46,user_0281,5
46,user_0280,5
46,user_0249,5
46,user_0265,5
46,user_0288,5
46,user_0284,5
46,user_0272,5
46,user_0255,5
46,user_0287,5
46,user_0279,5
46,user_0252,5
46,user_0269,5
46,user_0244,5
46,user_0296,5
46,user_0241,5
46,user_0268,5
46,user_0299,5
46,user_0273,5
46,user_0286,5
46,user_0282,5
46,user_0246,5
46,user_0270,5
46,user_0277,5
46,user_0266,5
46,user_0258,5
46,user_0295,5
46,user_0276,5
46,user_0283,5
46,user_0245,5
46,user_0250,5
46,user_0294,5
46,user_0248,5
46,user_0253,5
46,user_0243,5
46,user_0254,5
46,user_0290,5
46,user_0292,5
46,user_0242,5
46,user_0261,5
46,user_0285,5
46,user_0240,5
46,user_0259,5
46,user_0293,5
46,user_0260,5
46,user_0271,5
46,user_0105,5
46,user_0298,5
46,user_0278,5
46,user_0256,5
46,user_0275,5
46,user_0257,5
46,user_0251,5
46,user_0289,5
46,user_0247,5
46,user_0180,4
46,user_0213,4
46,user_0205,4
46,user_0223,4
46,user_0187,4
46,user_0194,4
46,user_0181,4
46,user_0200,4
46,user_0228,4
46,user_0234,4
46,user_0189,4
46,user_0188,4
46,user_0203,4
46,user_0229,4
46,user_0224,4
46,user_0218,4
46,user_0220,4
46,user_0216,4
46,user_0190,4
46,user_0191,4
46,user_0206,4
46,user_0192,4
46,user_0239,4
46,user_0185,4
46,user_0197,4
46,user_0183,4
46,user_0233,4
46,user_0211,4
46,user_0232,4
46,user_0219,4
46,user_0186,4
46,user_0208,4
46,user_0215,4
46,user_0226,4
46,user_0217,4
46,user_0198,4
46,user_0212,4
46,user_0184,4
46,user_0237,4
46,user_0193,4
46,user_0214,4
46,user_0199,4
46,user_0196,4
46,user_0210,4
46,user_0227,4
46,user_0195,4
46,user_0201,4
46,user_0225,4
46,user_0235,4
46,user_0204,4
46,user_0207,4
46,user_0209,4
46,user_0182,4
46,user_0202,4
46,user_0230,4
46,user_0222,4
46,user_0238,4
46,user_0074,1
46,user_0096,1
46,user_0077,1
46,user_0087,1
46,user_0069,1
46,user_0094,1
46,user_0109,1
46,user_0073,1
46,user_0092,1
46,user_0086,1
46,user_0076,1
46,user_0081,1
46,user_0083,1
46,user_0118,1
46,user_0088,1
46,user_0102,1
46,user_0079,1
46,user_0103,1
46,user_0104,1
46,user_0111,1
46,user_0091,1
46,user_0116,1
46,user_0098,1
46,user_0072,1
46,user_0113,1
46,user_0075,1
46,user_0068,1
46,user_0090,1
46,user_0117,1
46,user_0093,1
46,user_0089,1
46,user_0115,1
46,user_0100,1
46,user_0114,1
46,user_0084,1
46,user_0078,1
46,user_0107,1
46,user_0110,1
46,user_0106,1
46,user_0125,1
46,user_0099,1
46,user_0080,1
46,user_0071,1
46,user_0095,1
46,user_0108,1
46,user_0070,1
46,user_0082,1
46,user_0119,1
46,user_0112,1
46,user_0085,1
46,user_0097,1
46,user_0101,1
47,user_0179,2
47,user_0141,2
47,user_0128,2
47,user_0162,2
47,user_0134,2
47,user_0177,2
47,user_0174,2
47,user_0157,2
47,user_0158,2
47,user_0176,2
47,user_0122,2
47,user_0147,2
47,user_0124,2
47,user_0168,2
47,user_0175,2
47,user_0145,2
47,user_0164,2
47,user_0065,2
47,user_0172,2
47,user_0062,2
47,user_0129,2
47,user_0133,2
47,user_0150,2
47,user_0142,2
47,user_0153,2
47,user_0130,2
47,user_0169,2
47,user_0138,2
47,user_0120,2
47,user_0136,2
47,user_0123,2
47,user_0137,2
47,user_0178,2
47,user_0132,2
47,user_0171,2
47,user_0139,2
47,user_0121,2
47,user_0149,2
47,user_0155,2
47,user_0148,2
47,user_0151,2
47,user_0163,2
47,user_0152,2
47,user_0064,2
47,user_0144,2
47,user_0143,2
47,user_0159,2
47,user_0160,2
47,user_0131,2
47,user_0067,2
47,user_0146,2
47,user_0166,2
47,user_0170,2
47,user_0063,2
47,user_0165,2
47,user_0135,2
47,user_0126,2
47,user_0156,2
47,user_0125,2
47,user_0060,2
47,user_0167,2
47,user_0061,2
47,user_0154,2
47,user_0173,2
47,user_0127,2
47,user_0161,2
47,user_0066,2
47,user_0140,2
47,user_0018,0
47,user_0032,0
47,user_0010,0
47,user_0041,0
47,user_0030,0
47,user_0031,0
47,user_0059,0
47,user_0042,0
47,user_0003,0
47,user_0025,0
47,user_0054,0
47,user_0014,0
47,user_0007,0
47,user_0023,0
47,user_0039,0
47,user_0057,0
47,user_0000,0
47,user_0021,0
47,user_0020,0
47,user_0001,0
47,user_0011,0
47,user_0034,0
47,user_0017,0
47,user_0016,0
47,user_0005,0
47,user_0040,0
47,user_0048,0
47,user_0282,0
47,user_0008,0
47,user_0029,0
47,user_0044,0
47,user_0028,0
47,user_0038,0
47,user_0019,0
47,user_0055,0
47,user_0009,0
47,user_0047,0
47,user_0050,0
47,user_0058,0
47,user_0036,0
47,user_0015,0
47,user_0037,0
47,user_0052,0
47,user_0004,0
47,user_0049,0
47,user_0026,0
47,user_0027,0
47,user_0035,0
47,user_0012,0
47,user_0006,0
47,user_0024,0
47,user_0043,0
47,user_0033,0
47,user_0013,0
47,user_0053,0
47,user_0002,0
47,user_0045,0
47,user_0056,0
47,user_0051,0
47,user_0022,0
47,user_0046,0
47,user_0180,4
47,user_0213,4
47,user_0205,4
47,user_0223,4
47,user_0194,4
47,user_0187,4
47,user_0181,4
47,user_0200,4
47,user_0228,4
47,user_0189,4
47,user_0188,4
47,user_0203,4
47,user_0229,4
47,user_0224,4
47,user_0218,4
47,user_0220,4
47,user_0216,4
47,user_0197,4
47,user_0191,4
47,user_0185,4
47,user_0190,4
47,user_0192,4
47,user_0206,4
47,user_0239,4
47,user_0233,4
47,user_0236,4
47,user_0183,4
47,user_0211,4
47,user_0232,4
47,user_0219,4
47,user_0186,4
47,user_0208,4
47,user_0231,4
47,user_0215,4
47,user_0226,4
47,user_0217,4
47,user_0198,4
47,user_0354,4
47,user_0184,4
47,user_0212,4
47,user_0237,4
47,user_0193,4
47,user_0214,4
47,user_0209,4
47,user_0199,4
47,user_0196,4
47,user_0210,4
47,user_0227,4
47,user_0195,4
47,user_0201,4
47,user_0204,4
47,user_0225,4
47,user_0235,4
47,user_0207,4
47,user_0221,4
47,user_0182,4
47,user_0202,4
47,user_0230,4
47,user_0222,4
47,user_0238,4
47,user_0335,3
47,user_0349,3
47,user_0340,3
47,user_0306,3
47,user_0316,3
47,user_0302,3
47,user_0329,3
47,user_0312,3
47,user_0330,3
47,user_0315,3
47,user_0332,3
47,user_0313,3
47,user_0323,3
47,user_0338,3
47,user_0319,3
47,user_0304,3
47,user_0327,3
47,user_0358,3
47,user_0311,3
47,user_0355,3
47,user_0345,3
47,user_0350,3
47,user_0310,3
47,user_0343,3
47,user_0300,3
47,user_0342,3
47,user_0339,3
47,user_0336,3
47,user_0359,3
47,user_0325,3
47,user_0307,3
47,user_0344,3
47,user_0331,3
47,user_0321,3
47,user_0351,3
47,user_0352,3
47,user_0318,3
47,user_0328,3
47,user_0347,3
47,user_0353,3
47,user_0357,3
47,user_0303,3
47,user_0305,3
47,user_0348,3
47,user_0326,3
47,user_0333,3
47,user_0341,3
47,user_0346,3
47,user_0356,3
47,user_0309,3
47,user_0324,3
47,user_0322,3
47,user_0301,3
47,user_0317,3
47,user_0320,3
47,user_0337,3
47,user_0334,3
47,user_0308,3
47,user_0314,3
47,user_0263,5
47,user_0274,5
47,user_0262,5
47,user_0267,5
47,user_0291,5
47,user_0281,5
47,user_0249,5
47,user_0280,5
47,user_0265,5
47,user_0234,5
47,user_0288,5
47,user_0272,5
47,user_0255,5
47,user_0287,5
47,user_0279,5
47,user_0252,5
47,user_0269,5
47,user_0244,5
47,user_0297,5
47,user_0241,5
47,user_0296,5
47,user_0268,5
47,user_0299,5
47,user_0273,5
47,user_0286,5
47,user_0270,5
47,user_0277,5
47,user_0246,5
47,user_0275,5
47,user_0266,5
47,user_0258,5
47,user_0295,5
47,user_0276,5
47,user_0245,5
47,user_0283,5
47,user_0250,5
47,user_0294,5
47,user_0248,5
47,user_0253,5
47,user_0243,5
47,user_0254,5
47,user_0290,5
47,user_0292,5
47,user_0242,5
47,user_0285,5
47,user_0240,5
47,user_0260,5
47,user_0293,5
47,user_0259,5
47,user_0264,5
47,user_0271,5
47,user_0298,5
47,user_0278,5
47,user_0256,5
47,user_0284,5
47,user_0257,5
47,user_0251,5
47,user_0289,5
47,user_0247,5
47,user_0074,1
47,user_0096,1
47,user_0077,1
47,user_0087,1
47,user_0069,1
47,user_0094,1
47,user_0109,1
47,user_0073,1
47,user_0092,1
47,user_0086,1
47,user_0111,1
47,user_0076,1
47,user_0081,1
47,user_0118,1
47,user_0083,1
47,user_0088,1
47,user_0102,1
47,user_0079,1
47,user_0104,1
47,user_0103,1
47,user_0091,1
47,user_0116,1
47,user_0098,1
47,user_0072,1
47,user_0113,1
47,user_0075,1
47,user_0068,1
47,user_0117,1
47,user_0090,1
47,user_0093,1
47,user_0089,1
47,user_0115,1
47,user_0100,1
47,user_0114,1
47,user_0110,1
47,user_0078,1
47,user_0107,1
47,user_0084,1
47,user_0261,1
47,user_0106,1
47,user_0080,1
47,user_0099,1
47,user_0071,1
47,user_0095,1
47,user_0070,1
47,user_0108,1
47,user_0105,1
47,user_0082,1
47,user_0119,1
47,user_0112,1
47,user_0085,1
47,user_0097,1
47,user_0101,1
48,user_0179,2
48,user_0141,2
48,user_0128,2
48,user_0162,2
48,user_0134,2
48,user_0177,2
48,user_0174,2
48,user_0157,2
48,user_0158,2
48,user_0176,2
48,user_0147,2
48,user_0122,2
48,user_0124,2
48,user_0168,2
48,user_0175,2
48,user_0145,2
48,user_0164,2
48,user_0065,2
48,user_0172,2
48,user_0062,2
48,user_0129,2
48,user_0133,2
48,user_0150,2
48,user_0142,2
48,user_0153,2
48,user_0130,2
48,user_0169,2
48,user_0138,2
48,user_0136,2
48,user_0120,2
48,user_0123,2
48,user_0137,2
48,user_0178,2
48,user_0132,2
48,user_0171,2
48,user_0139,2
48,user_0121,2
48,user_0149,2
48,user_0155,2
48,user_0148,2
48,user_0151,2
48,user_0163,2
48,user_0152,2
48,user_0144,2
48,user_0064,2
48,user_0143,2
48,user_0159,2
48,user_0160,2
48,user_0131,2
48,user_0067,2
48,user_0146,2
48,user_0166,2
48,user_0170,2
48,user_0063,2
48,user_0165,2
48,user_0135,2
48,user_0126,2
48,user_0156,2
48,user_0125,2
48,user_0060,2
48,user_0061,2
48,user_0167,2
48,user_0154,2
48,user_0173,2
48,user_0127,2
48,user_0161,2
48,user_0066,2
48,user_0140,2
48,user_0018,0
48,user_0032,0
48,user_0010,0
48,user_0041,0
48,user_0030,0
48,user_0031,0
48,user_0059,0
48,user_0042,0
48,user_0003,0
48,user_0025,0
48,user_0054,0
48,user_0014,0
48,user_0023,0
48,user_0007,0
48,user_0039,0
48,user_0057,0
48,user_0021,0
48,user_0020,0
48,user_0001,0
48,user_0011,0
48,user_0034,0
48,user_0017,0
48,user_0040,0
48,user_0005,0
48,user_0282,0
48,user_0048,0
48,user_0016,0
48,user_0046,0
48,user_0029,0
48,user_0008,0
48,user_0044,0
48,user_0028,0
48,user_0038,0
48,user_0009,0
48,user_0055,0
48,user_0019,0
48,user_0047,0
48,user_0215,0
48,user_0050,0
48,user_0058,0
48,user_0015,0
48,user_0004,0
48,user_0052,0
48,user_0049,0
48,user_0026,0
48,user_0027,0
48,user_0035,0
48,user_0006,0
48,user_0012,0
48,user_0024,0
48,user_0033,0
48,user_0043,0
48,user_0013,0
48,user_0053,0
48,user_0002,0
48,user_0045,0
48,user_0037,0
48,user_0056,0
48,user_0051,0
48,user_0022,0
48,user_0000,0
48,user_0263,5
48,user_0274,5
48,user_0262,5
48,user_0291,5
48,user_0267,5
48,user_0281,5
48,user_0280,5
48,user_0249,5
48,user_0265,5
48,user_0234,5
48,user_0288,5
48,user_0272,5
48,user_0255,5
48,user_0287,5
48,user_0279,5
48,user_0252,5
48,user_0269,5
48,user_0244,5
48,user_0296,5
48,user_0241,5
48,user_0297,5
48,user_0299,5
48,user_0268,5
48,user_0286,5
48,user_0273,5
48,user_0277,5
48,user_0270,5
48,user_0275,5
48,user_0246,5
48,user_0232,5
48,user_0266,5
48,user_0258,5
48,user_0276,5
48,user_0295,5
48,user_0245,5
48,user_0283,5
48,user_0250,5
48,user_0294,5
48,user_0253,5
48,user_0243,5
48,user_0237,5
48,user_0254,5
48,user_0290,5
48,user_0292,5
48,user_0242,5
48,user_0261,5
48,user_0285,5
48,user_0240,5
48,user_0259,5
48,user_0293,5
48,user_0264,5
48,user_0260,5
48,user_0271,5
48,user_0298,5
48,user_0278,5
48,user_0256,5
48,user_0284,5
48,user_0257,5
48,user_0251,5
48,user_0289,5
48,user_0247,5
48,user_0335,3
48,user_0349,3
48,user_0306,3
48,user_0340,3
48,user_0316,3
48,user_0302,3
48,user_0329,3
48,user_0312,3
48,user_0330,3
48,user_0315,3
48,user_0308,3
48,user_0313,3
48,user_0323,3
48,user_0332,3
48,user_0338,3
48,user_0319,3
48,user_0304,3
48,user_0327,3
48,user_0358,3
48,user_0311,3
48,user_0355,3
48,user_0345,3
48,user_0350,3
48,user_0343,3
48,user_0342,3
48,user_0300,3
48,user_0310,3
48,user_0339,3
48,user_0336,3
48,user_0359,3
48,user_0325,3
48,user_0331,3
48,user_0307,3
48,user_0344,3
48,user_0321,3
48,user_0351,3
48,user_0352,3
48,user_0318,3
48,user_0328,3
48,user_0347,3
48,user_0353,3
48,user_0357,3
48,user_0354,3
48,user_0303,3
48,user_0305,3
48,user_0348,3
48,user_0326,3
48,user_0341,3
48,user_0346,3
48,user_0356,3
48,user_0324,3
48,user_0309,3
48,user_0322,3
48,user_0301,3
48,user_0317,3
48,user_0320,3
48,user_0337,3
48,user_0334,3
48,user_0333,3
48,user_0314,3
48,user_0180,4
48,user_0223,4
48,user_0213,4
48,user_0205,4
48,user_0187,4
48,user_0194,4
48,user_0181,4
48,user_0200,4
48,user_0228,4
48,user_0189,4
48,user_0188,4
48,user_0229,4
48,user_0203,4
48,user_0224,4
48,user_0218,4
48,user_0220,4
48,user_0216,4
48,user_0190,4
48,user_0191,4
48,user_0206,4
48,user_0197,4
48,user_0185,4
48,user_0239,4
48,user_0192,4
48,user_0233,4
48,user_0183,4
48,user_0236,4
48,user_0211,4
48,user_0219,4
48,user_0231,4
48,user_0208,4
48,user_0186,4
48,user_0226,4
48,user_0221,4
48,user_0217,4
48,user_0198,4
48,user_0184,4
48,user_0212,4
48,user_0193,4
48,user_0214,4
48,user_0210,4
48,user_0196,4
48,user_0227,4
48,user_0195,4
48,user_0201,4
48,user_0204,4
48,user_0225,4
48,user_0235,4
48,user_0207,4
48,user_0209,4
48,user_0182,4
48,user_0202,4
48,user_0230,4
48,user_0222,4
48,user_0238,4
48,user_0074,1
48,user_0096,1
48,user_0077,1
48,user_0087,1
48,user_0069,1
48,user_0094,1
48,user_0109,1
48,user_0073,1
48,user_0092,1
48,user_0086,1
48,user_0076,1
48,user_0081,1
48,user_0083,1
48,user_0111,1
48,user_0118,1
48,user_0102,1
48,user_0079,1
48,user_0104,1
48,user_0088,1
48,user_0091,1
48,user_0103,1
48,user_0116,1
48,user_0098,1
48,user_0072,1
48,user_0113,1
48,user_0075,1
48,user_0117,1
48,user_0068,1
48,user_0090,1
48,user_0093,1
48,user_0089,1
48,user_0115,1
48,user_0100,1
48,user_0114,1
48,user_0078,1
48,user_0084,1
48,user_0110,1
48,user_0107,1
48,user_0106,1
48,user_0199,1
48,user_0080,1
48,user_0099,1
48,user_0071,1
48,user_0095,1
48,user_0108,1
48,user_0105,1
48,user_0070,1
48,user_0082,1
48,user_0112,1
48,user_0119,1
48,user_0085,1
48,user_0097,1
48,user_0101,1
49,user_0179,2
49,user_0141,2
49,user_0128,2
49,user_0162,2
49,user_0134,2
49,user_0177,2
49,user_0174,2
49,user_0157,2
49,user_0158,2
49,user_0176,2
49,user_0122,2
49,user_0147,2
49,user_0124,2
49,user_0168,2
49,user_0175,2
49,user_0145,2
49,user_0164,2
49,user_0065,2
49,user_0172,2
49,user_0062,2
49,user_0129,2
49,user_0133,2
49,user_0150,2
49,user_0142,2
49,user_0153,2
49,user_0130,2
49,user_0169,2
49,user_0123,2
49,user_0120,2
49,user_0138,2
49,user_0136,2
49,user_0137,2
49,user_0178,2
49,user_0132,2
49,user_0171,2
49,user_0139,2
49,user_0121,2
49,user_0149,2
49,user_0155,2
49,user_0148,2
49,user_0151,2
49,user_0163,2
49,user_0152,2
49,user_0064,2
49,user_0144,2
49,user_0143,2
49,user_0159,2
49,user_0160,2
49,user_0131,2
49,user_0067,2
49,user_0146,2
49,user_0166,2
49,user_0170,2
49,user_0063,2
49,user_0165,2
49,user_0135,2
49,user_0126,2
49,user_0156,2
49,user_0125,2
49,user_0060,2
49,user_0167,2
49,user_0061,2
49,user_0154,2
49,user_0173,2
49,user_0127,2
49,user_0161,2
49,user_0066,2
49,user_0140,2
49,user_0180,4
49,user_0223,4
49,user_0205,4
49,user_0213,4
49,user_0194,4
49,user_0187,4
49,user_0181,4
49,user_0200,4
49,user_0228,4
49,user_0234,4
49,user_0189,4
49,user_0182,4
49,user_0188,4
49,user_0203,4
49,user_0229,4
49,user_0202,4
49,user_0224,4
49,user_0218,4
49,user_0220,4
49,user_0216,4
49,user_0190,4
49,user_0191,4
49,user_0185,4
49,user_0206,4
49,user_0197,4
49,user_0239,4
49,user_0192,4
49,user_0233,4
49,user_0236,4
49,user_0183,4
49,user_0211,4
49,user_0186,4
49,user_0208,4
49,user_0231,4
49,user_0215,4
49,user_0226,4
49,user_0221,4
49,user_0217,4
49,user_0198,4
49,user_0184,4
49,user_0212,4
49,user_0237,4
49,user_0292,4
49,user_0193,4
49,user_0214,4
49,user_0210,4
49,user_0199,4
49,user_0196,4
49,user_0227,4
49,user_0195,4
49,user_0201,4
49,user_0225,4
49,user_0204,4
49,user_0235,4
49,user_0207,4
49,user_0209,4
49,user_0219,4
49,user_0045,4
49,user_0230,4
49,user_0222,4
49,user_0238,4
49,user_0335,3
49,user_0349,3
49,user_0306,3
49,user_0340,3
49,user_0316,3
49,user_0302,3
49,user_0329,3
49,user_0312,3
49,user_0330,3
49,user_0315,3
49,user_0332,3
49,user_0313,3
49,user_0323,3
49,user_0338,3
49,user_0319,3
49,user_0304,3
49,user_0327,3
49,user_0358,3
49,user_0311,3
49,user_0310,3
49,user_0355,3
49,user_0343,3
49,user_0345,3
49,user_0342,3
49,user_0300,3
49,user_0339,3
49,user_0350,3
49,user_0336,3
49,user_0359,3
49,user_0325,3
49,user_0307,3
49,user_0344,3
49,user_0331,3
49,user_0321,3
49,user_0351,3
49,user_0352,3
49,user_0318,3
49,user_0328,3
49,user_0347,3
49,user_0353,3
49,user_0357,3
49,user_0354,3
49,user_0303,3
49,user_0305,3
49,user_0348,3
49,user_0326,3
49,user_0333,3
49,user_0341,3
49,user_0346,3
49,user_0356,3
49,user_0324,3
49,user_0309,3
49,user_0322,3
49,user_0301,3
49,user_0317,3
49,user_0320,3
49,user_0337,3
49,user_0334,3
49,user_0308,3
49,user_0314,3
49,user_0018,0
49,user_0032,0
49,user_0010,0
49,user_0041,0
49,user_0030,0
49,user_0031,0
49,user_0059,0
49,user_0042,0
49,user_0003,0
49,user_0025,0
49,user_0054,0
49,user_0014,0
49,user_0007,0
49,user_0023,0
49,user_0039,0
49,user_0057,0
49,user_0021,0
49,user_0020,0
49,user_0001,0
49,user_0011,0
49,user_0034,0
49,user_0017,0
49,user_0040,0
49,user_0005,0
49,user_0282,0
49,user_0048,0
49,user_0016,0
49,user_0008,0
49,user_0029,0
49,user_0046,0
49,user_0044,0
49,user_0028,0
49,user_0038,0
49,user_0009,0
49,user_0055,0
49,user_0019,0
49,user_0047,0
49,user_0050,0
49,user_0015,0
49,user_0004,0
49,user_0052,0
49,user_0049,0
49,user_0026,0
49,user_0027,0
49,user_0035,0
49,user_0006,0
49,user_0012,0
49,user_0024,0
49,user_0033,0
49,user_0043,0
49,user_0053,0
49,user_0013,0
49,user_0002,0
49,user_0037,0
49,user_0056,0
49,user_0051,0
49,user_0022,0
49,user_0000,0
49,user_0263,5
49,user_0274,5
49,user_0291,5
49,user_0267,5
49,user_0262,5
49,user_0281,5
49,user_0249,5
49,user_0280,5
49,user_0265,5
49,user_0288,5
49,user_0284,5
49,user_0272,5
49,user_0255,5
49,user_0287,5
49,user_0279,5
49,user_0252,5
49,user_0244,5
49,user_0297,5
49,user_0296,5
49,user_0241,5
49,user_0269,5
49,user_0268,5
49,user_0275,5
49,user_0286,5
49,user_0270,5
49,user_0277,5
49,user_0246,5
49,user_0273,5
49,user_0232,5
49,user_0266,5
49,user_0258,5
49,user_0276,5
49,user_0245,5
49,user_0283,5
49,user_0250,5
49,user_0294,5
49,user_0248,5
49,user_0253,5
49,user_0243,5
49,user_0254,5
49,user_0290,5
49,user_0242,5
49,user_0261,5
49,user_0285,5
49,user_0240,5
49,user_0259,5
49,user_0264,5
49,user_0293,5
49,user_0271,5
49,user_0298,5
49,user_0256,5
49,user_0278,5
49,user_0257,5
49,user_0251,5
49,user_0289,5
49,user_0247,5
49,user_0074,1
49,user_0096,1
49,user_0077,1
49,user_0087,1
49,user_0069,1
49,user_0094,1
49,user_0109,1
49,user_0073,1
49,user_0092,1
49,user_0086,1
49,user_0111,1
49,user_0081,1
49,user_0088,1
49,user_0118,1
49,user_0076,1
49,user_0102,1
49,user_0079,1
49,user_0103,1
49,user_0104,1
49,user_0091,1
49,user_0083,1
49,user_0116,1
49,user_0098,1
49,user_0072,1
49,user_0113,1
49,user_0075,1
49,user_0068,1
49,user_0090,1
49,user_0117,1
49,user_0093,1
49,user_0089,1
49,user_0115,1
49,user_0100,1
49,user_0107,1
49,user_0110,1
49,user_0084,1
49,user_0114,1
49,user_0078,1
49,user_0106,1
49,user_0080,1
49,user_0099,1
49,user_0071,1
49,user_0260,1
49,user_0095,1
49,user_0070,1
49,user_0105,1
49,user_0082,1
49,user_0108,1
49,user_0119,1
49,user_0112,1
49,user_0085,1
49,user_0097,1
49,user_0101,1
50,user_0179,2
50,user_0141,2
50,user_0128,2
50,user_0162,2
50,user_0134,2
50,user_0177,2
50,user_0174,2
50,user_0157,2
50,user_0158,2
50,user_0176,2
50,user_0122,2
50,user_0147,2
50,user_0124,2
50,user_0168,2
50,user_0175,2
50,user_0145,2
50,user_0164,2
50,user_0065,2
50,user_0172,2
50,user_0062,2
50,user_0129,2
50,user_0133,2
50,user_0150,2
50,user_0142,2
50,user_0153,2
50,user_0130,2
50,user_0169,2
50,user_0123,2
50,user_0136,2
50,user_0120,2
50,user_0138,2
50,user_0137,2
50,user_0178,2
50,user_0298,2
50,user_0132,2
50,user_0171,2
50,user_0139,2
50,user_0121,2
50,user_0149,2
50,user_0155,2
50,user_0148,2
50,user_0151,2
50,user_0163,2
50,user_0152,2
50,user_0064,2
50,user_0144,2
50,user_0143,2
50,user_0160,2
50,user_0131,2
50,user_0067,2
50,user_0146,2
50,user_0166,2
50,user_0170,2
50,user_0063,2
50,user_0165,2
50,user_0135,2
50,user_0126,2
50,user_0156,2
50,user_0125,2
50,user_0061,2
50,user_0060,2
50,user_0167,2
50,user_0154,2
50,user_0173,2
50,user_0127,2
50,user_0161,2
50,user_0140,2
50,user_0018,0
50,user_0032,0
50,user_0010,0
50,user_0041,0
50,user_0030,0
50,user_0031,0
50,user_0059,0
50,user_0042,0
50,user_0003,0
50,user_0025,0
50,user_0054,0
50,user_0014,0
50,user_0023,0
50,user_0007,0
50,user_0039,0
50,user_0057,0
50,user_0021,0
50,user_0020,0
50,user_0001,0
50,user_0011,0
50,user_0034,0
50,user_0017,0
50,user_0016,0
50,user_0040,0
50,user_0005,0
50,user_0048,0
50,user_0008,0
50,user_0029,0
50,user_0046,0
50,user_0044,0
50,user_0028,0
50,user_0038,0
50,user_0009,0
50,user_0055,0
50,user_0019,0
50,user_0047,0
50,user_0050,0
50,user_0058,0
50,user_0015,0
50,user_0348,0
50,user_0004,0
50,user_0052,0
50,user_0037,0
50,user_0049,0
50,user_0026,0
50,user_0027,0
50,user_0035,0
50,user_0006,0
50,user_0012,0
50,user_0024,0
50,user_0043,0
50,user_0013,0
50,user_0033,0
50,user_0053,0
50,user_0002,0
50,user_0045,0
50,user_0056,0
50,user_0051,0
50,user_0022,0
50,user_0000,0
50,user_0335,3
50,user_0340,3
50,user_0306,3
50,user_0349,3
50,user_0316,3
50,user_0302,3
50,user_0329,3
50,user_0312,3
50,user_0330,3
50,user_0315,3
50,user_0332,3
50,user_0313,3
50,user_0323,3
50,user_0308,3
50,user_0338,3
50,user_0319,3
50,user_0304,3
50,user_0327,3
50,user_0358,3
50,user_0311,3
50,user_0310,3
50,user_0355,3
50,user_0350,3
50,user_0343,3
50,user_0342,3
50,user_0300,3
50,user_0339,3
50,user_0345,3
50,user_0336,3
50,user_0273,3
50,user_0325,3
50,user_0307,3
50,user_0344,3
50,user_0359,3
50,user_0321,3
50,user_0351,3
50,user_0352,3
50,user_0318,3
50,user_0328,3
50,user_0347,3
50,user_0353,3
50,user_0357,3
50,user_0354,3
50,user_0303,3
50,user_0305,3
50,user_0326,3
50,user_0341,3
50,user_0346,3
50,user_0356,3
50,user_0309,3
50,user_0324,3
50,user_0322,3
50,user_0301,3
50,user_0317,3
50,user_0334,3
50,user_0320,3
50,user_0337,3
50,user_0331,3
50,user_0333,3
50,user_0314,3
50,user_0180,4
50,user_0223,4
50,user_0205,4
50,user_0213,4
50,user_0187,4
50,user_0194,4
50,user_0181,4
50,user_0200,4
50,user_0228,4
50,user_0234,4
50,user_0189,4
50,user_0188,4
50,user_0229,4
50,user_0203,4
50,user_0224,4
50,user_0218,4
50,user_0220,4
50,user_0216,4
50,user_0197,4
50,user_0191,4
50,user_0190,4
50,user_0192,4
50,user_0206,4
50,user_0185,4
50,user_0239,4
50,user_0183,4
50,user_0236,4
50,user_0233,4
50,user_0211,4
50,user_0219,4
50,user_0231,4
50,user_0208,4
50,user_0186,4
50,user_0215,4
50,user_0226,4
50,user_0217,4
50,user_0198,4
50,user_0212,4
50,user_0184,4
50,user_0237,4
50,user_0292,4
50,user_0193,4
50,user_0214,4
50,user_0209,4
50,user_0199,4
50,user_0196,4
50,user_0210,4
50,user_0227,4
50,user_0195,4
50,user_0201,4
50,user_0225,4
50,user_0204,4
50,user_0235,4
50,user_0207,4
50,user_0221,4
50,user_0182,4
50,user_0202,4
50,user_0230,4
50,user_0222,4
50,user_0238,4
50,user_0263,5
50,user_0274,5
50,user_0262,5
50,user_0267,5
50,user_0291,5
50,user_0281,5
50,user_0249,5
50,user_0280,5
50,user_0265,5
50,user_0284,5
50,user_0288,5
50,user_0272,5
50,user_0255,5
50,user_0287,5
50,user_0279,5
50,user_0297,5
50,user_0244,5
50,user_0269,5
50,user_0296,5
50,user_0241,5
50,user_0252,5
50,user_0268,5
50,user_0286,5
50,user_0277,5
50,user_0246,5
50,user_0270,5
50,user_0232,5
50,user_0258,5
50,user_0266,5
50,user_0276,5
50,user_0295,5
50,user_0283,5
50,user_0245,5
50,user_0250,5
50,user_0294,5
50,user_0248,5
50,user_0257,5
50,user_0253,5
50,user_0243,5
50,user_0290,5
50,user_0254,5
50,user_0242,5
50,user_0261,5
50,user_0285,5
50,user_0240,5
50,user_0259,5
50,user_0293,5
50,user_0260,5
50,user_0264,5
50,user_0271,5
50,user_0278,5
50,user_0256,5
50,user_0275,5
50,user_0066,5
50,user_0251,5
50,user_0289,5
50,user_0247,5
50,user_0074,1
50,user_0096,1
50,user_0077,1
50,user_0087,1
50,user_0069,1
50,user_0094,1
50,user_0109,1
50,user_0073,1
50,user_0092,1
50,user_0086,1
50,user_0076,1
50,user_0088,1
50,user_0111,1
50,user_0083,1
50,user_0118,1
50,user_0102,1
50,user_0104,1
50,user_0103,1
50,user_0079,1
50,user_0091,1
50,user_0081,1
50,user_0116,1
50,user_0098,1
50,user_0072,1
50,user_0113,1
50,user_0075,1
50,user_0068,1
50,user_0090,1
50,user_0117,1
50,user_0093,1
50,user_0089,1
50,user_0115,1
50,user_0100,1
50,user_0114,1
50,user_0084,1
50,user_0078,1
50,user_0107,1
50,user_0110,1
50,user_0106,1
50,user_0080,1
50,user_0099,1
50,user_0071,1
50,user_0095,1
50,user_0108,1
50,user_0082,1
50,user_0105,1
50,user_0070,1
50,user_0112,1
50,user_0119,1
50,user_0085,1
50,user_0097,1
50,user_0101,1
51,user_0179,2
51,user_0141,2
51,user_0128,2
51,user_0162,2
51,user_0134,2
51,user_0177,2
51,user_0174,2
51,user_0157,2
51,user_0158,2
51,user_0176,2
51,user_0147,2
51,user_0122,2
51,user_0124,2
51,user_0168,2
51,user_0175,2
51,user_0145,2
51,user_0164,2
51,user_0065,2
51,user_0172,2
51,user_0062,2
51,user_0129,2
51,user_0133,2
51,user_0150,2
51,user_0142,2
51,user_0153,2
51,user_0130,2
51,user_0169,2
51,user_0123,2
51,user_0136,2
51,user_0120,2
51,user_0138,2
51,user_0137,2
51,user_0178,2
51,user_0132,2
51,user_0171,2
51,user_0139,2
51,user_0121,2
51,user_0149,2
51,user_0155,2
51,user_0148,2
51,user_0151,2
51,user_0163,2
51,user_0152,2
51,user_0144,2
51,user_0064,2
51,user_0143,2
51,user_0159,2
51,user_0160,2
51,user_0131,2
51,user_0067,2
51,user_0146,2
51,user_0166,2
51,user_0170,2
51,user_0063,2
51,user_0165,2
51,user_0135,2
51,user_0126,2
51,user_0156,2
51,user_0125,2
51,user_0061,2
51,user_0167,2
51,user_0060,2
51,user_0154,2
51,user_0173,2
51,user_0127,2
51,user_0161,2
51,user_0066,2
51,user_0140,2
51,user_0263,3
51,user_0262,3
51,user_0349,3
51,user_0340,3
51,user_0316,3
51,user_0329,3
51,user_0312,3
51,user_0315,3
51,user_0327,3
51,user_0358,3
51,user_0311,3
51,user_0310,3
51,user_0350,3
51,user_0342,3
51,user_0339,3
51,user_0273,3
51,user_0325,3
51,user_0344,3
51,user_0321,3
51,user_0351,3
51,user_0318,3
51,user_0328,3
51,user_0357,3
51,user_0354,3
51,user_0326,3
51,user_0346,3
51,user_0356,3
51,user_0324,3
51,user_0301,3
51,user_0317,3
51,user_0221,3
51,user_0308,3
51,user_0335,3
51,user_0306,3
51,user_0302,3
51,user_0330,3
51,user_0332,3
51,user_0313,3
51,user_0323,3
51,user_0338,3
51,user_0319,3
51,user_0304,3
51,user_0355,3
51,user_0345,3
51,user_0343,3
51,user_0300,3
51,user_0336,3
51,user_0359,3
51,user_0307,3
51,user_0331,3
51,user_0258,3
51,user_0352,3
51,user_0347,3
51,user_0353,3
51,user_0303,3
51,user_0305,3
51,user_0348,3
51,user_0341,3
51,user_0309,3
51,user_0322,3
51,user_0320,3
51,user_0337,3
51,user_0334,3
51,user_0333,3
51,user_0314,3
51,user_0018,0
51,user_0032,0
51,user_0010,0
51,user_0041,0
51,user_0030,0
51,user_0031,0
51,user_0059,0
51,user_0042,0
51,user_0003,0
51,user_0025,0
51,user_0054,0
51,user_0272,0
51,user_0014,0
51,user_0023,0
51,user_0007,0
51,user_0039,0
51,user_0000,0
51,user_0057,0
51,user_0021,0
51,user_0020,0
51,user_0001,0
51,user_0011,0
51,user_0034,0
51,user_0017,0
51,user_0040,0
51,user_0016,0
51,user_0005,0
51,user_0048,0
51,user_0008,0
51,user_0029,0
51,user_0044,0
51,user_0028,0
51,user_0038,0
51,user_0009,0
51,user_0055,0
51,user_0019,0
51,user_0047,0
51,user_0050,0
51,user_0058,0
51,user_0036,0
51,user_0015,0
51,user_0037,0
51,user_0052,0
51,user_0004,0
51,user_0049,0
51,user_0026,0
51,user_0027,0
51,user_0035,0
51,user_0006,0
51,user_0012,0
51,user_0024,0
51,user_0043,0
51,user_0013,0
51,user_0053,0
51,user_0033,0
51,user_0002,0
51,user_0045,0
51,user_0056,0
51,user_0051,0
51,user_0022,0
51,user_0046,0
51,user_0180,4
51,user_0223,4
51,user_0205,4
51,user_0213,4
51,user_0194,4
51,user_0187,4
51,user_0181,4
51,user_0200,4
51,user_0228,4
51,user_0234,4
51,user_0189,4
51,user_0182,4
51,user_0188,4
51,user_0203,4
51,user_0229,4
51,user_0224,4
51,user_0218,4
51,user_0220,4
51,user_0216,4
51,user_0191,4
51,user_0197,4
51,user_0185,4
51,user_0239,4
51,user_0192,4
51,user_0206,4
51,user_0190,4
51,user_0183,4
51,user_0236,4
51,user_0233,4
51,user_0211,4
51,user_0232,4
51,user_0231,4
51,user_0208,4
51,user_0186,4
51,user_0215,4
51,user_0226,4
51,user_0217,4
51,user_0198,4
51,user_0184,4
51,user_0212,4
51,user_0237,4
51,user_0193,4
51,user_0214,4
51,user_0199,4
51,user_0210,4
51,user_0196,4
51,user_0227,4
51,user_0195,4
51,user_0201,4
51,user_0225,4
51,user_0235,4
51,user_0204,4
51,user_0207,4
51,user_0209,4
51,user_0219,4
51,user_0202,4
51,user_0230,4
51,user_0222,4
51,user_0238,4
51,user_0274,5
51,user_0291,5
51,user_0267,5
51,user_0281,5
51,user_0249,5
51,user_0280,5
51,user_0265,5
51,user_0288,5
51,user_0255,5
51,user_0287,5
51,user_0279,5
51,user_0297,5
51,user_0244,5
51,user_0269,5
51,user_0296,5
51,user_0241,5
51,user_0252,5
51,user_0268,5
51,user_0299,5
51,user_0286,5
51,user_0275,5
51,user_0277,5
51,user_0246,5
51,user_0270,5
51,user_0266,5
51,user_0276,5
51,user_0295,5
51,user_0283,5
51,user_0245,5
51,user_0250,5
51,user_0294,5
51,user_0248,5
51,user_0253,5
51,user_0243,5
51,user_0254,5
51,user_0292,5
51,user_0290,5
51,user_0242,5
51,user_0261,5
51,user_0285,5
51,user_0240,5
51,user_0259,5
51,user_0293,5
51,user_0260,5
51,user_0264,5
51,user_0271,5
51,user_0298,5
51,user_0278,5
51,user_0256,5
51,user_0284,5
51,user_0257,5
51,user_0251,5
51,user_0289,5
51,user_0247,5
51,user_0074,1
51,user_0096,1
51,user_0077,1
51,user_0087,1
51,user_0069,1
51,user_0094,1
51,user_0109,1
51,user_0073,1
51,user_0092,1
51,user_0086,1
51,user_0076,1
51,user_0088,1
51,user_0083,1
51,user_0118,1
51,user_0081,1
51,user_0102,1
51,user_0079,1
51,user_0103,1
51,user_0104,1
51,user_0091,1
51,user_0116,1
51,user_0098,1
51,user_0072,1
51,user_0113,1
51,user_0075,1
51,user_0117,1
51,user_0090,1
51,user_0068,1
51,user_0093,1
51,user_0111,1
51,user_0089,1
51,user_0115,1
51,user_0100,1
51,user_0114,1
51,user_0078,1
51,user_0110,1
51,user_0084,1
51,user_0107,1
51,user_0106,1
51,user_0080,1
51,user_0099,1
51,user_0071,1
51,user_0095,1
51,user_0070,1
51,user_0105,1
51,user_0108,1
51,user_0082,1
51,user_0112,1
51,user_0119,1
51,user_0085,1
51,user_0097,1
51,user_0101,1
52,user_0179,2
52,user_0141,2
52,user_0128,2
52,user_0162,2
52,user_0134,2
52,user_0177,2
52,user_0174,2
52,user_0157,2
52,user_0158,2
52,user_0176,2
52,user_0147,2
52,user_0122,2
52,user_0124,2
52,user_0168,2
52,user_0175,2
52,user_0145,2
52,user_0164,2
52,user_0065,2
52,user_0172,2
52,user_0062,2
52,user_0129,2
52,user_0133,2
52,user_0150,2
52,user_0142,2
52,user_0153,2
52,user_0130,2
52,user_0169,2
52,user_0138,2
52,user_0136,2
52,user_0123,2
52,user_0120,2
52,user_0137,2
52,user_0178,2
52,user_0132,2
52,user_0171,2
52,user_0139,2
52,user_0121,2
52,user_0149,2
52,user_0155,2
52,user_0148,2
52,user_0151,2
52,user_0163,2
52,user_0152,2
52,user_0144,2
52,user_0064,2
52,user_0143,2
52,user_0159,2
52,user_0160,2
52,user_0131,2
52,user_0067,2
52,user_0295,2
52,user_0146,2
52,user_0166,2
52,user_0170,2
52,user_0063,2
52,user_0165,2
52,user_0135,2
52,user_0126,2
52,user_0156,2
52,user_0125,2
52,user_0060,2
52,user_0167,2
52,user_0061,2
52,user_0154,2
52,user_0173,2
52,user_0127,2
52,user_0161,2
52,user_0066,2
52,user_0140,2
52,user_0274,3
52,user_0335,3
52,user_0349,3
52,user_0306,3
52,user_0340,3
52,user_0316,3
52,user_0302,3
52,user_0329,3
52,user_0312,3
52,user_0330,3
52,user_0315,3
52,user_0332,3
52,user_0313,3
52,user_0323,3
52,user_0308,3
52,user_0338,3
52,user_0319,3
52,user_0304,3
52,user_0327,3
52,user_0358,3
52,user_0311,3
52,user_0310,3
52,user_0345,3
52,user_0343,3
52,user_0350,3
52,user_0342,3
52,user_0339,3
52,user_0300,3
52,user_0355,3
52,user_0336,3
52,user_0359,3
52,user_0325,3
52,user_0307,3
52,user_0344,3
52,user_0331,3
52,user_0351,3
52,user_0321,3
52,user_0352,3
52,user_0318,3
52,user_0328,3
52,user_0347,3
52,user_0353,3
52,user_0357,3
52,user_0354,3
52,user_0303,3
52,user_0305,3
52,user_0348,3
52,user_0292,3
52,user_0326,3
52,user_0341,3
52,user_0346,3
52,user_0356,3
52,user_0309,3
52,user_0324,3
52,user_0322,3
52,user_0301,3
52,user_0317,3
52,user_0320,3
52,user_0337,3
52,user_0334,3
52,user_0333,3
52,user_0314,3
52,user_0018,0
52,user_0032,0
52,user_0010,0
52,user_0041,0
52,user_0030,0
52,user_0031,0
52,user_0059,0
52,user_0042,0
52,user_0003,0
52,user_0025,0
52,user_0054,0
52,user_0014,0
52,user_0007,0
52,user_0023,0
52,user_0039,0
52,user_0057,0
52,user_0000,0
52,user_0021,0
52,user_0020,0
52,user_0001,0
52,user_0011,0
52,user_0034,0
52,user_0017,0
52,user_0016,0
52,user_0005,0
52,user_0040,0
52,user_0048,0
52,user_0008,0
52,user_0029,0
52,user_0044,0
52,user_0028,0
52,user_0038,0
52,user_0019,0
52,user_0055,0
52,user_0009,0
52,user_0047,0
52,user_0050,0
52,user_0058,0
52,user_0036,0
52,user_0015,0
52,user_0004,0
52,user_0052,0
52,user_0049,0
52,user_0026,0
52,user_0027,0
52,user_0035,0
52,user_0006,0
52,user_0012,0
52,user_0024,0
52,user_0043,0
52,user_0033,0
52,user_0053,0
52,user_0013,0
52,user_0002,0
52,user_0045,0
52,user_0037,0
52,user_0056,0
52,user_0051,0
52,user_0022,0
52,user_0046,0
52,user_0263,5
52,user_0291,5
52,user_0262,5
52,user_0267,5
52,user_0194,5
52,user_0281,5
52,user_0249,5
52,user_0280,5
52,user_0265,5
52,user_0288,5
52,user_0272,5
52,user_0255,5
52,user_0287,5
52,user_0279,5
52,user_0252,5
52,user_0244,5
52,user_0297,5
52,user_0296,5
52,user_0241,5
52,user_0269,5
52,user_0299,5
52,user_0268,5
52,user_0286,5
52,user_0273,5
52,user_0277,5
52,user_0246,5
52,user_0270,5
52,user_0282,5
52,user_0275,5
52,user_0258,5
52,user_0266,5
52,user_0276,5
52,user_0245,5
52,user_0283,5
52,user_0250,5
52,user_0294,5
52,user_0248,5
52,user_0253,5
52,user_0243,5
52,user_0290,5
52,user_0254,5
52,user_0242,5
52,user_0261,5
52,user_0210,5
52,user_0285,5
52,user_0240,5
52,user_0259,5
52,user_0293,5
52,user_0264,5
52,user_0260,5
52,user_0271,5
52,user_0298,5
52,user_0278,5
52,user_0256,5
52,user_0284,5
52,user_0257,5
52,user_0251,5
52,user_0289,5
52,user_0247,5
52,user_0180,4
52,user_0223,4
52,user_0205,4
52,user_0213,4
52,user_0187,4
52,user_0181,4
52,user_0200,4
52,user_0228,4
52,user_0234,4
52,user_0189,4
52,user_0188,4
52,user_0229,4
52,user_0203,4
52,user_0224,4
52,user_0218,4
52,user_0220,4
52,user_0216,4
52,user_0190,4
52,user_0197,4
52,user_0185,4
52,user_0192,4
52,user_0206,4
52,user_0239,4
52,user_0191,4
52,user_0183,4
52,user_0236,4
52,user_0233,4
52,user_0211,4
52,user_0232,4
52,user_0219,4
52,user_0231,4
52,user_0208,4
52,user_0186,4
52,user_0215,4
52,user_0226,4
52,user_0217,4
52,user_0198,4
52,user_0184,4
52,user_0212,4
52,user_0237,4
52,user_0193,4
52,user_0214,4
52,user_0209,4
52,user_0199,4
52,user_0196,4
52,user_0227,4
52,user_0195,4
52,user_0201,4
52,user_0204,4
52,user_0235,4
52,user_0225,4
52,user_0207,4
52,user_0221,4
52,user_0182,4
52,user_0202,4
52,user_0230,4
52,user_0222,4
52,user_0238,4
52,user_0074,1
52,user_0096,1
52,user_0077,1
52,user_0087,1
52,user_0069,1
52,user_0094,1
52,user_0109,1
52,user_0073,1
52,user_0092,1
52,user_0086,1
52,user_0076,1
52,user_0081,1
52,user_0118,1
52,user_0088,1
52,user_0083,1
52,user_0102,1
52,user_0103,1
52,user_0104,1
52,user_0079,1
52,user_0091,1
52,user_0116,1
52,user_0098,1
52,user_0072,1
52,user_0113,1
52,user_0075,1
52,user_0117,1
52,user_0090,1
52,user_0068,1
52,user_0093,1
52,user_0111,1
52,user_0089,1
52,user_0115,1
52,user_0100,1
52,user_0114,1
52,user_0078,1
52,user_0084,1
52,user_0110,1
52,user_0107,1
52,user_0106,1
52,user_0080,1
52,user_0099,1
52,user_0071,1
52,user_0095,1
52,user_0108,1
52,user_0070,1
52,user_0105,1
52,user_0082,1
52,user_0112,1
52,user_0119,1
52,user_0085,1
52,user_0097,1
52,user_0101,1
53,user_0179,2
53,user_0141,2
53,user_0128,2
53,user_0162,2
53,user_0134,2
53,user_0177,2
53,user_0174,2
53,user_0157,2
53,user_0158,2
53,user_0176,2
53,user_0147,2
53,user_0122,2
53,user_0124,2
53,user_0168,2
53,user_0175,2
53,user_0358,2
53,user_0145,2
53,user_0164,2
53,user_0065,2
53,user_0172,2
53,user_0062,2
53,user_0129,2
53,user_0133,2
53,user_0150,2
53,user_0142,2
53,user_0153,2
53,user_0130,2
53,user_0169,2
53,user_0123,2
53,user_0136,2
53,user_0138,2
53,user_0120,2
53,user_0137,2
53,user_0178,2
53,user_0132,2
53,user_0171,2
53,user_0139,2
53,user_0121,2
53,user_0149,2
53,user_0155,2
53,user_0148,2
53,user_0151,2
53,user_0163,2
53,user_0152,2
53,user_0144,2
53,user_0064,2
53,user_0143,2
53,user_0159,2
53,user_0160,2
53,user_0131,2
53,user_0067,2
53,user_0146,2
53,user_0166,2
53,user_0170,2
53,user_0063,2
53,user_0165,2
53,user_0135,2
53,user_0126,2
53,user_0156,2
53,user_0125,2
53,user_0060,2
53,user_0061,2
53,user_0167,2
53,user_0154,2
53,user_0173,2
53,user_0127,2
53,user_0161,2
53,user_0066,2
53,user_0140,2
53,user_0263,5
53,user_0274,5
53,user_0262,5
53,user_0281,5
53,user_0280,5
53,user_0329,5
53,user_0249,5
53,user_0265,5
53,user_0288,5
53,user_0272,5
53,user_0255,5
53,user_0279,5
53,user_0252,5
53,user_0296,5
53,user_0299,5
53,user_0268,5
53,user_0286,5
53,user_0273,5
53,user_0282,5
53,user_0246,5
53,user_0270,5
53,user_0266,5
53,user_0276,5
53,user_0283,5
53,user_0245,5
53,user_0250,5
53,user_0294,5
53,user_0253,5
53,user_0292,5
53,user_0242,5
53,user_0210,5
53,user_0259,5
53,user_0264,5
53,user_0260,5
53,user_0298,5
53,user_0275,5
53,user_0278,5
53,user_0257,5
53,user_0251,5
53,user_0247,5
53,user_0291,5
53,user_0267,5
53,user_0041,5
53,user_0287,5
53,user_0297,5
53,user_0269,5
53,user_0244,5
53,user_0241,5
53,user_0277,5
53,user_0258,5
53,user_0295,5
53,user_0248,5
53,user_0243,5
53,user_0290,5
53,user_0254,5
53,user_0261,5
53,user_0285,5
53,user_0240,5
53,user_0293,5
53,user_0271,5
53,user_0235,5
53,user_0256,5
53,user_0284,5
53,user_0289,5
53,user_0018,0
53,user_0032,0
53,user_0010,0
53,user_0030,0
53,user_0031,0
53,user_0059,0
53,user_0042,0
53,user_0003,0
53,user_0025,0
53,user_0054,0
53,user_0014,0
53,user_0023,0
53,user_0007,0
53,user_0039,0
53,user_0057,0
53,user_0021,0
53,user_0020,0
53,user_0001,0
53,user_0011,0
53,user_0034,0
53,user_0016,0
53,user_0017,0
53,user_0005,0
53,user_0040,0
53,user_0048,0
53,user_0008,0
53,user_0029,0
53,user_0046,0
53,user_0044,0
53,user_0028,0
53,user_0038,0
53,user_0009,0
53,user_0055,0
53,user_0019,0
53,user_0047,0
53,user_0050,0
53,user_0058,0
53,user_0036,0
53,user_0015,0
53,user_0004,0
53,user_0052,0
53,user_0049,0
53,user_0026,0
53,user_0027,0
53,user_0035,0
53,user_0012,0
53,user_0006,0
53,user_0024,0
53,user_0033,0
53,user_0013,0
53,user_0053,0
53,user_0043,0
53,user_0045,0
53,user_0002,0
53,user_0037,0
53,user_0056,0
53,user_0051,0
53,user_0022,0
53,user_0000,0
53,user_0335,3
53,user_0349,3
53,user_0306,3
53,user_0340,3
53,user_0316,3
53,user_0302,3
53,user_0312,3
53,user_0330,3
53,user_0315,3
53,user_0332,3
53,user_0313,3
53,user_0323,3
53,user_0338,3
53,user_0319,3
53,user_0304,3
53,user_0327,3
53,user_0311,3
53,user_0355,3
53,user_0310,3
53,user_0343,3
53,user_0345,3
53,user_0350,3
53,user_0342,3
53,user_0300,3
53,user_0339,3
53,user_0336,3
53,user_0359,3
53,user_0325,3
53,user_0307,3
53,user_0344,3
53,user_0331,3
53,user_0321,3
53,user_0351,3
53,user_0352,3
53,user_0318,3
53,user_0328,3
53,user_0347,3
53,user_0353,3
53,user_0357,3
53,user_0354,3
53,user_0303,3
53,user_0305,3
53,user_0348,3
53,user_0326,3
53,user_0333,3
53,user_0341,3
53,user_0346,3
53,user_0356,3
53,user_0324,3
53,user_0309,3
53,user_0322,3
53,user_0301,3
53,user_0317,3
53,user_0320,3
53,user_0337,3
53,user_0334,3
53,user_0308,3
53,user_0314,3
53,user_0180,4
53,user_0223,4
53,user_0205,4
53,user_0213,4
53,user_0187,4
53,user_0194,4
53,user_0181,4
53,user_0200,4
53,user_0228,4
53,user_0234,4
53,user_0189,4
53,user_0188,4
53,user_0229,4
53,user_0203,4
53,user_0224,4
53,user_0218,4
53,user_0220,4
53,user_0216,4
53,user_0190,4
53,user_0197,4
53,user_0239,4
53,user_0206,4
53,user_0192,4
53,user_0185,4
53,user_0191,4
53,user_0233,4
53,user_0183,4
53,user_0236,4
53,user_0211,4
53,user_0232,4
53,user_0219,4
53,user_0186,4
53,user_0208,4
53,user_0231,4
53,user_0215,4
53,user_0226,4
53,user_0217,4
53,user_0198,4
53,user_0184,4
53,user_0212,4
53,user_0237,4
53,user_0193,4
53,user_0214,4
53,user_0209,4
53,user_0199,4
53,user_0196,4
53,user_0227,4
53,user_0195,4
53,user_0201,4
53,user_0225,4
53,user_0204,4
53,user_0207,4
53,user_0221,4
53,user_0182,4
53,user_0202,4
53,user_0230,4
53,user_0222,4
53,user_0238,4
53,user_0074,1
53,user_0096,1
53,user_0077,1
53,user_0087,1
53,user_0069,1
53,user_0094,1
53,user_0109,1
53,user_0073,1
53,user_0092,1
53,user_0086,1
53,user_0076,1
53,user_0111,1
53,user_0081,1
53,user_0083,1
53,user_0118,1
53,user_0102,1
53,user_0079,1
53,user_0104,1
53,user_0103,1
53,user_0088,1
53,user_0091,1
53,user_0116,1
53,user_0098,1
53,user_0072,1
53,user_0113,1
53,user_0075,1
53,user_0068,1
53,user_0117,1
53,user_0090,1
53,user_0093,1
53,user_0089,1
53,user_0115,1
53,user_0100,1
53,user_0114,1
53,user_0078,1
53,user_0084,1
53,user_0110,1
53,user_0107,1
53,user_0106,1
53,user_0080,1
53,user_0099,1
53,user_0071,1
53,user_0095,1
53,user_0070,1
53,user_0082,1
53,user_0105,1
53,user_0108,1
53,user_0112,1
53,user_0119,1
53,user_0085,1
53,user_0097,1
53,user_0101,1
54,user_0263,5
54,user_0274,5
54,user_0262,5
54,user_0194,5
54,user_0281,5
54,user_0187,5
54,user_0280,5
54,user_0181,5
54,user_0200,5
54,user_0265,5
54,user_0228,5
54,user_0288,5
54,user_0272,5
54,user_0255,5
54,user_0188,5
54,user_0279,5
54,user_0252,5
54,user_0296,5
54,user_0216,5
54,user_0268,5
54,user_0190,5
54,user_0206,5
54,user_0185,5
54,user_0299,5
54,user_0273,5
54,user_0286,5
54,user_0282,5
54,user_0246,5
54,user_0270,5
54,user_0236,5
54,user_0232,5
54,user_0266,5
54,user_0276,5
54,user_0245,5
54,user_0283,5
54,user_0250,5
54,user_0294,5
54,user_0226,5
54,user_0215,5
54,user_0253,5
54,user_0198,5
54,user_0184,5
54,user_0292,5
54,user_0193,5
54,user_0242,5
54,user_0214,5
54,user_0199,5
54,user_0210,5
54,user_0260,5
54,user_0259,5
54,user_0137,5
54,user_0264,5
54,user_0201,5
54,user_0225,5
54,user_0298,5
54,user_0207,5
54,user_0221,5
54,user_0219,5
54,user_0209,5
54,user_0202,5
54,user_0278,5
54,user_0275,5
54,user_0257,5
54,user_0251,5
54,user_0247,5
54,user_0230,5
54,user_0222,5
54,user_0180,5
54,user_0267,5
54,user_0213,5
54,user_0223,5
54,user_0205,5
54,user_0234,5
54,user_0189,5
54,user_0287,5
54,user_0229,5
54,user_0203,5
54,user_0224,5
54,user_0218,5
54,user_0220,5
54,user_0297,5
54,user_0269,5
54,user_0244,5
54,user_0241,5
54,user_0197,5
54,user_0191,5
54,user_0239,5
54,user_0192,5
54,user_0277,5
54,user_0183,5
54,user_0233,5
54,user_0211,5
54,user_0258,5
54,user_0295,5
54,user_0186,5
54,user_0208,5
54,user_0248,5
54,user_0217,5
54,user_0243,5
54,user_0212,5
54,user_0237,5
54,user_0254,5
54,user_0290,5
54,user_0261,5
54,user_0196,5
54,user_0285,5
54,user_0240,5
54,user_0227,5
54,user_0293,5
54,user_0195,5
54,user_0271,5
54,user_0204,5
54,user_0235,5
54,user_0182,5
54,user_0256,5
54,user_0284,5
54,user_0289,5
54,user_0238,5
54,user_0179,2
54,user_0141,2
54,user_0128,2
54,user_0162,2
54,user_0134,2
54,user_0177,2
54,user_0174,2
54,user_0157,2
54,user_0158,2
54,user_0122,2
54,user_0147,2
54,user_0124,2
54,user_0168,2
54,user_0175,2
54,user_0145,2
54,user_0164,2
54,user_0065,2
54,user_0172,2
54,user_0062,2
54,user_0129,2
54,user_0133,2
54,user_0150,2
54,user_0142,2
54,user_0153,2
54,user_0130,2
54,user_0169,2
54,user_0138,2
54,user_0136,2
54,user_0120,2
54,user_0123,2
54,user_0178,2
54,user_0132,2
54,user_0171,2
54,user_0139,2
54,user_0121,2
54,user_0149,2
54,user_0148,2
54,user_0151,2
54,user_0163,2
54,user_0152,2
54,user_0144,2
54,user_0064,2
54,user_0143,2
54,user_0159,2
54,user_0160,2
54,user_0131,2
54,user_0067,2
54,user_0146,2
54,user_0166,2
54,user_0170,2
54,user_0063,2
54,user_0165,2
54,user_0135,2
54,user_0126,2
54,user_0156,2
54,user_0125,2
54,user_0061,2
54,user_0167,2
54,user_0060,2
54,user_0154,2
54,user_0173,2
54,user_0127,2
54,user_0161,2
54,user_0066,2
54,user_0140,2
54,user_0291,3
54,user_0335,3
54,user_0340,3
54,user_0349,3
54,user_0306,3
54,user_0316,3
54,user_0302,3
54,user_0329,3
54,user_0312,3
54,user_0330,3
54,user_0315,3
54,user_0332,3
54,user_0313,3
54,user_0323,3
54,user_0155,3
54,user_0338,3
54,user_0176,3
54,user_0319,3
54,user_0327,3
54,user_0304,3
54,user_0358,3
54,user_0311,3
54,user_0310,3
54,user_0355,3
54,user_0350,3
54,user_0345,3
54,user_0342,3
54,user_0339,3
54,user_0343,3
54,user_0300,3
54,user_0336,3
54,user_0359,3
54,user_0325,3
54,user_0307,3
54,user_0344,3
54,user_0331,3
54,user_0351,3
54,user_0321,3
54,user_0352,3
54,user_0318,3
54,user_0328,3
54,user_0347,3
54,user_0353,3
54,user_0357,3
54,user_0354,3
54,user_0303,3
54,user_0305,3
54,user_0348,3
54,user_0326,3
54,user_0333,3
54,user_0341,3
54,user_0346,3
54,user_0356,3
54,user_0324,3
54,user_0309,3
54,user_0322,3
54,user_0301,3
54,user_0317,3
54,user_0320,3
54,user_0337,3
54,user_0334,3
54,user_0308,3
54,user_0314,3
54,user_0018,0
54,user_0032,0
54,user_0010,0
54,user_0041,0
54,user_0030,0
54,user_0031,0
54,user_0059,0
54,user_0042,0
54,user_0003,0
54,user_0025,0
54,user_0054,0
54,user_0014,0
54,user_0007,0
54,user_0023,0
54,user_0039,0
54,user_0057,0
54,user_0000,0
54,user_0021,0
54,user_0020,0
54,user_0001,0
54,user_0011,0
54,user_0034,0
54,user_0017,0
54,user_0040,0
54,user_0005,0
54,user_0016,0
54,user_0048,0
54,user_0008,0
54,user_0029,0
54,user_0044,0
54,user_0028,0
54,user_0038,0
54,user_0019,0
54,user_0009,0
54,user_0055,0
54,user_0047,0
54,user_0050,0
54,user_0058,0
54,user_0036,0
54,user_0015,0
54,user_0004,0
54,user_0052,0
54,user_0049,0
54,user_0026,0
54,user_0027,0
54,user_0035,0
54,user_0006,0
54,user_0012,0
54,user_0024,0
54,user_0033,0
54,user_0043,0
54,user_0013,0
54,user_0053,0
54,user_0002,0
54,user_0045,0
54,user_0037,0
54,user_0056,0
54,user_0051,0
54,user_0022,0
54,user_0046,0
54,user_0074,1
54,user_0096,1
54,user_0077,1
54,user_0087,1
54,user_0069,1
54,user_0094,1
54,user_0109,1
54,user_0073,1
54,user_0092,1
54,user_0086,1
54,user_0111,1
54,user_0081,1
54,user_0083,1
54,user_0118,1
54,user_0076,1
54,user_0102,1
54,user_0079,1
54,user_0104,1
54,user_0103,1
54,user_0091,1
54,user_0088,1
54,user_0116,1
54,user_0098,1
54,user_0231,1
54,user_0072,1
54,user_0113,1
54,user_0075,1
54,user_0117,1
54,user_0090,1
54,user_0068,1
54,user_0093,1
54,user_0089,1
54,user_0115,1
54,user_0100,1
54,user_0107,1
54,user_0114,1
54,user_0078,1
54,user_0084,1
54,user_0110,1
54,user_0106,1
54,user_0080,1
54,user_0099,1
54,user_0071,1
54,user_0095,1
54,user_0070,1
54,user_0108,1
54,user_0082,1
54,user_0105,1
54,user_0119,1
54,user_0112,1
54,user_0085,1
54,user_0097,1
54,user_0101,1
55,user_0263,5
55,user_0274,5
55,user_0262,5
55,user_0194,5
55,user_0281,5
55,user_0181,5
55,user_0200,5
55,user_0228,5
55,user_0265,5
55,user_0280,5
55,user_0272,5
55,user_0255,5
55,user_0188,5
55,user_0279,5
55,user_0252,5
55,user_0296,5
55,user_0216,5
55,user_0190,5
55,user_0268,5
55,user_0185,5
55,user_0286,5
55,user_0273,5
55,user_0282,5
55,user_0270,5
55,user_0236,5
55,user_0246,5
55,user_0232,5
55,user_0266,5
55,user_0276,5
55,user_0283,5
55,user_0245,5
55,user_0250,5
55,user_0226,5
55,user_0294,5
55,user_0253,5
55,user_0198,5
55,user_0184,5
55,user_0292,5
55,user_0193,5
55,user_0242,5
55,user_0214,5
55,user_0199,5
55,user_0210,5
55,user_0260,5
55,user_0264,5
55,user_0259,5
55,user_0201,5
55,user_0225,5
55,user_0298,5
55,user_0207,5
55,user_0209,5
55,user_0221,5
55,user_0202,5
55,user_0219,5
55,user_0278,5
55,user_0257,5
55,user_0251,5
55,user_0230,5
55,user_0222,5
55,user_0275,5
55,user_0247,5
55,user_0180,5
55,user_0291,5
55,user_0267,5
55,user_0223,5
55,user_0205,5
55,user_0213,5
55,user_0234,5
55,user_0189,5
55,user_0287,5
55,user_0229,5
55,user_0203,5
55,user_0224,5
55,user_0218,5
55,user_0220,5
55,user_0297,5
55,user_0269,5
55,user_0244,5
55,user_0241,5
55,user_0197,5
55,user_0191,5
55,user_0239,5
55,user_0192,5
55,user_0277,5
55,user_0233,5
55,user_0183,5
55,user_0211,5
55,user_0258,5
55,user_0295,5
55,user_0231,5
55,user_0208,5
55,user_0186,5
55,user_0248,5
55,user_0217,5
55,user_0243,5
55,user_0212,5
55,user_0237,5
55,user_0254,5
55,user_0290,5
55,user_0261,5
55,user_0196,5
55,user_0285,5
55,user_0240,5
55,user_0195,5
55,user_0293,5
55,user_0227,5
55,user_0271,5
55,user_0204,5
55,user_0235,5
55,user_0182,5
55,user_0256,5
55,user_0284,5
55,user_0289,5
55,user_0238,5
55,user_0179,2
55,user_0141,2
55,user_0128,2
55,user_0162,2
55,user_0134,2
55,user_0177,2
55,user_0174,2
55,user_0157,2
55,user_0158,2
55,user_0176,2
55,user_0122,2
55,user_0147,2
55,user_0124,2
55,user_0168,2
55,user_0175,2
55,user_0299,2
55,user_0145,2
55,user_0164,2
55,user_0065,2
55,user_0172,2
55,user_0062,2
55,user_0129,2
55,user_0133,2
55,user_0150,2
55,user_0142,2
55,user_0153,2
55,user_0130,2
55,user_0169,2
55,user_0123,2
55,user_0120,2
55,user_0136,2
55,user_0138,2
55,user_0137,2
55,user_0178,2
55,user_0132,2
55,user_0171,2
55,user_0139,2
55,user_0121,2
55,user_0149,2
55,user_0155,2
55,user_0148,2
55,user_0151,2
55,user_0163,2
55,user_0152,2
55,user_0144,2
55,user_0064,2
55,user_0143,2
55,user_0159,2
55,user_0160,2
55,user_0131,2
55,user_0067,2
55,user_0146,2
55,user_0166,2
55,user_0170,2
55,user_0063,2
55,user_0165,2
55,user_0135,2
55,user_0126,2
55,user_0156,2
55,user_0125,2
55,user_0061,2
55,user_0060,2
55,user_0167,2
55,user_0154,2
55,user_0173,2
55,user_0127,2
55,user_0161,2
55,user_0066,2
55,user_0140,2
55,user_0349,3
55,user_0340,3
55,user_0316,3
55,user_0187,3
55,user_0249,3
55,user_0329,3
55,user_0312,3
55,user_0315,3
55,user_0327,3
55,user_0358,3
55,user_0311,3
55,user_0310,3
55,user_0086,3
55,user_0350,3
55,user_0206,3
55,user_0342,3
55,user_0339,3
55,user_0325,3
55,user_0344,3
55,user_0351,3
55,user_0321,3
55,user_0318,3
55,user_0328,3
55,user_0357,3
55,user_0354,3
55,user_0326,3
55,user_0346,3
55,user_0356,3
55,user_0324,3
55,user_0301,3
55,user_0317,3
55,user_0308,3
55,user_0335,3
55,user_0306,3
55,user_0302,3
55,user_0330,3
55,user_0332,3
55,user_0313,3
55,user_0323,3
55,user_0338,3
55,user_0319,3
55,user_0304,3
55,user_0355,3
55,user_0345,3
55,user_0343,3
55,user_0300,3
55,user_0336,3
55,user_0359,3
55,user_0307,3
55,user_0331,3
55,user_0352,3
55,user_0347,3
55,user_0353,3
55,user_0303,3
55,user_0305,3
55,user_0348,3
55,user_0341,3
55,user_0309,3
55,user_0322,3
55,user_0320,3
55,user_0337,3
55,user_0334,3
55,user_0333,3
55,user_0314,3
55,user_0018,0
55,user_0032,0
55,user_0010,0
55,user_0041,0
55,user_0030,0
55,user_0031,0
55,user_0059,0
55,user_0042,0
55,user_0003,0
55,user_0025,0
55,user_0054,0
55,user_0288,0
55,user_0014,0
55,user_0007,0
55,user_0023,0
55,user_0039,0
55,user_0057,0
55,user_0021,0
55,user_0020,0
55,user_0001,0
55,user_0011,0
55,user_0034,0
55,user_0016,0
55,user_0017,0
55,user_0005,0
55,user_0040,0
55,user_0048,0
55,user_0008,0
55,user_0029,0
55,user_0046,0
55,user_0044,0
55,user_0028,0
55,user_0038,0
55,user_0019,0
55,user_0055,0
55,user_0009,0
55,user_0047,0
55,user_0050,0
55,user_0058,0
55,user_0036,0
55,user_0015,0
55,user_0037,0
55,user_0052,0
55,user_0004,0
55,user_0049,0
55,user_0026,0
55,user_0027,0
55,user_0035,0
55,user_0006,0
55,user_0012,0
55,user_0024,0
55,user_0033,0
55,user_0013,0
55,user_0053,0
55,user_0043,0
55,user_0002,0
55,user_0045,0
55,user_0056,0
55,user_0051,0
55,user_0022,0
55,user_0000,0
55,user_0074,1
55,user_0096,1
55,user_0077,1
55,user_0087,1
55,user_0069,1
55,user_0094,1
55,user_0109,1
55,user_0073,1
55,user_0092,1
55,user_0111,1
55,user_0088,1
55,user_0118,1
55,user_0083,1
55,user_0081,1
55,user_0102,1
55,user_0079,1
55,user_0076,1
55,user_0103,1
55,user_0091,1
55,user_0104,1
55,user_0116,1
55,user_0098,1
55,user_0072,1
55,user_0215,1
55,user_0113,1
55,user_0075,1
55,user_0068,1
55,user_0090,1
55,user_0117,1
55,user_0093,1
55,user_0089,1
55,user_0115,1
55,user_0100,1
55,user_0114,1
55,user_0110,1
55,user_0084,1
55,user_0107,1
55,user_0078,1
55,user_0106,1
55,user_0080,1
55,user_0099,1
55,user_0071,1
55,user_0095,1
55,user_0070,1
55,user_0108,1
55,user_0105,1
55,user_0082,1
55,user_0119,1
55,user_0112,1
55,user_0085,1
55,user_0097,1
55,user_0101,1
56,user_0262,5
56,user_0194,5
56,user_0281,5
56,user_0187,5
56,user_0249,5
56,user_0181,5
56,user_0280,5
56,user_0200,5
56,user_0288,5
56,user_0272,5
56,user_0188,5
56,user_0255,5
56,user_0279,5
56,user_0252,5
56,user_0296,5
56,user_0216,5
56,user_0299,5
56,user_0190,5
56,user_0268,5
56,user_0185,5
56,user_0339,5
56,user_0273,5
56,user_0286,5
56,user_0270,5
56,user_0246,5
56,user_0236,5
56,user_0282,5
56,user_0232,5
56,user_0266,5
56,user_0276,5
56,user_0245,5
56,user_0283,5
56,user_0250,5
56,user_0294,5
56,user_0226,5
56,user_0253,5
56,user_0198,5
56,user_0184,5
56,user_0292,5
56,user_0193,5
56,user_0242,5
56,user_0214,5
56,user_0199,5
56,user_0210,5
56,user_0259,5
56,user_0260,5
56,user_0346,5
56,user_0264,5
56,user_0201,5
56,user_0225,5
56,user_0298,5
56,user_0207,5
56,user_0221,5
56,user_0219,5
56,user_0202,5
56,user_0278,5
56,user_0275,5
56,user_0230,5
56,user_0251,5
56,user_0247,5
56,user_0222,5
56,user_0180,5
56,user_0291,5
56,user_0267,5
56,user_0223,5
56,user_0205,5
56,user_0213,5
56,user_0234,5
56,user_0189,5
56,user_0229,5
56,user_0203,5
56,user_0287,5
56,user_0224,5
56,user_0218,5
56,user_0220,5
56,user_0297,5
56,user_0244,5
56,user_0269,5
56,user_0241,5
56,user_0191,5
56,user_0197,5
56,user_0239,5
56,user_0192,5
56,user_0233,5
56,user_0183,5
56,user_0211,5
56,user_0258,5
56,user_0295,5
56,user_0231,5
56,user_0186,5
56,user_0208,5
56,user_0248,5
56,user_0217,5
56,user_0243,5
56,user_0212,5
56,user_0237,5
56,user_0254,5
56,user_0261,5
56,user_0341,5
56,user_0196,5
56,user_0240,5
56,user_0227,5
56,user_0195,5
56,user_0293,5
56,user_0271,5
56,user_0204,5
56,user_0235,5
56,user_0182,5
56,user_0256,5
56,user_0284,5
56,user_0289,5
56,user_0238,5
56,user_0179,2
56,user_0141,2
56,user_0128,2
56,user_0162,2
56,user_0134,2
56,user_0177,2
56,user_0174,2
56,user_0157,2
56,user_0158,2
56,user_0176,2
56,user_0122,2
56,user_0147,2
56,user_0124,2
56,user_0175,2
56,user_0145,2
56,user_0164,2
56,user_0065,2
56,user_0172,2
56,user_0062,2
56,user_0129,2
56,user_0133,2
56,user_0150,2
56,user_0142,2
56,user_0153,2
56,user_0130,2
56,user_0169,2
56,user_0123,2
56,user_0138,2
56,user_0136,2
56,user_0120,2
56,user_0137,2
56,user_0178,2
56,user_0132,2
56,user_0171,2
56,user_0139,2
56,user_0121,2
56,user_0149,2
56,user_0155,2
56,user_0148,2
56,user_0151,2
56,user_0163,2
56,user_0152,2
56,user_0064,2
56,user_0144,2
56,user_0143,2
56,user_0159,2
56,user_0160,2
56,user_0131,2
56,user_0067,2
56,user_0146,2
56,user_0166,2
56,user_0170,2
56,user_0063,2
56,user_0165,2
56,user_0135,2
56,user_0126,2
56,user_0156,2
56,user_0125,2
56,user_0061,2
56,user_0060,2
56,user_0167,2
56,user_0154,2
56,user_0173,2
56,user_0127,2
56,user_0161,2
56,user_0066,2
56,user_0140,2
56,user_0032,0
56,user_0274,0
56,user_0010,0
56,user_0316,0
56,user_0059,0
56,user_0003,0
56,user_0228,0
56,user_0054,0
56,user_0039,0
56,user_0168,0
56,user_0311,0
56,user_0011,0
56,user_0034,0
56,user_0017,0
56,user_0048,0
56,user_0008,0
56,user_0029,0
56,user_0009,0
56,user_0019,0
56,user_0055,0
56,user_0047,0
56,user_0050,0
56,user_0058,0
56,user_0015,0
56,user_0004,0
56,user_0026,0
56,user_0027,0
56,user_0035,0
56,user_0053,0
56,user_0002,0
56,user_0045,0
56,user_0051,0
56,user_0046,0
56,user_0018,0
56,user_0041,0
56,user_0030,0
56,user_0031,0
56,user_0042,0
56,user_0025,0
56,user_0014,0
56,user_0007,0
56,user_0023,0
56,user_0057,0
56,user_0000,0
56,user_0021,0
56,user_0020,0
56,user_0001,0
56,user_0016,0
56,user_0040,0
56,user_0005,0
56,user_0044,0
56,user_0038,0
56,user_0036,0
56,user_0052,0
56,user_0049,0
56,user_0006,0
56,user_0285,0
56,user_0012,0
56,user_0024,0
56,user_0043,0
56,user_0013,0
56,user_0033,0
56,user_0037,0
56,user_0056,0
56,user_0022,0
56,user_0028,0
56,user_0335,3
56,user_0349,3
56,user_0306,3
56,user_0340,3
56,user_0302,3
56,user_0329,3
56,user_0312,3
56,user_0330,3
56,user_0315,3
56,user_0332,3
56,user_0313,3
56,user_0323,3
56,user_0338,3
56,user_0319,3
56,user_0304,3
56,user_0327,3
56,user_0358,3
56,user_0310,3
56,user_0345,3
56,user_0343,3
56,user_0206,3
56,user_0355,3
56,user_0342,3
56,user_0300,3
56,user_0350,3
56,user_0336,3
56,user_0359,3
56,user_0325,3
56,user_0307,3
56,user_0344,3
56,user_0321,3
56,user_0351,3
56,user_0352,3
56,user_0318,3
56,user_0215,3
56,user_0328,3
56,user_0347,3
56,user_0257,3
56,user_0353,3
56,user_0357,3
56,user_0354,3
56,user_0303,3
56,user_0305,3
56,user_0348,3
56,user_0326,3
56,user_0333,3
56,user_0356,3
56,user_0309,3
56,user_0324,3
56,user_0322,3
56,user_0301,3
56,user_0317,3
56,user_0334,3
56,user_0320,3
56,user_0337,3
56,user_0209,3
56,user_0331,3
56,user_0308,3
56,user_0314,3
56,user_0074,1
56,user_0263,1
56,user_0096,1
56,user_0077,1
56,user_0265,1
56,user_0087,1
56,user_0069,1
56,user_0094,1
56,user_0109,1
56,user_0073,1
56,user_0092,1
56,user_0086,1
56,user_0111,1
56,user_0076,1
56,user_0083,1
56,user_0081,1
56,user_0088,1
56,user_0118,1
56,user_0079,1
56,user_0103,1
56,user_0104,1
56,user_0091,1
56,user_0102,1
56,user_0116,1
56,user_0098,1
56,user_0072,1
56,user_0113,1
56,user_0075,1
56,user_0117,1
56,user_0090,1
56,user_0068,1
56,user_0093,1
56,user_0089,1
56,user_0115,1
56,user_0100,1
56,user_0290,1
56,user_0107,1
56,user_0078,1
56,user_0110,1
56,user_0114,1
56,user_0084,1
56,user_0106,1
56,user_0080,1
56,user_0099,1
56,user_0071,1
56,user_0095,1
56,user_0108,1
56,user_0105,1
56,user_0082,1
56,user_0070,1
56,user_0119,1
56,user_0112,1
56,user_0085,1
56,user_0097,1
56,user_0101,1
57,user_0274,5
57,user_0262,5
57,user_0194,5
57,user_0281,5
57,user_0187,5
57,user_0280,5
57,user_0181,5
57,user_0200,5
57,user_0228,5
57,user_0288,5
57,user_0272,5
57,user_0255,5
57,user_0188,5
57,user_0279,5
57,user_0252,5
57,user_0296,5
57,user_0216,5
57,user_0190,5
57,user_0299,5
57,user_0268,5
57,user_0185,5
57,user_0206,5
57,user_0273,5
57,user_0286,5
57,user_0282,5
57,user_0270,5
57,user_0246,5
57,user_0236,5
57,user_0232,5
57,user_0266,5
57,user_0276,5
57,user_0245,5
57,user_0283,5
57,user_0250,5
57,user_0226,5
57,user_0215,5
57,user_0294,5
57,user_0253,5
57,user_0198,5
57,user_0184,5
57,user_0292,5
57,user_0193,5
57,user_0242,5
57,user_0214,5
57,user_0210,5
57,user_0199,5
57,user_0259,5
57,user_0264,5
57,user_0260,5
57,user_0201,5
57,user_0225,5
57,user_0298,5
57,user_0207,5
57,user_0221,5
57,user_0219,5
57,user_0202,5
57,user_0209,5
57,user_0275,5
57,user_0230,5
57,user_0251,5
57,user_0278,5
57,user_0257,5
57,user_0222,5
57,user_0247,5
57,user_0180,5
57,user_0291,5
57,user_0267,5
57,user_0213,5
57,user_0223,5
57,user_0205,5
57,user_0234,5
57,user_0189,5
57,user_0203,5
57,user_0287,5
57,user_0229,5
57,user_0224,5
57,user_0218,5
57,user_0220,5
57,user_0297,5
57,user_0244,5
57,user_0269,5
57,user_0241,5
57,user_0197,5
57,user_0191,5
57,user_0239,5
57,user_0192,5
57,user_0277,5
57,user_0183,5
57,user_0233,5
57,user_0211,5
57,user_0258,5
57,user_0295,5
57,user_0231,5
57,user_0186,5
57,user_0208,5
57,user_0248,5
57,user_0217,5
57,user_0243,5
57,user_0212,5
57,user_0237,5
57,user_0254,5
57,user_0290,5
57,user_0261,5
57,user_0196,5
57,user_0285,5
57,user_0227,5
57,user_0240,5
57,user_0293,5
57,user_0195,5
57,user_0271,5
57,user_0204,5
57,user_0235,5
57,user_0337,5
57,user_0182,5
57,user_0256,5
57,user_0284,5
57,user_0289,5
57,user_0238,5
57,user_0179,2
57,user_0141,2
57,user_0128,2
57,user_0162,2
57,user_0134,2
57,user_0177,2
57,user_0174,2
57,user_0157,2
57,user_0158,2
57,user_0176,2
57,user_0122,2
57,user_0147,2
57,user_0124,2
57,user_0168,2
57,user_0175,2
57,user_0145,2
57,user_0164,2
57,user_0065,2
57,user_0172,2
57,user_0062,2
57,user_0129,2
57,user_0133,2
57,user_0150,2
57,user_0142,2
57,user_0153,2
57,user_0130,2
57,user_0169,2
57,user_0138,2
57,user_0123,2
57,user_0120,2
57,user_0136,2
57,user_0137,2
57,user_0178,2
57,user_0132,2
57,user_0171,2
57,user_0139,2
57,user_0121,2
57,user_0149,2
57,user_0155,2
57,user_0148,2
57,user_0151,2
57,user_0163,2
57,user_0152,2
57,user_0064,2
57,user_0144,2
57,user_0143,2
57,user_0159,2
57,user_0160,2
57,user_0131,2
57,user_0067,2
57,user_0146,2
57,user_0166,2
57,user_0170,2
57,user_0063,2
57,user_0165,2
57,user_0135,2
57,user_0126,2
57,user_0156,2
57,user_0125,2
57,user_0061,2
57,user_0060,2
57,user_0167,2
57,user_0154,2
57,user_0173,2
57,user_0127,2
57,user_0161,2
57,user_0066,2
57,user_0140,2
57,user_0018,0
57,user_0032,0
57,user_0010,0
57,user_0041,0
57,user_0030,0
57,user_0031,0
57,user_0059,0
57,user_0316,0
57,user_0042,0
57,user_0003,0
57,user_0025,0
57,user_0054,0
57,user_0014,0
57,user_0007,0
57,user_0023,0
57,user_0039,0
57,user_0057,0
57,user_0021,0
57,user_0020,0
57,user_0001,0
57,user_0011,0
57,user_0034,0
57,user_0016,0
57,user_0040,0
57,user_0005,0
57,user_0017,0
57,user_0048,0
57,user_0008,0
57,user_0046,0
57,user_0029,0
57,user_0044,0
57,user_0028,0
57,user_0038,0
57,user_0009,0
57,user_0055,0
57,user_0019,0
57,user_0047,0
57,user_0050,0
57,user_0058,0
57,user_0036,0
57,user_0015,0
57,user_0004,0
57,user_0052,0
57,user_0049,0
57,user_0026,0
57,user_0027,0
57,user_0035,0
57,user_0006,0
57,user_0012,0
57,user_0024,0
57,user_0043,0
57,user_0033,0
57,user_0053,0
57,user_0013,0
57,user_0045,0
57,user_0002,0
57,user_0037,0
57,user_0056,0
57,user_0051,0
57,user_0022,0
57,user_0000,0
57,user_0263,3
57,user_0335,3
57,user_0349,3
57,user_0340,3
57,user_0306,3
57,user_0302,3
57,user_0249,3
57,user_0329,3
57,user_0312,3
57,user_0330,3
57,user_0315,3
57,user_0332,3
57,user_0313,3
57,user_0323,3
57,user_0338,3
57,user_0319,3
57,user_0304,3
57,user_0327,3
57,user_0358,3
57,user_0311,3
57,user_0355,3
57,user_0345,3
57,user_0343,3
57,user_0350,3
57,user_0342,3
57,user_0300,3
57,user_0339,3
57,user_0310,3
57,user_0336,3
57,user_0359,3
57,user_0325,3
57,user_0307,3
57,user_0331,3
57,user_0344,3
57,user_0321,3
57,user_0351,3
57,user_0352,3
57,user_0318,3
57,user_0328,3
57,user_0353,3
57,user_0357,3
57,user_0354,3
57,user_0303,3
57,user_0305,3
57,user_0348,3
57,user_0326,3
57,user_0333,3
57,user_0341,3
57,user_0346,3
57,user_0356,3
57,user_0309,3
57,user_0324,3
57,user_0322,3
57,user_0301,3
57,user_0317,3
57,user_0320,3
57,user_0334,3
57,user_0308,3
57,user_0314,3
57,user_0074,1
57,user_0096,1
57,user_0077,1
57,user_0265,1
57,user_0087,1
57,user_0069,1
57,user_0094,1
57,user_0109,1
57,user_0073,1
57,user_0092,1
57,user_0086,1
57,user_0076,1
57,user_0111,1
57,user_0081,1
57,user_0088,1
57,user_0118,1
57,user_0102,1
57,user_0079,1
57,user_0103,1
57,user_0104,1
57,user_0091,1
57,user_0083,1
57,user_0116,1
57,user_0098,1
57,user_0072,1
57,user_0113,1
57,user_0347,1
57,user_0117,1
57,user_0090,1
57,user_0068,1
57,user_0075,1
57,user_0093,1
57,user_0089,1
57,user_0115,1
57,user_0100,1
57,user_0107,1
57,user_0078,1
57,user_0110,1
57,user_0114,1
57,user_0084,1
57,user_0106,1
57,user_0080,1
57,user_0099,1
57,user_0071,1
57,user_0095,1
57,user_0070,1
57,user_0108,1
57,user_0082,1
57,user_0105,1
57,user_0119,1
57,user_0112,1
57,user_0085,1
57,user_0097,1
57,user_0101,1
58,user_0263,5
58,user_0274,5
58,user_0262,5
58,user_0187,5
58,user_0281,5
58,user_0194,5
58,user_0280,5
58,user_0181,5
58,user_0200,5
58,user_0228,5
58,user_0265,5
58,user_0249,5
58,user_0288,5
58,user_0272,5
58,user_0255,5
58,user_0188,5
58,user_0279,5
58,user_0252,5
58,user_0296,5
58,user_0216,5
58,user_0190,5
58,user_0299,5
58,user_0268,5
58,user_0185,5
58,user_0206,5
58,user_0273,5
58,user_0282,5
58,user_0286,5
58,user_0270,5
58,user_0236,5
58,user_0246,5
58,user_0232,5
58,user_0266,5
58,user_0276,5
58,user_0245,5
58,user_0283,5
58,user_0250,5
58,user_0226,5
58,user_0215,5
58,user_0294,5
58,user_0253,5
58,user_0198,5
58,user_0184,5
58,user_0292,5
58,user_0193,5
58,user_0242,5
58,user_0214,5
58,user_0210,5
58,user_0199,5
58,user_0259,5
58,user_0260,5
58,user_0201,5
58,user_0225,5
58,user_0298,5
58,user_0207,5
58,user_0221,5
58,user_0219,5
58,user_0202,5
58,user_0209,5
58,user_0278,5
58,user_0275,5
58,user_0251,5
58,user_0257,5
58,user_0222,5
58,user_0247,5
58,user_0230,5
58,user_0180,5
58,user_0291,5
58,user_0267,5
58,user_0213,5
58,user_0223,5
58,user_0205,5
58,user_0234,5
58,user_0189,5
58,user_0203,5
58,user_0287,5
58,user_0229,5
58,user_0224,5
58,user_0218,5
58,user_0220,5
58,user_0297,5
58,user_0269,5
58,user_0244,5
58,user_0241,5
58,user_0191,5
58,user_0197,5
58,user_0239,5
58,user_0192,5
58,user_0277,5
58,user_0183,5
58,user_0233,5
58,user_0211,5
58,user_0258,5
58,user_0295,5
58,user_0231,5
58,user_0186,5
58,user_0208,5
58,user_0248,5
58,user_0217,5
58,user_0243,5
58,user_0212,5
58,user_0237,5
58,user_0254,5
58,user_0290,5
58,user_0261,5
58,user_0196,5
58,user_0285,5
58,user_0227,5
58,user_0240,5
58,user_0293,5
58,user_0195,5
58,user_0271,5
58,user_0204,5
58,user_0235,5
58,user_0182,5
58,user_0256,5
58,user_0284,5
58,user_0289,5
58,user_0238,5
58,user_0179,2
58,user_0141,2
58,user_0128,2
58,user_0162,2
58,user_0134,2
58,user_0177,2
58,user_0174,2
58,user_0157,2
58,user_0158,2
58,user_0176,2
58,user_0122,2
58,user_0147,2
58,user_0124,2
58,user_0168,2
58,user_0175,2
58,user_0145,2
58,user_0164,2
58,user_0065,2
58,user_0172,2
58,user_0062,2
58,user_0129,2
58,user_0133,2
58,user_0150,2
58,user_0142,2
58,user_0153,2
58,user_0130,2
58,user_0169,2
58,user_0138,2
58,user_0136,2
58,user_0120,2
58,user_0123,2
58,user_0137,2
58,user_0178,2
58,user_0132,2
58,user_0171,2
58,user_0139,2
58,user_0121,2
58,user_0149,2
58,user_0155,2
58,user_0148,2
58,user_0151,2
58,user_0163,2
58,user_0152,2
58,user_0064,2
58,user_0143,2
58,user_0159,2
58,user_0160,2
58,user_0131,2
58,user_0067,2
58,user_0146,2
58,user_0166,2
58,user_0170,2
58,user_0063,2
58,user_0165,2
58,user_0135,2
58,user_0126,2
58,user_0156,2
58,user_0125,2
58,user_0060,2
58,user_0167,2
58,user_0061,2
58,user_0154,2
58,user_0173,2
58,user_0127,2
58,user_0161,2
58,user_0066,2
58,user_0140,2
58,user_0018,0
58,user_0032,0
58,user_0010,0
58,user_0041,0
58,user_0030,0
58,user_0031,0
58,user_0059,0
58,user_0042,0
58,user_0003,0
58,user_0025,0
58,user_0054,0
58,user_0014,0
58,user_0007,0
58,user_0023,0
58,user_0039,0
58,user_0057,0
58,user_0021,0
58,user_0020,0
58,user_0001,0
58,user_0011,0
58,user_0034,0
58,user_0350,0
58,user_0016,0
58,user_0040,0
58,user_0017,0
58,user_0005,0
58,user_0048,0
58,user_0008,0
58,user_0029,0
58,user_0046,0
58,user_0044,0
58,user_0028,0
58,user_0038,0
58,user_0019,0
58,user_0055,0
58,user_0009,0
58,user_0047,0
58,user_0050,0
58,user_0058,0
58,user_0036,0
58,user_0015,0
58,user_0004,0
58,user_0052,0
58,user_0049,0
58,user_0026,0
58,user_0027,0
58,user_0035,0
58,user_0006,0
58,user_0012,0
58,user_0024,0
58,user_0033,0
58,user_0013,0
58,user_0053,0
58,user_0043,0
58,user_0002,0
58,user_0045,0
58,user_0037,0
58,user_0056,0
58,user_0051,0
58,user_0022,0
58,user_0000,0
58,user_0335,3
58,user_0340,3
58,user_0349,3
58,user_0306,3
58,user_0316,3
58,user_0302,3
58,user_0329,3
58,user_0312,3
58,user_0330,3
58,user_0315,3
58,user_0332,3
58,user_0313,3
58,user_0323,3
58,user_0338,3
58,user_0319,3
58,user_0304,3
58,user_0327,3
58,user_0358,3
58,user_0144,3
58,user_0311,3
58,user_0310,3
58,user_0355,3
58,user_0343,3
58,user_0345,3
58,user_0342,3
58,user_0300,3
58,user_0339,3
58,user_0336,3
58,user_0359,3
58,user_0325,3
58,user_0307,3
58,user_0331,3
58,user_0344,3
58,user_0321,3
58,user_0352,3
58,user_0318,3
58,user_0328,3
58,user_0347,3
58,user_0353,3
58,user_0357,3
58,user_0354,3
58,user_0303,3
58,user_0305,3
58,user_0348,3
58,user_0326,3
58,user_0333,3
58,user_0341,3
58,user_0346,3
58,user_0356,3
58,user_0324,3
58,user_0309,3
58,user_0322,3
58,user_0301,3
58,user_0317,3
58,user_0320,3
58,user_0337,3
58,user_0334,3
58,user_0308,3
58,user_0314,3
58,user_0074,1
58,user_0096,1
58,user_0077,1
58,user_0087,1
58,user_0069,1
58,user_0094,1
58,user_0109,1
58,user_0073,1
58,user_0092,1
58,user_0086,1
58,user_0076,1
58,user_0081,1
58,user_0118,1
58,user_0083,1
58,user_0111,1
58,user_0102,1
58,user_0079,1
58,user_0103,1
58,user_0088,1
58,user_0091,1
58,user_0104,1
58,user_0116,1
58,user_0098,1
58,user_0072,1
58,user_0113,1
58,user_0075,1
58,user_0117,1
58,user_0068,1
58,user_0090,1
58,user_0093,1
58,user_0089,1
58,user_0115,1
58,user_0100,1
58,user_0107,1
58,user_0110,1
58,user_0084,1
58,user_0114,1
58,user_0078,1
58,user_0106,1
58,user_0080,1
58,user_0099,1
58,user_0071,1
58,user_0095,1
58,user_0070,1
58,user_0105,1
58,user_0108,1
58,user_0082,1
58,user_0112,1
58,user_0119,1
58,user_0085,1
58,user_0097,1
58,user_0101,1
59,user_0263,5
59,user_0274,5
59,user_0262,5
59,user_0316,5
59,user_0187,5
59,user_0194,5
59,user_0281,5
59,user_0249,5
59,user_0280,5
59,user_0181,5
59,user_0265,5
59,user_0200,5
59,user_0288,5
59,user_0272,5
59,user_0188,5
59,user_0255,5
59,user_0174,5
59,user_0279,5
59,user_0252,5
59,user_0296,5
59,user_0216,5
59,user_0190,5
59,user_0268,5
59,user_0185,5
59,user_0206,5
59,user_0299,5
59,user_0286,5
59,user_0273,5
59,user_0270,5
59,user_0246,5
59,user_0236,5
59,user_0232,5
59,user_0266,5
59,user_0276,5
59,user_0283,5
59,user_0245,5
59,user_0250,5
59,user_0226,5
59,user_0294,5
59,user_0215,5
59,user_0253,5
59,user_0198,5
59,user_0354,5
59,user_0184,5
59,user_0292,5
59,user_0193,5
59,user_0242,5
59,user_0214,5
59,user_0210,5
59,user_0199,5
59,user_0259,5
59,user_0260,5
59,user_0356,5
59,user_0201,5
59,user_0225,5
59,user_0298,5
59,user_0207,5
59,user_0209,5
59,user_0221,5
59,user_0219,5
59,user_0202,5
59,user_0278,5
59,user_0275,5
59,user_0251,5
59,user_0230,5
59,user_0247,5
59,user_0222,5
59,user_0180,5
59,user_0291,5
59,user_0267,5
59,user_0213,5
59,user_0223,5
59,user_0205,5
59,user_0234,5
59,user_0189,5
59,user_0229,5
59,user_0203,5
59,user_0287,5
59,user_0319,5
59,user_0224,5
59,user_0218,5
59,user_0220,5
59,user_0297,5
59,user_0244,5
59,user_0269,5
59,user_0241,5
59,user_0191,5
59,user_0197,5
59,user_0239,5
59,user_0192,5
59,user_0277,5
59,user_0233,5
59,user_0183,5
59,user_0211,5
59,user_0258,5
59,user_0295,5
59,user_0186,5
59,user_0231,5
59,user_0208,5
59,user_0248,5
59,user_0217,5
59,user_0243,5
59,user_0212,5
59,user_0237,5
59,user_0290,5
59,user_0254,5
59,user_0261,5
59,user_0196,5
59,user_0285,5
59,user_0240,5
59,user_0227,5
59,user_0195,5
59,user_0293,5
59,user_0271,5
59,user_0204,5
59,user_0337,5
59,user_0182,5
59,user_0256,5
59,user_0284,5
59,user_0289,5
59,user_0238,5
59,user_0179,2
59,user_0349,2
59,user_0128,2
59,user_0162,2
59,user_0134,2
59,user_0177,2
59,user_0157,2
59,user_0158,2
59,user_0176,2
59,user_0122,2
59,user_0147,2
59,user_0124,2
59,user_0168,2
59,user_0175,2
59,user_0145,2
59,user_0164,2
59,user_0065,2
59,user_0172,2
59,user_0062,2
59,user_0129,2
59,user_0150,2
59,user_0142,2
59,user_0153,2
59,user_0130,2
59,user_0169,2
59,user_0123,2
59,user_0136,2
59,user_0138,2
59,user_0264,2
59,user_0137,2
59,user_0120,2
59,user_0178,2
59,user_0132,2
59,user_0171,2
59,user_0257,2
59,user_0139,2
59,user_0121,2
59,user_0149,2
59,user_0155,2
59,user_0148,2
59,user_0151,2
59,user_0163,2
59,user_0152,2
59,user_0064,2
59,user_0144,2
59,user_0143,2
59,user_0159,2
59,user_0160,2
59,user_0131,2
59,user_0067,2
59,user_0146,2
59,user_0166,2
59,user_0170,2
59,user_0063,2
59,user_0165,2
59,user_0135,2
59,user_0126,2
59,user_0156,2
59,user_0125,2
59,user_0061,2
59,user_0167,2
59,user_0060,2
59,user_0309,2
59,user_0154,2
59,user_0173,2
59,user_0127,2
59,user_0161,2
59,user_0066,2
59,user_0140,2
59,user_0018,0
59,user_0032,0
59,user_0010,0
59,user_0041,0
59,user_0030,0
59,user_0031,0
59,user_0059,0
59,user_0042,0
59,user_0003,0
59,user_0228,0
59,user_0025,0
59,user_0054,0
59,user_0014,0
59,user_0007,0
59,user_0023,0
59,user_0039,0
59,user_0057,0
59,user_0021,0
59,user_0020,0
59,user_0001,0
59,user_0011,0
59,user_0034,0
59,user_0017,0
59,user_0040,0
59,user_0005,0
59,user_0016,0
59,user_0048,0
59,user_0008,0
59,user_0029,0
59,user_0046,0
59,user_0044,0
59,user_0028,0
59,user_0038,0
59,user_0019,0
59,user_0055,0
59,user_0009,0
59,user_0047,0
59,user_0050,0
59,user_0058,0
59,user_0036,0
59,user_0015,0
59,user_0052,0
59,user_0004,0
59,user_0049,0
59,user_0026,0
59,user_0027,0
59,user_0035,0
59,user_0006,0
59,user_0012,0
59,user_0024,0
59,user_0033,0
59,user_0013,0
59,user_0043,0
59,user_0235,0
59,user_0002,0
59,user_0045,0
59,user_0037,0
59,user_0056,0
59,user_0051,0
59,user_0022,0
59,user_0000,0
59,user_0074,1
59,user_0141,1
59,user_0096,1
59,user_0077,1
59,user_0087,1
59,user_0069,1
59,user_0094,1
59,user_0109,1
59,user_0073,1
59,user_0092,1
59,user_0086,1
59,user_0076,1
59,user_0081,1
59,user_0118,1
59,user_0083,1
59,user_0088,1
59,user_0102,1
59,user_0103,1
59,user_0079,1
59,user_0282,1
59,user_0091,1
59,user_0104,1
59,user_0116,1
59,user_0098,1
59,user_0072,1
59,user_0113,1
59,user_0075,1
59,user_0117,1
59,user_0090,1
59,user_0068,1
59,user_0093,1
59,user_0111,1
59,user_0089,1
59,user_0115,1
59,user_0100,1
59,user_0114,1
59,user_0110,1
59,user_0107,1
59,user_0078,1
59,user_0084,1
59,user_0106,1
59,user_0080,1
59,user_0099,1
59,user_0071,1
59,user_0095,1
59,user_0070,1
59,user_0105,1
59,user_0082,1
59,user_0108,1
59,user_0112,1
59,user_0119,1
59,user_0085,1
59,user_0097,1
59,user_0101,1
59,user_0335,3
59,user_0340,3
59,user_0306,3
59,user_0302,3
59,user_0329,3
59,user_0312,3
59,user_0330,3
59,user_0315,3
59,user_0332,3
59,user_0313,3
59,user_0323,3
59,user_0308,3
59,user_0338,3
59,user_0304,3
59,user_0327,3
59,user_0358,3
59,user_0311,3
59,user_0310,3
59,user_0345,3
59,user_0355,3
59,user_0343,3
59,user_0350,3
59,user_0342,3
59,user_0339,3
59,user_0300,3
59,user_0336,3
59,user_0359,3
59,user_0325,3
59,user_0307,3
59,user_0344,3
59,user_0331,3
59,user_0351,3
59,user_0321,3
59,user_0352,3
59,user_0133,3
59,user_0318,3
59,user_0328,3
59,user_0347,3
59,user_0353,3
59,user_0357,3
59,user_0303,3
59,user_0305,3
59,user_0326,3
59,user_0341,3
59,user_0346,3
59,user_0324,3
59,user_0322,3
59,user_0053,3
59,user_0301,3
59,user_0317,3
59,user_0320,3
59,user_0334,3
59,user_0333,3
59,user_0314,3
60,user_0263,5
60,user_0262,5
60,user_0194,5
60,user_0187,5
60,user_0281,5
60,user_0280,5
60,user_0249,5
60,user_0181,5
60,user_0265,5
60,user_0228,5
60,user_0200,5
60,user_0288,5
60,user_0272,5
60,user_0188,5
60,user_0255,5
60,user_0279,5
60,user_0252,5
60,user_0296,5
60,user_0216,5
60,user_0268,5
60,user_0299,5
60,user_0206,5
60,user_0185,5
60,user_0190,5
60,user_0286,5
60,user_0282,5
60,user_0270,5
60,user_0273,5
60,user_0236,5
60,user_0246,5
60,user_0232,5
60,user_0266,5
60,user_0276,5
60,user_0245,5
60,user_0283,5
60,user_0215,5
60,user_0250,5
60,user_0294,5
60,user_0226,5
60,user_0253,5
60,user_0198,5
60,user_0184,5
60,user_0292,5
60,user_0193,5
60,user_0242,5
60,user_0214,5
60,user_0210,5
60,user_0199,5
60,user_0260,5
60,user_0264,5
60,user_0259,5
60,user_0201,5
60,user_0225,5
60,user_0298,5
60,user_0207,5
60,user_0209,5
60,user_0221,5
60,user_0219,5
60,user_0202,5
60,user_0278,5
60,user_0257,5
60,user_0251,5
60,user_0275,5
60,user_0247,5
60,user_0230,5
60,user_0222,5
60,user_0180,5
60,user_0291,5
60,user_0267,5
60,user_0223,5
60,user_0205,5
60,user_0213,5
60,user_0234,5
60,user_0189,5
60,user_0203,5
60,user_0287,5
60,user_0229,5
60,user_0224,5
60,user_0218,5
60,user_0220,5
60,user_0297,5
60,user_0269,5
60,user_0244,5
60,user_0197,5
60,user_0191,5
60,user_0239,5
60,user_0192,5
60,user_0277,5
60,user_0183,5
60,user_0233,5
60,user_0211,5
60,user_0258,5
60,user_0295,5
60,user_0186,5
60,user_0208,5
60,user_0231,5
60,user_0248,5
60,user_0217,5
60,user_0243,5
60,user_0212,5
60,user_0237,5
60,user_0254,5
60,user_0290,5
60,user_0261,5
60,user_0196,5
60,user_0285,5
60,user_0227,5
60,user_0240,5
60,user_0293,5
60,user_0195,5
60,user_0271,5
60,user_0204,5
60,user_0235,5
60,user_0182,5
60,user_0256,5
60,user_0284,5
60,user_0289,5
60,user_0238,5
60,user_0179,2
60,user_0128,2
60,user_0162,2
60,user_0134,2
60,user_0177,2
60,user_0174,2
60,user_0157,2
60,user_0158,2
60,user_0176,2
60,user_0147,2
60,user_0122,2
60,user_0124,2
60,user_0168,2
60,user_0175,2
60,user_0145,2
60,user_0164,2
60,user_0065,2
60,user_0172,2
60,user_0062,2
60,user_0129,2
60,user_0133,2
60,user_0150,2
60,user_0142,2
60,user_0153,2
60,user_0130,2
60,user_0169,2
60,user_0123,2
60,user_0120,2
60,user_0136,2
60,user_0138,2
60,user_0137,2
60,user_0178,2
60,user_0053,2
60,user_0132,2
60,user_0171,2
60,user_0139,2
60,user_0121,2
60,user_0149,2
60,user_0155,2
60,user_0148,2
60,user_0151,2
60,user_0163,2
60,user_0152,2
60,user_0144,2
60,user_0064,2
60,user_0143,2
60,user_0159,2
60,user_0160,2
60,user_0131,2
60,user_0067,2
60,user_0146,2
60,user_0166,2
60,user_0170,2
60,user_0063,2
60,user_0165,2
60,user_0135,2
60,user_0126,2
60,user_0156,2
60,user_0125,2
60,user_0060,2
60,user_0061,2
60,user_0167,2
60,user_0154,2
60,user_0173,2
60,user_0127,2
60,user_0161,2
60,user_0066,2
60,user_0140,2
60,user_0018,0
60,user_0032,0
60,user_0274,0
60,user_0010,0
60,user_0041,0
60,user_0030,0
60,user_0031,0
60,user_0059,0
60,user_0042,0
60,user_0003,0
60,user_0025,0
60,user_0054,0
60,user_0014,0
60,user_0023,0
60,user_0007,0
60,user_0039,0
60,user_0057,0
60,user_0021,0
60,user_0020,0
60,user_0001,0
60,user_0011,0
60,user_0034,0
60,user_0017,0
60,user_0040,0
60,user_0016,0
60,user_0005,0
60,user_0048,0
60,user_0008,0
60,user_0029,0
60,user_0046,0
60,user_0044,0
60,user_0028,0
60,user_0038,0
60,user_0019,0
60,user_0055,0
60,user_0009,0
60,user_0047,0
60,user_0050,0
60,user_0058,0
60,user_0036,0
60,user_0015,0
60,user_0004,0
60,user_0052,0
60,user_0049,0
60,user_0026,0
60,user_0027,0
60,user_0035,0
60,user_0006,0
60,user_0012,0
60,user_0024,0
60,user_0043,0
60,user_0013,0
60,user_0033,0
60,user_0002,0
60,user_0045,0
60,user_0037,0
60,user_0056,0
60,user_0051,0
60,user_0022,0
60,user_0000,0
60,user_0335,3
60,user_0340,3
60,user_0306,3
60,user_0349,3
60,user_0316,3
60,user_0302,3
60,user_0329,3
60,user_0312,3
60,user_0330,3
60,user_0315,3
60,user_0332,3
60,user_0313,3
60,user_0323,3
60,user_0308,3
60,user_0338,3
60,user_0319,3
60,user_0304,3
60,user_0327,3
60,user_0358,3
60,user_0311,3
60,user_0310,3
60,user_0355,3
60,user_0343,3
60,user_0350,3
60,user_0342,3
60,user_0300,3
60,user_0345,3
60,user_0339,3
60,user_0336,3
60,user_0359,3
60,user_0325,3
60,user_0307,3
60,user_0344,3
60,user_0321,3
60,user_0351,3
60,user_0352,3
60,user_0318,3
60,user_0328,3
60,user_0347,3
60,user_0353,3
60,user_0357,3
60,user_0354,3
60,user_0303,3
60,user_0305,3
60,user_0348,3
60,user_0326,3
60,user_0341,3
60,user_0346,3
60,user_0356,3
60,user_0324,3
60,user_0309,3
60,user_0322,3
60,user_0301,3
60,user_0317,3
60,user_0334,3
60,user_0320,3
60,user_0337,3
60,user_0331,3
60,user_0333,3
60,user_0314,3
60,user_0074,1
60,user_0141,1
60,user_0096,1
60,user_0077,1
60,user_0087,1
60,user_0069,1
60,user_0094,1
60,user_0109,1
60,user_0073,1
60,user_0092,1
60,user_0241,1
60,user_0086,1
60,user_0111,1
60,user_0076,1
60,user_0081,1
60,user_0088,1
60,user_0083,1
60,user_0102,1
60,user_0079,1
60,user_0103,1
60,user_0118,1
60,user_0091,1
60,user_0104,1
60,user_0116,1
60,user_0098,1
60,user_0072,1
60,user_0113,1
60,user_0075,1
60,user_0068,1
60,user_0090,1
60,user_0117,1
60,user_0093,1
60,user_0089,1
60,user_0115,1
60,user_0100,1
60,user_0114,1
60,user_0084,1
60,user_0110,1
60,user_0107,1
60,user_0078,1
60,user_0106,1
60,user_0080,1
60,user_0099,1
60,user_0071,1
60,user_0095,1
60,user_0105,1
60,user_0082,1
60,user_0070,1
60,user_0108,1
60,user_0112,1
60,user_0119,1
60,user_0085,1
60,user_0097,1
60,user_0101,1
61,user_0263,5
61,user_0274,5
61,user_0262,5
61,user_0187,5
61,user_0281,5
61,user_0194,5
61,user_0280,5
61,user_0181,5
61,user_0200,5
61,user_0228,5
61,user_0265,5
61,user_0249,5
61,user_0288,5
61,user_0272,5
61,user_0255,5
61,user_0188,5
61,user_0279,5
61,user_0252,5
61,user_0296,5
61,user_0216,5
61,user_0190,5
61,user_0268,5
61,user_0206,5
61,user_0185,5
61,user_0299,5
61,user_0286,5
61,user_0273,5
61,user_0270,5
61,user_0246,5
61,user_0236,5
61,user_0282,5
61,user_0104,5
61,user_0232,5
61,user_0266,5
61,user_0276,5
61,user_0283,5
61,user_0245,5
61,user_0250,5
61,user_0226,5
61,user_0215,5
61,user_0294,5
61,user_0253,5
61,user_0198,5
61,user_0184,5
61,user_0292,5
61,user_0193,5
61,user_0242,5
61,user_0214,5
61,user_0199,5
61,user_0210,5
61,user_0259,5
61,user_0264,5
61,user_0260,5
61,user_0201,5
61,user_0225,5
61,user_0207,5
61,user_0209,5
61,user_0221,5
61,user_0219,5
61,user_0202,5
61,user_0278,5
61,user_0275,5
61,user_0222,5
61,user_0257,5
61,user_0251,5
61,user_0247,5
61,user_0230,5
61,user_0180,5
61,user_0291,5
61,user_0267,5
61,user_0213,5
61,user_0223,5
61,user_0205,5
61,user_0234,5
61,user_0189,5
61,user_0287,5
61,user_0229,5
61,user_0203,5
61,user_0224,5
61,user_0218,5
61,user_0220,5
61,user_0297,5
61,user_0244,5
61,user_0241,5
61,user_0191,5
61,user_0197,5
61,user_0239,5
61,user_0192,5
61,user_0277,5
61,user_0183,5
61,user_0233,5
61,user_0211,5
61,user_0258,5
61,user_0295,5
61,user_0231,5
61,user_0208,5
61,user_0248,5
61,user_0217,5
61,user_0243,5
61,user_0212,5
61,user_0237,5
61,user_0290,5
61,user_0254,5
61,user_0261,5
61,user_0196,5
61,user_0285,5
61,user_0227,5
61,user_0240,5
61,user_0195,5
61,user_0271,5
61,user_0204,5
61,user_0182,5
61,user_0256,5
61,user_0284,5
61,user_0289,5
61,user_0238,5
61,user_0179,2
61,user_0141,2
61,user_0128,2
61,user_0162,2
61,user_0134,2
61,user_0177,2
61,user_0174,2
61,user_0157,2
61,user_0158,2
61,user_0176,2
61,user_0147,2
61,user_0122,2
61,user_0124,2
61,user_0168,2
61,user_0175,2
61,user_0145,2
61,user_0164,2
61,user_0065,2
61,user_0172,2
61,user_0062,2
61,user_0129,2
61,user_0133,2
61,user_0150,2
61,user_0142,2
61,user_0153,2
61,user_0130,2
61,user_0169,2
61,user_0138,2
61,user_0120,2
61,user_0136,2
61,user_0123,2
61,user_0137,2
61,user_0178,2
61,user_0053,2
61,user_0132,2
61,user_0002,2
61,user_0171,2
61,user_0139,2
61,user_0121,2
61,user_0149,2
61,user_0155,2
61,user_0148,2
61,user_0151,2
61,user_0163,2
61,user_0152,2
61,user_0144,2
61,user_0064,2
61,user_0143,2
61,user_0159,2
61,user_0160,2
61,user_0131,2
61,user_0067,2
61,user_0146,2
61,user_0166,2
61,user_0170,2
61,user_0063,2
61,user_0165,2
61,user_0135,2
61,user_0126,2
61,user_0156,2
61,user_0125,2
61,user_0060,2
61,user_0061,2
61,user_0167,2
61,user_0235,2
61,user_0154,2
61,user_0173,2
61,user_0127,2
61,user_0161,2
61,user_0066,2
61,user_0140,2
61,user_0335,3
61,user_0340,3
61,user_0306,3
61,user_0349,3
61,user_0316,3
61,user_0302,3
61,user_0329,3
61,user_0312,3
61,user_0330,3
61,user_0315,3
61,user_0332,3
61,user_0313,3
61,user_0323,3
61,user_0338,3
61,user_0319,3
61,user_0304,3
61,user_0327,3
61,user_0358,3
61,user_0311,3
61,user_0310,3
61,user_0355,3
61,user_0343,3
61,user_0350,3
61,user_0342,3
61,user_0300,3
61,user_0339,3
61,user_0345,3
61,user_0336,3
61,user_0359,3
61,user_0325,3
61,user_0307,3
61,user_0344,3
61,user_0351,3
61,user_0321,3
61,user_0352,3
61,user_0318,3
61,user_0328,3
61,user_0347,3
61,user_0353,3
61,user_0357,3
61,user_0354,3
61,user_0303,3
61,user_0305,3
61,user_0348,3
61,user_0326,3
61,user_0333,3
61,user_0341,3
61,user_0346,3
61,user_0356,3
61,user_0324,3
61,user_0309,3
61,user_0322,3
61,user_0301,3
61,user_0317,3
61,user_0334,3
61,user_0320,3
61,user_0337,3
61,user_0331,3
61,user_0308,3
61,user_0314,3
61,user_0018,0
61,user_0032,0
61,user_0010,0
61,user_0041,0
61,user_0030,0
61,user_0031,0
61,user_0059,0
61,user_0042,0
61,user_0003,0
61,user_0025,0
61,user_0054,0
61,user_0014,0
61,user_0023,0
61,user_0007,0
61,user_0039,0
61,user_0057,0
61,user_0021,0
61,user_0269,0
61,user_0001,0
61,user_0020,0
61,user_0011,0
61,user_0034,0
61,user_0016,0
61,user_0040,0
61,user_0005,0
61,user_0017,0
61,user_0046,0
61,user_0029,0
61,user_0008,0
61,user_0044,0
61,user_0028,0
61,user_0009,0
61,user_0055,0
61,user_0186,0
61,user_0047,0
61,user_0019,0
61,user_0050,0
61,user_0058,0
61,user_0036,0
61,user_0015,0
61,user_0037,0
61,user_0052,0
61,user_0004,0
61,user_0049,0
61,user_0026,0
61,user_0027,0
61,user_0035,0
61,user_0006,0
61,user_0012,0
61,user_0024,0
61,user_0293,0
61,user_0043,0
61,user_0013,0
61,user_0033,0
61,user_0045,0
61,user_0056,0
61,user_0051,0
61,user_0022,0
61,user_0000,0
61,user_0074,1
61,user_0096,1
61,user_0077,1
61,user_0087,1
61,user_0069,1
61,user_0094,1
61,user_0109,1
61,user_0073,1
61,user_0092,1
61,user_0086,1
61,user_0111,1
61,user_0081,1
61,user_0118,1
61,user_0083,1
61,user_0076,1
61,user_0088,1
61,user_0079,1
61,user_0103,1
61,user_0102,1
61,user_0091,1
61,user_0038,1
61,user_0116,1
61,user_0098,1
61,user_0072,1
61,user_0113,1
61,user_0075,1
61,user_0117,1
61,user_0068,1
61,user_0090,1
61,user_0093,1
61,user_0089,1
61,user_0115,1
61,user_0100,1
61,user_0107,1
61,user_0078,1
61,user_0110,1
61,user_0084,1
61,user_0114,1
61,user_0106,1
61,user_0080,1
61,user_0099,1
61,user_0071,1
61,user_0095,1
61,user_0105,1
61,user_0108,1
61,user_0082,1
61,user_0070,1
61,user_0298,1
61,user_0112,1
61,user_0119,1
61,user_0085,1
61,user_0097,1
61,user_0101,1
62,user_0263,5
62,user_0274,5
62,user_0262,5
62,user_0010,5
62,user_0194,5
62,user_0281,5
62,user_0187,5
62,user_0280,5
62,user_0200,5
62,user_0249,5
62,user_0265,5
62,user_0228,5
62,user_0181,5
62,user_0288,5
62,user_0272,5
62,user_0188,5
62,user_0255,5
62,user_0279,5
62,user_0252,5
62,user_0296,5
62,user_0216,5
62,user_0190,5
62,user_0299,5
62,user_0185,5
62,user_0206,5
62,user_0268,5
62,user_0286,5
62,user_0282,5
62,user_0270,5
62,user_0246,5
62,user_0236,5
62,user_0273,5
62,user_0232,5
62,user_0266,5
62,user_0276,5
62,user_0245,5
62,user_0283,5
62,user_0250,5
62,user_0294,5
62,user_0226,5
62,user_0215,5
62,user_0253,5
62,user_0198,5
62,user_0184,5
62,user_0292,5
62,user_0193,5
62,user_0242,5
62,user_0214,5
62,user_0199,5
62,user_0260,5
62,user_0264,5
62,user_0259,5
62,user_0201,5
62,user_0225,5
62,user_0298,5
62,user_0207,5
62,user_0209,5
62,user_0221,5
62,user_0202,5
62,user_0219,5
62,user_0278,5
62,user_0257,5
62,user_0275,5
62,user_0230,5
62,user_0251,5
62,user_0247,5
62,user_0222,5
62,user_0180,5
62,user_0291,5
62,user_0267,5
62,user_0213,5
62,user_0205,5
62,user_0223,5
62,user_0234,5
62,user_0189,5
62,user_0203,5
62,user_0287,5
62,user_0218,5
62,user_0220,5
62,user_0297,5
62,user_0244,5
62,user_0269,5
62,user_0020,5
62,user_0241,5
62,user_0197,5
62,user_0191,5
62,user_0239,5
62,user_0192,5
62,user_0277,5
62,user_0183,5
62,user_0233,5
62,user_0211,5
62,user_0258,5
62,user_0295,5
62,user_0231,5
62,user_0208,5
62,user_0186,5
62,user_0248,5
62,user_0217,5
62,user_0243,5
62,user_0212,5
62,user_0237,5
62,user_0254,5
62,user_0290,5
62,user_0261,5
62,user_0196,5
62,user_0285,5
62,user_0227,5
62,user_0195,5
62,user_0240,5
62,user_0293,5
62,user_0271,5
62,user_0204,5
62,user_0235,5
62,user_0182,5
62,user_0256,5
62,user_0284,5
62,user_0289,5
62,user_0238,5
62,user_0179,2
62,user_0141,2
62,user_0128,2
62,user_0162,2
62,user_0134,2
62,user_0177,2
62,user_0174,2
62,user_0157,2
62,user_0158,2
62,user_0176,2
62,user_0147,2
62,user_0122,2
62,user_0124,2
62,user_0168,2
62,user_0175,2
62,user_0145,2
62,user_0164,2
62,user_0065,2
62,user_0172,2
62,user_0062,2
62,user_0129,2
62,user_0133,2
62,user_0150,2
62,user_0142,2
62,user_0153,2
62,user_0130,2
62,user_0169,2
62,user_0138,2
62,user_0120,2
62,user_0123,2
62,user_0136,2
62,user_0137,2
62,user_0178,2
62,user_0132,2
62,user_0171,2
62,user_0139,2
62,user_0121,2
62,user_0149,2
62,user_0155,2
62,user_0148,2
62,user_0151,2
62,user_0163,2
62,user_0152,2
62,user_0064,2
62,user_0144,2
62,user_0143,2
62,user_0159,2
62,user_0160,2
62,user_0131,2
62,user_0067,2
62,user_0146,2
62,user_0166,2
62,user_0170,2
62,user_0063,2
62,user_0165,2
62,user_0135,2
62,user_0126,2
62,user_0156,2
62,user_0125,2
62,user_0061,2
62,user_0167,2
62,user_0060,2
62,user_0154,2
62,user_0173,2
62,user_0127,2
62,user_0161,2
62,user_0066,2
62,user_0140,2
62,user_0335,3
62,user_0349,3
62,user_0306,3
62,user_0340,3
62,user_0316,3
62,user_0302,3
62,user_0329,3
62,user_0312,3
62,user_0330,3
62,user_0315,3
62,user_0332,3
62,user_0313,3
62,user_0323,3
62,user_0338,3
62,user_0319,3
62,user_0304,3
62,user_0327,3
62,user_0224,3
62,user_0358,3
62,user_0311,3
62,user_0310,3
62,user_0355,3
62,user_0343,3
62,user_0350,3
62,user_0342,3
62,user_0300,3
62,user_0339,3
62,user_0345,3
62,user_0336,3
62,user_0325,3
62,user_0331,3
62,user_0307,3
62,user_0344,3
62,user_0321,3
62,user_0351,3
62,user_0352,3
62,user_0318,3
62,user_0328,3
62,user_0347,3
62,user_0353,3
62,user_0357,3
62,user_0354,3
62,user_0303,3
62,user_0305,3
62,user_0348,3
62,user_0326,3
62,user_0333,3
62,user_0341,3
62,user_0210,3
62,user_0346,3
62,user_0356,3
62,user_0309,3
62,user_0324,3
62,user_0322,3
62,user_0301,3
62,user_0317,3
62,user_0320,3
62,user_0337,3
62,user_0334,3
62,user_0308,3
62,user_0314,3
62,user_0018,0
62,user_0032,0
62,user_0041,0
62,user_0030,0
62,user_0031,0
62,user_0059,0
62,user_0042,0
62,user_0003,0
62,user_0025,0
62,user_0054,0
62,user_0014,0
62,user_0023,0
62,user_0007,0
62,user_0229,0
62,user_0039,0
62,user_0000,0
62,user_0057,0
62,user_0021,0
62,user_0001,0
62,user_0011,0
62,user_0034,0
62,user_0016,0
62,user_0040,0
62,user_0005,0
62,user_0017,0
62,user_0048,0
62,user_0008,0
62,user_0046,0
62,user_0029,0
62,user_0044,0
62,user_0038,0
62,user_0009,0
62,user_0055,0
62,user_0019,0
62,user_0047,0
62,user_0050,0
62,user_0058,0
62,user_0036,0
62,user_0015,0
62,user_0037,0
62,user_0052,0
62,user_0004,0
62,user_0049,0
62,user_0026,0
62,user_0027,0
62,user_0035,0
62,user_0012,0
62,user_0006,0
62,user_0024,0
62,user_0043,0
62,user_0013,0
62,user_0053,0
62,user_0033,0
62,user_0002,0
62,user_0045,0
62,user_0056,0
62,user_0051,0
62,user_0022,0
62,user_0028,0
62,user_0074,1
62,user_0096,1
62,user_0077,1
62,user_0087,1
62,user_0069,1
62,user_0094,1
62,user_0109,1
62,user_0073,1
62,user_0092,1
62,user_0086,1
62,user_0076,1
62,user_0081,1
62,user_0118,1
62,user_0111,1
62,user_0083,1
62,user_0102,1
62,user_0104,1
62,user_0103,1
62,user_0079,1
62,user_0091,1
62,user_0088,1
62,user_0116,1
62,user_0098,1
62,user_0072,1
62,user_0113,1
62,user_0075,1
62,user_0068,1
62,user_0090,1
62,user_0117,1
62,user_0093,1
62,user_0089,1
62,user_0115,1
62,user_0100,1
62,user_0107,1
62,user_0110,1
62,user_0078,1
62,user_0084,1
62,user_0114,1
62,user_0106,1
62,user_0080,1
62,user_0099,1
62,user_0071,1
62,user_0095,1
62,user_0105,1
62,user_0082,1
62,user_0070,1
62,user_0108,1
62,user_0119,1
62,user_0112,1
62,user_0085,1
62,user_0097,1
62,user_0101,1
63,user_0263,5
63,user_0274,5
63,user_0262,5
63,user_0187,5
63,user_0281,5
63,user_0194,5
63,user_0280,5
63,user_0200,5
63,user_0249,5
63,user_0265,5
63,user_0181,5
63,user_0228,5
63,user_0288,5
63,user_0272,5
63,user_0188,5
63,user_0255,5
63,user_0279,5
63,user_0252,5
63,user_0296,5
63,user_0216,5
63,user_0299,5
63,user_0268,5
63,user_0190,5
63,user_0206,5
63,user_0185,5
63,user_0286,5
63,user_0282,5
63,user_0270,5
63,user_0246,5
63,user_0273,5
63,user_0236,5
63,user_0232,5
63,user_0266,5
63,user_0276,5
63,user_0245,5
63,user_0283,5
63,user_0250,5
63,user_0215,5
63,user_0294,5
63,user_0226,5
63,user_0253,5
63,user_0198,5
63,user_0184,5
63,user_0292,5
63,user_0193,5
63,user_0242,5
63,user_0214,5
63,user_0210,5
63,user_0199,5
63,user_0260,5
63,user_0264,5
63,user_0259,5
63,user_0201,5
63,user_0225,5
63,user_0298,5
63,user_0207,5
63,user_0221,5
63,user_0209,5
63,user_0219,5
63,user_0202,5
63,user_0278,5
63,user_0230,5
63,user_0251,5
63,user_0222,5
63,user_0257,5
63,user_0275,5
63,user_0247,5
63,user_0180,5
63,user_0291,5
63,user_0267,5
63,user_0223,5
63,user_0205,5
63,user_0213,5
63,user_0234,5
63,user_0189,5
63,user_0287,5
63,user_0229,5
63,user_0203,5
63,user_0224,5
63,user_0218,5
63,user_0220,5
63,user_0297,5
63,user_0269,5
63,user_0244,5
63,user_0241,5
63,user_0197,5
63,user_0191,5
63,user_0239,5
63,user_0192,5
63,user_0277,5
63,user_0183,5
63,user_0233,5
63,user_0211,5
63,user_0258,5
63,user_0295,5
63,user_0186,5
63,user_0208,5
63,user_0231,5
63,user_0248,5
63,user_0217,5
63,user_0243,5
63,user_0212,5
63,user_0237,5
63,user_0290,5
63,user_0261,5
63,user_0196,5
63,user_0285,5
63,user_0240,5
63,user_0195,5
63,user_0293,5
63,user_0227,5
63,user_0271,5
63,user_0204,5
63,user_0235,5
63,user_0182,5
63,user_0256,5
63,user_0284,5
63,user_0289,5
63,user_0238,5
63,user_0179,2
63,user_0141,2
63,user_0128,2
63,user_0162,2
63,user_0134,2
63,user_0177,2
63,user_0174,2
63,user_0157,2
63,user_0158,2
63,user_0176,2
63,user_0122,2
63,user_0147,2
63,user_0124,2
63,user_0168,2
63,user_0175,2
63,user_0145,2
63,user_0164,2
63,user_0065,2
63,user_0172,2
63,user_0062,2
63,user_0129,2
63,user_0133,2
63,user_0150,2
63,user_0142,2
63,user_0153,2
63,user_0130,2
63,user_0169,2
63,user_0123,2
63,user_0136,2
63,user_0138,2
63,user_0120,2
63,user_0137,2
63,user_0178,2
63,user_0132,2
63,user_0171,2
63,user_0139,2
63,user_0121,2
63,user_0149,2
63,user_0155,2
63,user_0148,2
63,user_0151,2
63,user_0163,2
63,user_0152,2
63,user_0144,2
63,user_0064,2
63,user_0143,2
63,user_0159,2
63,user_0160,2
63,user_0131,2
63,user_0067,2
63,user_0146,2
63,user_0166,2
63,user_0170,2
63,user_0063,2
63,user_0165,2
63,user_0135,2
63,user_0126,2
63,user_0156,2
63,user_0125,2
63,user_0167,2
63,user_0061,2
63,user_0060,2
63,user_0154,2
63,user_0173,2
63,user_0127,2
63,user_0161,2
63,user_0066,2
63,user_0140,2
63,user_0018,0
63,user_0032,0
63,user_0010,0
63,user_0041,0
63,user_0030,0
63,user_0031,0
63,user_0059,0
63,user_0042,0
63,user_0003,0
63,user_0025,0
63,user_0054,0
63,user_0014,0
63,user_0007,0
63,user_0023,0
63,user_0039,0
63,user_0057,0
63,user_0000,0
63,user_0021,0
63,user_0020,0
63,user_0001,0
63,user_0011,0
63,user_0034,0
63,user_0016,0
63,user_0040,0
63,user_0005,0
63,user_0017,0
63,user_0048,0
63,user_0008,0
63,user_0029,0
63,user_0044,0
63,user_0028,0
63,user_0038,0
63,user_0019,0
63,user_0055,0
63,user_0009,0
63,user_0047,0
63,user_0050,0
63,user_0058,0
63,user_0036,0
63,user_0015,0
63,user_0254,0
63,user_0052,0
63,user_0004,0
63,user_0049,0
63,user_0026,0
63,user_0027,0
63,user_0035,0
63,user_0012,0
63,user_0006,0
63,user_0024,0
63,user_0043,0
63,user_0013,0
63,user_0033,0
63,user_0053,0
63,user_0002,0
63,user_0045,0
63,user_0037,0
63,user_0056,0
63,user_0051,0
63,user_0022,0
63,user_0046,0
63,user_0335,3
63,user_0340,3
63,user_0306,3
63,user_0349,3
63,user_0316,3
63,user_0302,3
63,user_0329,3
63,user_0312,3
63,user_0330,3
63,user_0315,3
63,user_0332,3
63,user_0313,3
63,user_0323,3
63,user_0308,3
63,user_0338,3
63,user_0319,3
63,user_0304,3
63,user_0327,3
63,user_0358,3
63,user_0311,3
63,user_0310,3
63,user_0355,3
63,user_0350,3
63,user_0345,3
63,user_0343,3
63,user_0300,3
63,user_0339,3
63,user_0342,3
63,user_0336,3
63,user_0359,3
63,user_0325,3
63,user_0307,3
63,user_0344,3
63,user_0321,3
63,user_0351,3
63,user_0352,3
63,user_0318,3
63,user_0328,3
63,user_0347,3
63,user_0353,3
63,user_0357,3
63,user_0354,3
63,user_0303,3
63,user_0305,3
63,user_0348,3
63,user_0326,3
63,user_0341,3
63,user_0346,3
63,user_0356,3
63,user_0309,3
63,user_0324,3
63,user_0322,3
63,user_0301,3
63,user_0317,3
63,user_0334,3
63,user_0320,3
63,user_0337,3
63,user_0331,3
63,user_0333,3
63,user_0314,3
63,user_0074,1
63,user_0096,1
63,user_0077,1
63,user_0087,1
63,user_0069,1
63,user_0094,1
63,user_0109,1
63,user_0073,1
63,user_0092,1
63,user_0086,1
63,user_0076,1
63,user_0081,1
63,user_0111,1
63,user_0088,1
63,user_0118,1
63,user_0102,1
63,user_0104,1
63,user_0079,1
63,user_0103,1
63,user_0091,1
63,user_0083,1
63,user_0116,1
63,user_0098,1
63,user_0072,1
63,user_0113,1
63,user_0075,1
63,user_0068,1
63,user_0090,1
63,user_0117,1
63,user_0093,1
63,user_0089,1
63,user_0115,1
63,user_0100,1
63,user_0107,1
63,user_0078,1
63,user_0110,1
63,user_0084,1
63,user_0114,1
63,user_0106,1
63,user_0080,1
63,user_0099,1
63,user_0071,1
63,user_0095,1
63,user_0070,1
63,user_0082,1
63,user_0108,1
63,user_0105,1
63,user_0119,1
63,user_0112,1
63,user_0085,1
63,user_0097,1
63,user_0101,1
64,user_0263,5
64,user_0274,5
64,user_0262,5
64,user_0187,5
64,user_0281,5
64,user_0194,5
64,user_0280,5
64,user_0249,5
64,user_0228,5
64,user_0265,5
64,user_0181,5
64,user_0200,5
64,user_0288,5
64,user_0272,5
64,user_0188,5
64,user_0255,5
64,user_0279,5
64,user_0252,5
64,user_0296,5
64,user_0216,5
64,user_0299,5
64,user_0190,5
64,user_0185,5
64,user_0268,5
64,user_0206,5
64,user_0273,5
64,user_0286,5
64,user_0270,5
64,user_0246,5
64,user_0282,5
64,user_0236,5
64,user_0232,5
64,user_0266,5
64,user_0276,5
64,user_0245,5
64,user_0283,5
64,user_0250,5
64,user_0294,5
64,user_0215,5
64,user_0226,5
64,user_0253,5
64,user_0198,5
64,user_0184,5
64,user_0292,5
64,user_0193,5
64,user_0242,5
64,user_0214,5
64,user_0199,5
64,user_0210,5
64,user_0260,5
64,user_0264,5
64,user_0259,5
64,user_0201,5
64,user_0298,5
64,user_0207,5
64,user_0221,5
64,user_0209,5
64,user_0219,5
64,user_0202,5
64,user_0278,5
64,user_0230,5
64,user_0251,5
64,user_0257,5
64,user_0275,5
64,user_0247,5
64,user_0222,5
64,user_0180,5
64,user_0291,5
64,user_0267,5
64,user_0223,5
64,user_0205,5
64,user_0213,5
64,user_0234,5
64,user_0189,5
64,user_0203,5
64,user_0229,5
64,user_0287,5
64,user_0224,5
64,user_0218,5
64,user_0220,5
64,user_0297,5
64,user_0269,5
64,user_0244,5
64,user_0241,5
64,user_0191,5
64,user_0197,5
64,user_0239,5
64,user_0192,5
64,user_0277,5
64,user_0183,5
64,user_0233,5
64,user_0211,5
64,user_0258,5
64,user_0295,5
64,user_0186,5
64,user_0208,5
64,user_0231,5
64,user_0248,5
64,user_0217,5
64,user_0243,5
64,user_0212,5
64,user_0237,5
64,user_0254,5
64,user_0290,5
64,user_0261,5
64,user_0196,5
64,user_0285,5
64,user_0227,5
64,user_0240,5
64,user_0293,5
64,user_0195,5
64,user_0271,5
64,user_0204,5
64,user_0235,5
64,user_0182,5
64,user_0256,5
64,user_0284,5
64,user_0289,5
64,user_0238,5
64,user_0179,2
64,user_0141,2
64,user_0128,2
64,user_0162,2
64,user_0134,2
64,user_0177,2
64,user_0174,2
64,user_0157,2
64,user_0158,2
64,user_0176,2
64,user_0122,2
64,user_0147,2
64,user_0124,2
64,user_0168,2
64,user_0175,2
64,user_0145,2
64,user_0164,2
64,user_0065,2
64,user_0172,2
64,user_0062,2
64,user_0129,2
64,user_0133,2
64,user_0150,2
64,user_0142,2
64,user_0153,2
64,user_0130,2
64,user_0169,2
64,user_0138,2
64,user_0120,2
64,user_0136,2
64,user_0123,2
64,user_0137,2
64,user_0178,2
64,user_0132,2
64,user_0171,2
64,user_0139,2
64,user_0121,2
64,user_0149,2
64,user_0155,2
64,user_0148,2
64,user_0151,2
64,user_0163,2
64,user_0152,2
64,user_0144,2
64,user_0064,2
64,user_0143,2
64,user_0159,2
64,user_0160,2
64,user_0131,2
64,user_0067,2
64,user_0146,2
64,user_0166,2
64,user_0170,2
64,user_0063,2
64,user_0165,2
64,user_0135,2
64,user_0126,2
64,user_0156,2
64,user_0125,2
64,user_0061,2
64,user_0060,2
64,user_0167,2
64,user_0154,2
64,user_0173,2
64,user_0127,2
64,user_0161,2
64,user_0066,2
64,user_0140,2
64,user_0018,0
64,user_0032,0
64,user_0010,0
64,user_0041,0
64,user_0030,0
64,user_0031,0
64,user_0059,0
64,user_0042,0
64,user_0003,0
64,user_0025,0
64,user_0054,0
64,user_0014,0
64,user_0023,0
64,user_0007,0
64,user_0039,0
64,user_0000,0
64,user_0057,0
64,user_0021,0
64,user_0020,0
64,user_0001,0
64,user_0011,0
64,user_0034,0
64,user_0017,0
64,user_0040,0
64,user_0005,0
64,user_0016,0
64,user_0048,0
64,user_0008,0
64,user_0029,0
64,user_0044,0
64,user_0028,0
64,user_0038,0
64,user_0009,0
64,user_0055,0
64,user_0019,0
64,user_0047,0
64,user_0050,0
64,user_0058,0
64,user_0036,0
64,user_0015,0
64,user_0037,0
64,user_0052,0
64,user_0004,0
64,user_0049,0
64,user_0026,0
64,user_0027,0
64,user_0035,0
64,user_0006,0
64,user_0012,0
64,user_0024,0
64,user_0043,0
64,user_0033,0
64,user_0053,0
64,user_0013,0
64,user_0225,0
64,user_0002,0
64,user_0045,0
64,user_0056,0
64,user_0051,0
64,user_0022,0
64,user_0046,0
64,user_0335,3
64,user_0349,3
64,user_0306,3
64,user_0340,3
64,user_0316,3
64,user_0302,3
64,user_0329,3
64,user_0312,3
64,user_0330,3
64,user_0315,3
64,user_0332,3
64,user_0313,3
64,user_0323,3
64,user_0338,3
64,user_0319,3
64,user_0304,3
64,user_0327,3
64,user_0358,3
64,user_0311,3
64,user_0355,3
64,user_0345,3
64,user_0343,3
64,user_0350,3
64,user_0342,3
64,user_0339,3
64,user_0300,3
64,user_0310,3
64,user_0336,3
64,user_0359,3
64,user_0325,3
64,user_0307,3
64,user_0344,3
64,user_0351,3
64,user_0321,3
64,user_0352,3
64,user_0318,3
64,user_0328,3
64,user_0347,3
64,user_0353,3
64,user_0357,3
64,user_0354,3
64,user_0303,3
64,user_0305,3
64,user_0348,3
64,user_0326,3
64,user_0333,3
64,user_0341,3
64,user_0346,3
64,user_0356,3
64,user_0309,3
64,user_0324,3
64,user_0322,3
64,user_0301,3
64,user_0317,3
64,user_0334,3
64,user_0320,3
64,user_0337,3
64,user_0331,3
64,user_0308,3
64,user_0314,3
64,user_0074,1
64,user_0096,1
64,user_0077,1
64,user_0087,1
64,user_0069,1
64,user_0094,1
64,user_0109,1
64,user_0073,1
64,user_0092,1
64,user_0086,1
64,user_0076,1
64,user_0081,1
64,user_0088,1
64,user_0118,1
64,user_0111,1
64,user_0083,1
64,user_0103,1
64,user_0104,1
64,user_0079,1
64,user_0091,1
64,user_0102,1
64,user_0116,1
64,user_0098,1
64,user_0072,1
64,user_0113,1
64,user_0075,1
64,user_0068,1
64,user_0090,1
64,user_0117,1
64,user_0093,1
64,user_0089,1
64,user_0115,1
64,user_0100,1
64,user_0114,1
64,user_0078,1
64,user_0084,1
64,user_0110,1
64,user_0107,1
64,user_0106,1
64,user_0080,1
64,user_0099,1
64,user_0071,1
64,user_0095,1
64,user_0105,1
64,user_0070,1
64,user_0108,1
64,user_0082,1
64,user_0119,1
64,user_0112,1
64,user_0085,1
64,user_0097,1
64,user_0101,1
65,user_0263,5
65,user_0274,5
65,user_0262,5
65,user_0194,5
65,user_0281,5
65,user_0187,5
65,user_0181,5
65,user_0249,5
65,user_0280,5
65,user_0265,5
65,user_0200,5
65,user_0228,5
65,user_0288,5
65,user_0272,5
65,user_0255,5
65,user_0188,5
65,user_0279,5
65,user_0252,5
65,user_0296,5
65,user_0216,5
65,user_0299,5
65,user_0268,5
65,user_0185,5
65,user_0206,5
65,user_0190,5
65,user_0286,5
65,user_0282,5
65,user_0270,5
65,user_0246,5
65,user_0236,5
65,user_0273,5
65,user_0232,5
65,user_0266,5
65,user_0276,5
65,user_0116,5
65,user_0283,5
65,user_0245,5
65,user_0215,5
65,user_0294,5
65,user_0226,5
65,user_0250,5
65,user_0253,5
65,user_0198,5
65,user_0184,5
65,user_0292,5
65,user_0193,5
65,user_0242,5
65,user_0214,5
65,user_0210,5
65,user_0199,5
65,user_0259,5
65,user_0264,5
65,user_0260,5
65,user_0201,5
65,user_0225,5
65,user_0298,5
65,user_0207,5
65,user_0221,5
65,user_0219,5
65,user_0209,5
65,user_0202,5
65,user_0275,5
65,user_0278,5
65,user_0251,5
65,user_0230,5
65,user_0247,5
65,user_0222,5
65,user_0257,5
65,user_0180,5
65,user_0291,5
65,user_0267,5
65,user_0223,5
65,user_0205,5
65,user_0213,5
65,user_0234,5
65,user_0189,5
65,user_0287,5
65,user_0203,5
65,user_0229,5
65,user_0224,5
65,user_0218,5
65,user_0220,5
65,user_0297,5
65,user_0244,5
65,user_0269,5
65,user_0241,5
65,user_0197,5
65,user_0191,5
65,user_0239,5
65,user_0192,5
65,user_0277,5
65,user_0183,5
65,user_0233,5
65,user_0211,5
65,user_0258,5
65,user_0295,5
65,user_0231,5
65,user_0208,5
65,user_0186,5
65,user_0248,5
65,user_0217,5
65,user_0243,5
65,user_0212,5
65,user_0237,5
65,user_0254,5
65,user_0261,5
65,user_0196,5
65,user_0285,5
65,user_0240,5
65,user_0195,5
65,user_0293,5
65,user_0227,5
65,user_0271,5
65,user_0204,5
65,user_0235,5
65,user_0182,5
65,user_0256,5
65,user_0284,5
65,user_0289,5
65,user_0238,5
65,user_0179,2
65,user_0141,2
65,user_0128,2
65,user_0162,2
65,user_0134,2
65,user_0177,2
65,user_0174,2
65,user_0157,2
65,user_0158,2
65,user_0176,2
65,user_0147,2
65,user_0122,2
65,user_0124,2
65,user_0168,2
65,user_0175,2
65,user_0145,2
65,user_0164,2
65,user_0065,2
65,user_0172,2
65,user_0062,2
65,user_0129,2
65,user_0133,2
65,user_0150,2
65,user_0142,2
65,user_0153,2
65,user_0130,2
65,user_0169,2
65,user_0138,2
65,user_0123,2
65,user_0136,2
65,user_0120,2
65,user_0137,2
65,user_0178,2
65,user_0132,2
65,user_0171,2
65,user_0139,2
65,user_0121,2
65,user_0149,2
65,user_0155,2
65,user_0148,2
65,user_0151,2
65,user_0163,2
65,user_0152,2
65,user_0064,2
65,user_0144,2
65,user_0143,2
65,user_0159,2
65,user_0160,2
65,user_0131,2
65,user_0067,2
65,user_0146,2
65,user_0166,2
65,user_0170,2
65,user_0063,2
65,user_0165,2
65,user_0290,2
65,user_0135,2
65,user_0126,2
65,user_0156,2
65,user_0125,2
65,user_0061,2
65,user_0060,2
65,user_0167,2
65,user_0154,2
65,user_0173,2
65,user_0127,2
65,user_0161,2
65,user_0066,2
65,user_0140,2
65,user_0018,0
65,user_0032,0
65,user_0010,0
65,user_0041,0
65,user_0030,0
65,user_0031,0
65,user_0059,0
65,user_0042,0
65,user_0003,0
65,user_0025,0
65,user_0054,0
65,user_0014,0
65,user_0007,0
65,user_0023,0
65,user_0039,0
65,user_0057,0
65,user_0021,0
65,user_0020,0
65,user_0001,0
65,user_0011,0
65,user_0034,0
65,user_0017,0
65,user_0040,0
65,user_0005,0
65,user_0016,0
65,user_0048,0
65,user_0008,0
65,user_0029,0
65,user_0046,0
65,user_0044,0
65,user_0028,0
65,user_0038,0
65,user_0009,0
65,user_0019,0
65,user_0055,0
65,user_0047,0
65,user_0050,0
65,user_0058,0
65,user_0036,0
65,user_0015,0
65,user_0052,0
65,user_0004,0
65,user_0049,0
65,user_0026,0
65,user_0027,0
65,user_0035,0
65,user_0012,0
65,user_0006,0
65,user_0024,0
65,user_0043,0
65,user_0013,0
65,user_0053,0
65,user_0033,0
65,user_0045,0
65,user_0002,0
65,user_0037,0
65,user_0056,0
65,user_0051,0
65,user_0022,0
65,user_0000,0
65,user_0335,3
65,user_0349,3
65,user_0306,3
65,user_0340,3
65,user_0316,3
65,user_0302,3
65,user_0329,3
65,user_0312,3
65,user_0330,3
65,user_0315,3
65,user_0332,3
65,user_0313,3
65,user_0323,3
65,user_0338,3
65,user_0319,3
65,user_0304,3
65,user_0327,3
65,user_0358,3
65,user_0311,3
65,user_0355,3
65,user_0345,3
65,user_0350,3
65,user_0343,3
65,user_0342,3
65,user_0339,3
65,user_0300,3
65,user_0310,3
65,user_0336,3
65,user_0359,3
65,user_0325,3
65,user_0307,3
65,user_0344,3
65,user_0331,3
65,user_0351,3
65,user_0321,3
65,user_0352,3
65,user_0318,3
65,user_0328,3
65,user_0347,3
65,user_0353,3
65,user_0357,3
65,user_0354,3
65,user_0303,3
65,user_0305,3
65,user_0348,3
65,user_0326,3
65,user_0333,3
65,user_0341,3
65,user_0346,3
65,user_0356,3
65,user_0324,3
65,user_0309,3
65,user_0322,3
65,user_0301,3
65,user_0317,3
65,user_0320,3
65,user_0337,3
65,user_0334,3
65,user_0308,3
65,user_0314,3
65,user_0074,1
65,user_0096,1
65,user_0077,1
65,user_0087,1
65,user_0069,1
65,user_0094,1
65,user_0109,1
65,user_0073,1
65,user_0092,1
65,user_0086,1
65,user_0111,1
65,user_0088,1
65,user_0081,1
65,user_0118,1
65,user_0083,1
65,user_0102,1
65,user_0079,1
65,user_0103,1
65,user_0104,1
65,user_0091,1
65,user_0098,1
65,user_0072,1
65,user_0113,1
65,user_0075,1
65,user_0068,1
65,user_0090,1
65,user_0117,1
65,user_0093,1
65,user_0089,1
65,user_0076,1
65,user_0115,1
65,user_0100,1
65,user_0114,1
65,user_0078,1
65,user_0107,1
65,user_0084,1
65,user_0110,1
65,user_0106,1
65,user_0080,1
65,user_0099,1
65,user_0071,1
65,user_0095,1
65,user_0105,1
65,user_0082,1
65,user_0070,1
65,user_0108,1
65,user_0112,1
65,user_0119,1
65,user_0085,1
65,user_0097,1
65,user_0101,1
66,user_0263,5
66,user_0274,5
66,user_0262,5
66,user_0187,5
66,user_0281,5
66,user_0194,5
66,user_0249,5
66,user_0280,5
66,user_0181,5
66,user_0265,5
66,user_0228,5
66,user_0200,5
66,user_0288,5
66,user_0188,5
66,user_0255,5
66,user_0279,5
66,user_0252,5
66,user_0216,5
66,user_0299,5
66,user_0190,5
66,user_0206,5
66,user_0185,5
66,user_0268,5
66,user_0286,5
66,user_0273,5
66,user_0246,5
66,user_0236,5
66,user_0232,5
66,user_0266,5
66,user_0276,5
66,user_0245,5
66,user_0283,5
66,user_0215,5
66,user_0294,5
66,user_0250,5
66,user_0226,5
66,user_0253,5
66,user_0198,5
66,user_0184,5
66,user_0292,5
66,user_0193,5
66,user_0242,5
66,user_0214,5
66,user_0210,5
66,user_0199,5
66,user_0260,5
66,user_0264,5
66,user_0259,5
66,user_0201,5
66,user_0298,5
66,user_0207,5
66,user_0221,5
66,user_0209,5
66,user_0202,5
66,user_0219,5
66,user_0275,5
66,user_0257,5
66,user_0230,5
66,user_0251,5
66,user_0222,5
66,user_0247,5
66,user_0180,5
66,user_0291,5
66,user_0267,5
66,user_0213,5
66,user_0223,5
66,user_0205,5
66,user_0234,5
66,user_0189,5
66,user_0229,5
66,user_0203,5
66,user_0287,5
66,user_0224,5
66,user_0218,5
66,user_0220,5
66,user_0244,5
66,user_0269,5
66,user_0241,5
66,user_0191,5
66,user_0197,5
66,user_0239,5
66,user_0192,5
66,user_0183,5
66,user_0233,5
66,user_0211,5
66,user_0258,5
66,user_0295,5
66,user_0231,5
66,user_0186,5
66,user_0208,5
66,user_0248,5
66,user_0217,5
66,user_0243,5
66,user_0212,5
66,user_0237,5
66,user_0254,5
66,user_0261,5
66,user_0196,5
66,user_0285,5
66,user_0240,5
66,user_0195,5
66,user_0293,5
66,user_0227,5
66,user_0271,5
66,user_0204,5
66,user_0235,5
66,user_0182,5
66,user_0256,5
66,user_0284,5
66,user_0289,5
66,user_0238,5
66,user_0032,2
66,user_0179,2
66,user_0141,2
66,user_0128,2
66,user_0162,2
66,user_0134,2
66,user_0177,2
66,user_0174,2
66,user_0157,2
66,user_0158,2
66,user_0176,2
66,user_0122,2
66,user_0147,2
66,user_0124,2
66,user_0168,2
66,user_0175,2
66,user_0145,2
66,user_0164,2
66,user_0065,2
66,user_0172,2
66,user_0062,2
66,user_0129,2
66,user_0133,2
66,user_0150,2
66,user_0142,2
66,user_0153,2
66,user_0130,2
66,user_0169,2
66,user_0123,2
66,user_0120,2
66,user_0136,2
66,user_0138,2
66,user_0137,2
66,user_0178,2
66,user_0132,2
66,user_0171,2
66,user_0139,2
66,user_0121,2
66,user_0149,2
66,user_0155,2
66,user_0148,2
66,user_0151,2
66,user_0163,2
66,user_0152,2
66,user_0064,2
66,user_0144,2
66,user_0143,2
66,user_0159,2
66,user_0160,2
66,user_0131,2
66,user_0067,2
66,user_0146,2
66,user_0166,2
66,user_0170,2
66,user_0063,2
66,user_0165,2
66,user_0135,2
66,user_0126,2
66,user_0156,2
66,user_0125,2
66,user_0061,2
66,user_0060,2
66,user_0167,2
66,user_0154,2
66,user_0173,2
66,user_0127,2
66,user_0161,2
66,user_0066,2
66,user_0140,2
66,user_0335,3
66,user_0349,3
66,user_0306,3
66,user_0340,3
66,user_0316,3
66,user_0302,3
66,user_0329,3
66,user_0312,3
66,user_0330,3
66,user_0315,3
66,user_0332,3
66,user_0313,3
66,user_0323,3
66,user_0338,3
66,user_0319,3
66,user_0304,3
66,user_0327,3
66,user_0358,3
66,user_0296,3
66,user_0311,3
66,user_0310,3
66,user_0355,3
66,user_0343,3
66,user_0345,3
66,user_0350,3
66,user_0339,3
66,user_0300,3
66,user_0342,3
66,user_0336,3
66,user_0359,3
66,user_0325,3
66,user_0331,3
66,user_0307,3
66,user_0282,3
66,user_0344,3
66,user_0321,3
66,user_0351,3
66,user_0352,3
66,user_0318,3
66,user_0328,3
66,user_0347,3
66,user_0353,3
66,user_0357,3
66,user_0354,3
66,user_0303,3
66,user_0305,3
66,user_0348,3
66,user_0326,3
66,user_0333,3
66,user_0341,3
66,user_0346,3
66,user_0356,3
66,user_0309,3
66,user_0324,3
66,user_0322,3
66,user_0301,3
66,user_0317,3
66,user_0320,3
66,user_0337,3
66,user_0334,3
66,user_0308,3
66,user_0314,3
66,user_0018,0
66,user_0010,0
66,user_0041,0
66,user_0030,0
66,user_0031,0
66,user_0059,0
66,user_0042,0
66,user_0003,0
66,user_0025,0
66,user_0054,0
66,user_0272,0
66,user_0014,0
66,user_0007,0
66,user_0023,0
66,user_0039,0
66,user_0057,0
66,user_0021,0
66,user_0020,0
66,user_0001,0
66,user_0011,0
66,user_0034,0
66,user_0017,0
66,user_0040,0
66,user_0005,0
66,user_0016,0
66,user_0048,0
66,user_0008,0
66,user_0029,0
66,user_0046,0
66,user_0044,0
66,user_0028,0
66,user_0038,0
66,user_0019,0
66,user_0055,0
66,user_0009,0
66,user_0047,0
66,user_0050,0
66,user_0058,0
66,user_0036,0
66,user_0015,0
66,user_0290,0
66,user_0004,0
66,user_0052,0
66,user_0037,0
66,user_0049,0
66,user_0026,0
66,user_0027,0
66,user_0035,0
66,user_0006,0
66,user_0012,0
66,user_0024,0
66,user_0043,0
66,user_0013,0
66,user_0033,0
66,user_0053,0
66,user_0225,0
66,user_0002,0
66,user_0045,0
66,user_0056,0
66,user_0051,0
66,user_0022,0
66,user_0000,0
66,user_0074,1
66,user_0096,1
66,user_0077,1
66,user_0087,1
66,user_0097,1
66,user_0069,1
66,user_0094,1
66,user_0109,1
66,user_0073,1
66,user_0297,1
66,user_0092,1
66,user_0086,1
66,user_0076,1
66,user_0081,1
66,user_0118,1
66,user_0083,1
66,user_0111,1
66,user_0102,1
66,user_0270,1
66,user_0103,1
66,user_0079,1
66,user_0104,1
66,user_0091,1
66,user_0277,1
66,user_0116,1
66,user_0098,1
66,user_0072,1
66,user_0113,1
66,user_0075,1
66,user_0068,1
66,user_0090,1
66,user_0117,1
66,user_0093,1
66,user_0088,1
66,user_0089,1
66,user_0115,1
66,user_0100,1
66,user_0114,1
66,user_0078,1
66,user_0084,1
66,user_0107,1
66,user_0110,1
66,user_0106,1
66,user_0080,1
66,user_0099,1
66,user_0071,1
66,user_0095,1
66,user_0070,1
66,user_0082,1
66,user_0105,1
66,user_0108,1
66,user_0112,1
66,user_0119,1
66,user_0085,1
66,user_0278,1
66,user_0101,1
67,user_0263,5
67,user_0274,5
67,user_0262,5
67,user_0187,5
67,user_0281,5
67,user_0194,5
67,user_0280,5
67,user_0181,5
67,user_0249,5
67,user_0200,5
67,user_0265,5
67,user_0228,5
67,user_0288,5
67,user_0272,5
67,user_0255,5
67,user_0188,5
67,user_0279,5
67,user_0252,5
67,user_0296,5
67,user_0216,5
67,user_0190,5
67,user_0299,5
67,user_0268,5
67,user_0185,5
67,user_0206,5
67,user_0273,5
67,user_0282,5
67,user_0286,5
67,user_0246,5
67,user_0236,5
67,user_0232,5
67,user_0266,5
67,user_0276,5
67,user_0245,5
67,user_0283,5
67,user_0250,5
67,user_0226,5
67,user_0215,5
67,user_0294,5
67,user_0253,5
67,user_0198,5
67,user_0184,5
67,user_0292,5
67,user_0193,5
67,user_0242,5
67,user_0214,5
67,user_0210,5
67,user_0199,5
67,user_0259,5
67,user_0264,5
67,user_0260,5
67,user_0201,5
67,user_0225,5
67,user_0298,5
67,user_0207,5
67,user_0221,5
67,user_0219,5
67,user_0202,5
67,user_0209,5
67,user_0275,5
67,user_0257,5
67,user_0251,5
67,user_0222,5
67,user_0247,5
67,user_0230,5
67,user_0180,5
67,user_0291,5
67,user_0267,5
67,user_0213,5
67,user_0223,5
67,user_0205,5
67,user_0234,5
67,user_0189,5
67,user_0229,5
67,user_0287,5
67,user_0203,5
67,user_0224,5
67,user_0218,5
67,user_0220,5
67,user_0297,5
67,user_0244,5
67,user_0269,5
67,user_0241,5
67,user_0191,5
67,user_0197,5
67,user_0239,5
67,user_0192,5
67,user_0277,5
67,user_0183,5
67,user_0233,5
67,user_0211,5
67,user_0258,5
67,user_0295,5
67,user_0231,5
67,user_0186,5
67,user_0208,5
67,user_0248,5
67,user_0353,5
67,user_0217,5
67,user_0243,5
67,user_0212,5
67,user_0237,5
67,user_0254,5
67,user_0290,5
67,user_0261,5
67,user_0196,5
67,user_0285,5
67,user_0227,5
67,user_0240,5
67,user_0293,5
67,user_0195,5
67,user_0271,5
67,user_0204,5
67,user_0235,5
67,user_0182,5
67,user_0256,5
67,user_0284,5
67,user_0289,5
67,user_0238,5
67,user_0179,2
67,user_0141,2
67,user_0128,2
67,user_0162,2
67,user_0134,2
67,user_0177,2
67,user_0174,2
67,user_0157,2
67,user_0158,2
67,user_0176,2
67,user_0122,2
67,user_0147,2
67,user_0124,2
67,user_0168,2
67,user_0175,2
67,user_0145,2
67,user_0164,2
67,user_0065,2
67,user_0172,2
67,user_0062,2
67,user_0129,2
67,user_0133,2
67,user_0150,2
67,user_0142,2
67,user_0153,2
67,user_0130,2
67,user_0169,2
67,user_0138,2
67,user_0136,2
67,user_0123,2
67,user_0120,2
67,user_0137,2
67,user_0178,2
67,user_0132,2
67,user_0171,2
67,user_0139,2
67,user_0121,2
67,user_0149,2
67,user_0155,2
67,user_0148,2
67,user_0151,2
67,user_0163,2
67,user_0152,2
67,user_0144,2
67,user_0064,2
67,user_0143,2
67,user_0159,2
67,user_0160,2
67,user_0131,2
67,user_0067,2
67,user_0146,2
67,user_0166,2
67,user_0170,2
67,user_0063,2
67,user_0165,2
67,user_0135,2
67,user_0126,2
67,user_0156,2
67,user_0125,2
67,user_0060,2
67,user_0061,2
67,user_0167,2
67,user_0154,2
67,user_0173,2
67,user_0127,2
67,user_0161,2
67,user_0066,2
67,user_0140,2
67,user_0018,0
67,user_0032,0
67,user_0010,0
67,user_0041,0
67,user_0030,0
67,user_0031,0
67,user_0059,0
67,user_0042,0
67,user_0003,0
67,user_0025,0
67,user_0054,0
67,user_0014,0
67,user_0023,0
67,user_0007,0
67,user_0039,0
67,user_0057,0
67,user_0021,0
67,user_0020,0
67,user_0001,0
67,user_0011,0
67,user_0034,0
67,user_0017,0
67,user_0040,0
67,user_0005,0
67,user_0016,0
67,user_0048,0
67,user_0008,0
67,user_0029,0
67,user_0046,0
67,user_0044,0
67,user_0028,0
67,user_0038,0
67,user_0019,0
67,user_0055,0
67,user_0009,0
67,user_0047,0
67,user_0050,0
67,user_0058,0
67,user_0036,0
67,user_0015,0
67,user_0052,0
67,user_0004,0
67,user_0049,0
67,user_0026,0
67,user_0027,0
67,user_0035,0
67,user_0012,0
67,user_0006,0
67,user_0024,0
67,user_0043,0
67,user_0013,0
67,user_0053,0
67,user_0033,0
67,user_0002,0
67,user_0045,0
67,user_0037,0
67,user_0056,0
67,user_0022,0
67,user_0000,0
67,user_0335,3
67,user_0349,3
67,user_0306,3
67,user_0340,3
67,user_0316,3
67,user_0302,3
67,user_0329,3
67,user_0312,3
67,user_0330,3
67,user_0315,3
67,user_0332,3
67,user_0313,3
67,user_0323,3
67,user_0338,3
67,user_0319,3
67,user_0304,3
67,user_0327,3
67,user_0358,3
67,user_0311,3
67,user_0310,3
67,user_0355,3
67,user_0345,3
67,user_0350,3
67,user_0343,3
67,user_0300,3
67,user_0342,3
67,user_0339,3
67,user_0336,3
67,user_0359,3
67,user_0325,3
67,user_0307,3
67,user_0331,3
67,user_0344,3
67,user_0321,3
67,user_0351,3
67,user_0352,3
67,user_0318,3
67,user_0328,3
67,user_0347,3
67,user_0357,3
67,user_0354,3
67,user_0303,3
67,user_0305,3
67,user_0348,3
67,user_0326,3
67,user_0333,3
67,user_0341,3
67,user_0346,3
67,user_0356,3
67,user_0309,3
67,user_0324,3
67,user_0322,3
67,user_0301,3
67,user_0317,3
67,user_0320,3
67,user_0337,3
67,user_0334,3
67,user_0308,3
67,user_0314,3
67,user_0074,1
67,user_0096,1
67,user_0077,1
67,user_0087,1
67,user_0069,1
67,user_0094,1
67,user_0109,1
67,user_0073,1
67,user_0092,1
67,user_0086,1
67,user_0076,1
67,user_0111,1
67,user_0083,1
67,user_0118,1
67,user_0081,1
67,user_0088,1
67,user_0102,1
67,user_0103,1
67,user_0079,1
67,user_0091,1
67,user_0104,1
67,user_0270,1
67,user_0116,1
67,user_0098,1
67,user_0072,1
67,user_0113,1
67,user_0075,1
67,user_0068,1
67,user_0090,1
67,user_0117,1
67,user_0093,1
67,user_0089,1
67,user_0115,1
67,user_0100,1
67,user_0114,1
67,user_0110,1
67,user_0107,1
67,user_0078,1
67,user_0084,1
67,user_0106,1
67,user_0080,1
67,user_0099,1
67,user_0071,1
67,user_0095,1
67,user_0070,1
67,user_0082,1
67,user_0105,1
67,user_0108,1
67,user_0119,1
67,user_0112,1
67,user_0278,1
67,user_0085,1
67,user_0097,1
67,user_0101,1
68,user_0263,5
68,user_0274,5
68,user_0187,5
68,user_0194,5
68,user_0281,5
68,user_0181,5
68,user_0200,5
68,user_0280,5
68,user_0228,5
68,user_0265,5
68,user_0249,5
68,user_0288,5
68,user_0272,5
68,user_0188,5
68,user_0255,5
68,user_0279,5
68,user_0252,5
68,user_0296,5
68,user_0216,5
68,user_0190,5
68,user_0268,5
68,user_0206,5
68,user_0299,5
68,user_0185,5
68,user_0273,5
68,user_0286,5
68,user_0270,5
68,user_0282,5
68,user_0236,5
68,user_0103,5
68,user_0246,5
68,user_0232,5
68,user_0266,5
68,user_0276,5
68,user_0245,5
68,user_0283,5
68,user_0215,5
68,user_0294,5
68,user_0226,5
68,user_0250,5
68,user_0253,5
68,user_0198,5
68,user_0184,5
68,user_0292,5
68,user_0193,5
68,user_0242,5
68,user_0214,5
68,user_0199,5
68,user_0210,5
68,user_0260,5
68,user_0264,5
68,user_0259,5
68,user_0201,5
68,user_0225,5
68,user_0298,5
68,user_0207,5
68,user_0209,5
68,user_0221,5
68,user_0202,5
68,user_0219,5
68,user_0275,5
68,user_0230,5
68,user_0251,5
68,user_0222,5
68,user_0180,5
68,user_0291,5
68,user_0267,5
68,user_0213,5
68,user_0223,5
68,user_0205,5
68,user_0234,5
68,user_0189,5
68,user_0203,5
68,user_0229,5
68,user_0287,5
68,user_0224,5
68,user_0218,5
68,user_0220,5
68,user_0297,5
68,user_0244,5
68,user_0269,5
68,user_0241,5
68,user_0191,5
68,user_0197,5
68,user_0239,5
68,user_0192,5
68,user_0277,5
68,user_0183,5
68,user_0233,5
68,user_0211,5
68,user_0258,5
68,user_0295,5
68,user_0231,5
68,user_0186,5
68,user_0208,5
68,user_0248,5
68,user_0353,5
68,user_0217,5
68,user_0243,5
68,user_0212,5
68,user_0237,5
68,user_0290,5
68,user_0261,5
68,user_0196,5
68,user_0285,5
68,user_0240,5
68,user_0195,5
68,user_0293,5
68,user_0271,5
68,user_0204,5
68,user_0235,5
68,user_0182,5
68,user_0256,5
68,user_0284,5
68,user_0289,5
68,user_0238,5
68,user_0179,2
68,user_0141,2
68,user_0128,2
68,user_0162,2
68,user_0134,2
68,user_0177,2
68,user_0174,2
68,user_0157,2
68,user_0158,2
68,user_0176,2
68,user_0122,2
68,user_0147,2
68,user_0124,2
68,user_0168,2
68,user_0175,2
68,user_0145,2
68,user_0164,2
68,user_0065,2
68,user_0172,2
68,user_0062,2
68,user_0129,2
68,user_0133,2
68,user_0150,2
68,user_0142,2
68,user_0153,2
68,user_0130,2
68,user_0169,2
68,user_0123,2
68,user_0120,2
68,user_0136,2
68,user_0138,2
68,user_0137,2
68,user_0178,2
68,user_0132,2
68,user_0171,2
68,user_0139,2
68,user_0121,2
68,user_0149,2
68,user_0155,2
68,user_0148,2
68,user_0151,2
68,user_0163,2
68,user_0152,2
68,user_0064,2
68,user_0144,2
68,user_0143,2
68,user_0159,2
68,user_0160,2
68,user_0131,2
68,user_0067,2
68,user_0146,2
68,user_0166,2
68,user_0170,2
68,user_0063,2
68,user_0165,2
68,user_0135,2
68,user_0126,2
68,user_0156,2
68,user_0125,2
68,user_0061,2
68,user_0167,2
68,user_0060,2
68,user_0154,2
68,user_0173,2
68,user_0127,2
68,user_0161,2
68,user_0066,2
68,user_0140,2
68,user_0018,0
68,user_0032,0
68,user_0010,0
68,user_0041,0
68,user_0030,0
68,user_0031,0
68,user_0059,0
68,user_0042,0
68,user_0003,0
68,user_0025,0
68,user_0054,0
68,user_0014,0
68,user_0023,0
68,user_0007,0
68,user_0039,0
68,user_0000,0
68,user_0057,0
68,user_0021,0
68,user_0020,0
68,user_0001,0
68,user_0011,0
68,user_0034,0
68,user_0017,0
68,user_0016,0
68,user_0005,0
68,user_0040,0
68,user_0048,0
68,user_0008,0
68,user_0029,0
68,user_0046,0
68,user_0044,0
68,user_0028,0
68,user_0038,0
68,user_0019,0
68,user_0055,0
68,user_0009,0
68,user_0047,0
68,user_0050,0
68,user_0058,0
68,user_0036,0
68,user_0015,0
68,user_0037,0
68,user_0004,0
68,user_0052,0
68,user_0049,0
68,user_0026,0
68,user_0027,0
68,user_0035,0
68,user_0006,0
68,user_0012,0
68,user_0024,0
68,user_0043,0
68,user_0013,0
68,user_0053,0
68,user_0033,0
68,user_0002,0
68,user_0045,0
68,user_0056,0
68,user_0051,0
68,user_0022,0
68,user_0247,0
68,user_0074,1
68,user_0262,1
68,user_0096,1
68,user_0077,1
68,user_0087,1
68,user_0069,1
68,user_0094,1
68,user_0109,1
68,user_0073,1
68,user_0092,1
68,user_0086,1
68,user_0111,1
68,user_0081,1
68,user_0118,1
68,user_0076,1
68,user_0083,1
68,user_0102,1
68,user_0104,1
68,user_0079,1
68,user_0088,1
68,user_0091,1
68,user_0116,1
68,user_0098,1
68,user_0072,1
68,user_0113,1
68,user_0075,1
68,user_0117,1
68,user_0068,1
68,user_0090,1
68,user_0093,1
68,user_0089,1
68,user_0115,1
68,user_0100,1
68,user_0114,1
68,user_0078,1
68,user_0084,1
68,user_0110,1
68,user_0107,1
68,user_0106,1
68,user_0080,1
68,user_0099,1
68,user_0227,1
68,user_0071,1
68,user_0095,1
68,user_0108,1
68,user_0070,1
68,user_0105,1
68,user_0082,1
68,user_0112,1
68,user_0119,1
68,user_0278,1
68,user_0085,1
68,user_0097,1
68,user_0257,1
68,user_0101,1
68,user_0318,3
68,user_0328,3
68,user_0306,3
68,user_0316,3
68,user_0302,3
68,user_0329,3
68,user_0303,3
68,user_0312,3
68,user_0305,3
68,user_0315,3
68,user_0313,3
68,user_0323,3
68,user_0326,3
68,user_0319,3
68,user_0304,3
68,user_0327,3
68,user_0309,3
68,user_0324,3
68,user_0311,3
68,user_0310,3
68,user_0301,3
68,user_0317,3
68,user_0322,3
68,user_0320,3
68,user_0300,3
68,user_0325,3
68,user_0307,3
68,user_0308,3
68,user_0321,3
68,user_0314,3
68,user_0335,6
68,user_0349,6
68,user_0340,6
68,user_0347,6
68,user_0357,6
68,user_0354,6
68,user_0330,6
68,user_0348,6
68,user_0332,6
68,user_0338,6
68,user_0341,6
68,user_0358,6
68,user_0346,6
68,user_0356,6
68,user_0355,6
68,user_0345,6
68,user_0350,6
68,user_0343,6
68,user_0342,6
68,user_0339,6
68,user_0337,6
68,user_0331,6
68,user_0336,6
68,user_0359,6
68,user_0334,6
68,user_0344,6
68,user_0333,6
68,user_0351,6
68,user_0352,6
69,user_0263,5
69,user_0274,5
69,user_0262,5
69,user_0187,5
69,user_0281,5
69,user_0194,5
69,user_0181,5
69,user_0200,5
69,user_0280,5
69,user_0265,5
69,user_0249,5
69,user_0228,5
69,user_0288,5
69,user_0272,5
69,user_0255,5
69,user_0188,5
69,user_0279,5
69,user_0252,5
69,user_0296,5
69,user_0216,5
69,user_0190,5
69,user_0299,5
69,user_0268,5
69,user_0206,5
69,user_0185,5
69,user_0273,5
69,user_0282,5
69,user_0270,5
69,user_0246,5
69,user_0236,5
69,user_0103,5
69,user_0286,5
69,user_0232,5
69,user_0266,5
69,user_0276,5
69,user_0245,5
69,user_0283,5
69,user_0215,5
69,user_0226,5
69,user_0294,5
69,user_0250,5
69,user_0253,5
69,user_0198,5
69,user_0184,5
69,user_0292,5
69,user_0193,5
69,user_0242,5
69,user_0214,5
69,user_0199,5
69,user_0210,5
69,user_0260,5
69,user_0264,5
69,user_0259,5
69,user_0201,5
69,user_0225,5
69,user_0298,5
69,user_0207,5
69,user_0209,5
69,user_0219,5
69,user_0202,5
69,user_0221,5
69,user_0278,5
69,user_0230,5
69,user_0251,5
69,user_0222,5
69,user_0247,5
69,user_0275,5
69,user_0180,5
69,user_0291,5
69,user_0267,5
69,user_0213,5
69,user_0205,5
69,user_0223,5
69,user_0234,5
69,user_0189,5
69,user_0229,5
69,user_0203,5
69,user_0287,5
69,user_0224,5
69,user_0218,5
69,user_0220,5
69,user_0297,5
69,user_0269,5
69,user_0244,5
69,user_0241,5
69,user_0191,5
69,user_0197,5
69,user_0239,5
69,user_0192,5
69,user_0277,5
69,user_0233,5
69,user_0183,5
69,user_0211,5
69,user_0258,5
69,user_0295,5
69,user_0231,5
69,user_0208,5
69,user_0186,5
69,user_0248,5
69,user_0217,5
69,user_0243,5
69,user_0212,5
69,user_0237,5
69,user_0254,5
69,user_0290,5
69,user_0261,5
69,user_0196,5
69,user_0285,5
69,user_0227,5
69,user_0195,5
69,user_0240,5
69,user_0293,5
69,user_0271,5
69,user_0204,5
69,user_0235,5
69,user_0182,5
69,user_0256,5
69,user_0284,5
69,user_0289,5
69,user_0238,5
69,user_0179,2
69,user_0141,2
69,user_0128,2
69,user_0162,2
69,user_0134,2
69,user_0177,2
69,user_0174,2
69,user_0157,2
69,user_0158,2
69,user_0176,2
69,user_0147,2
69,user_0122,2
69,user_0124,2
69,user_0168,2
69,user_0175,2
69,user_0145,2
69,user_0164,2
69,user_0065,2
69,user_0172,2
69,user_0062,2
69,user_0129,2
69,user_0133,2
69,user_0150,2
69,user_0142,2
69,user_0153,2
69,user_0130,2
69,user_0169,2
69,user_0123,2
69,user_0120,2
69,user_0138,2
69,user_0136,2
69,user_0346,2
69,user_0137,2
69,user_0178,2
69,user_0132,2
69,user_0171,2
69,user_0139,2
69,user_0121,2
69,user_0149,2
69,user_0155,2
69,user_0148,2
69,user_0151,2
69,user_0163,2
69,user_0152,2
69,user_0064,2
69,user_0144,2
69,user_0143,2
69,user_0159,2
69,user_0160,2
69,user_0131,2
69,user_0067,2
69,user_0146,2
69,user_0166,2
69,user_0170,2
69,user_0063,2
69,user_0165,2
69,user_0135,2
69,user_0126,2
69,user_0156,2
69,user_0125,2
69,user_0167,2
69,user_0060,2
69,user_0061,2
69,user_0154,2
69,user_0173,2
69,user_0127,2
69,user_0161,2
69,user_0066,2
69,user_0140,2
69,user_0018,0
69,user_0032,0
69,user_0010,0
69,user_0041,0
69,user_0030,0
69,user_0031,0
69,user_0059,0
69,user_0042,0
69,user_0003,0
69,user_0025,0
69,user_0054,0
69,user_0014,0
69,user_0007,0
69,user_0023,0
69,user_0039,0
69,user_0057,0
69,user_0021,0
69,user_0020,0
69,user_0001,0
69,user_0011,0
69,user_0034,0
69,user_0016,0
69,user_0040,0
69,user_0017,0
69,user_0005,0
69,user_0048,0
69,user_0008,0
69,user_0046,0
69,user_0029,0
69,user_0044,0
69,user_0028,0
69,user_0038,0
69,user_0009,0
69,user_0055,0
69,user_0019,0
69,user_0047,0
69,user_0050,0
69,user_0058,0
69,user_0036,0
69,user_0015,0
69,user_0052,0
69,user_0004,0
69,user_0049,0
69,user_0026,0
69,user_0027,0
69,user_0035,0
69,user_0006,0
69,user_0012,0
69,user_0024,0
69,user_0043,0
69,user_0013,0
69,user_0053,0
69,user_0033,0
69,user_0002,0
69,user_0045,0
69,user_0037,0
69,user_0056,0
69,user_0051,0
69,user_0022,0
69,user_0000,0
69,user_0074,1
69,user_0096,1
69,user_0077,1
69,user_0087,1
69,user_0069,1
69,user_0094,1
69,user_0109,1
69,user_0073,1
69,user_0092,1
69,user_0086,1
69,user_0076,1
69,user_0088,1
69,user_0083,1
69,user_0081,1
69,user_0111,1
69,user_0102,1
69,user_0104,1
69,user_0118,1
69,user_0079,1
69,user_0091,1
69,user_0116,1
69,user_0098,1
69,user_0072,1
69,user_0113,1
69,user_0075,1
69,user_0068,1
69,user_0090,1
69,user_0117,1
69,user_0093,1
69,user_0089,1
69,user_0115,1
69,user_0100,1
69,user_0114,1
69,user_0084,1
69,user_0078,1
69,user_0110,1
69,user_0107,1
69,user_0106,1
69,user_0080,1
69,user_0099,1
69,user_0071,1
69,user_0095,1
69,user_0070,1
69,user_0108,1
69,user_0082,1
69,user_0105,1
69,user_0112,1
69,user_0119,1
69,user_0085,1
69,user_0097,1
69,user_0257,1
69,user_0101,1
69,user_0318,3
69,user_0328,3
69,user_0306,3
69,user_0316,3
69,user_0302,3
69,user_0329,3
69,user_0312,3
69,user_0303,3
69,user_0305,3
69,user_0315,3
69,user_0313,3
69,user_0326,3
69,user_0323,3
69,user_0319,3
69,user_0304,3
69,user_0327,3
69,user_0324,3
69,user_0311,3
69,user_0309,3
69,user_0310,3
69,user_0301,3
69,user_0317,3
69,user_0322,3
69,user_0320,3
69,user_0300,3
69,user_0325,3
69,user_0307,3
69,user_0308,3
69,user_0321,3
69,user_0314,3
69,user_0335,6
69,user_0349,6
69,user_0347,6
69,user_0340,6
69,user_0357,6
69,user_0354,6
69,user_0330,6
69,user_0348,6
69,user_0332,6
69,user_0338,6
69,user_0341,6
69,user_0358,6
69,user_0356,6
69,user_0355,6
69,user_0345,6
69,user_0343,6
69,user_0334,6
69,user_0342,6
69,user_0339,6
69,user_0337,6
69,user_0350,6
69,user_0336,6
69,user_0359,6
69,user_0331,6
69,user_0344,6
69,user_0333,6
69,user_0351,6
69,user_0352,6
70,user_0263,5
70,user_0274,5
70,user_0262,5
70,user_0187,5
70,user_0281,5
70,user_0194,5
70,user_0181,5
70,user_0200,5
70,user_0249,5
70,user_0265,5
70,user_0228,5
70,user_0280,5
70,user_0288,5
70,user_0272,5
70,user_0255,5
70,user_0188,5
70,user_0279,5
70,user_0252,5
70,user_0296,5
70,user_0216,5
70,user_0190,5
70,user_0299,5
70,user_0206,5
70,user_0268,5
70,user_0185,5
70,user_0286,5
70,user_0282,5
70,user_0270,5
70,user_0103,5
70,user_0273,5
70,user_0246,5
70,user_0236,5
70,user_0232,5
70,user_0325,5
70,user_0266,5
70,user_0276,5
70,user_0245,5
70,user_0283,5
70,user_0215,5
70,user_0226,5
70,user_0294,5
70,user_0250,5
70,user_0253,5
70,user_0093,5
70,user_0198,5
70,user_0184,5
70,user_0292,5
70,user_0193,5
70,user_0242,5
70,user_0214,5
70,user_0199,5
70,user_0210,5
70,user_0260,5
70,user_0259,5
70,user_0264,5
70,user_0201,5
70,user_0225,5
70,user_0298,5
70,user_0207,5
70,user_0221,5
70,user_0209,5
70,user_0219,5
70,user_0202,5
70,user_0278,5
70,user_0257,5
70,user_0251,5
70,user_0230,5
70,user_0222,5
70,user_0247,5
70,user_0275,5
70,user_0180,5
70,user_0291,5
70,user_0267,5
70,user_0223,5
70,user_0205,5
70,user_0213,5
70,user_0234,5
70,user_0189,5
70,user_0229,5
70,user_0203,5
70,user_0287,5
70,user_0224,5
70,user_0218,5
70,user_0220,5
70,user_0297,5
70,user_0244,5
70,user_0269,5
70,user_0241,5
70,user_0191,5
70,user_0197,5
70,user_0239,5
70,user_0192,5
70,user_0277,5
70,user_0183,5
70,user_0233,5
70,user_0211,5
70,user_0258,5
70,user_0295,5
70,user_0231,5
70,user_0186,5
70,user_0208,5
70,user_0248,5
70,user_0217,5
70,user_0243,5
70,user_0212,5
70,user_0237,5
70,user_0254,5
70,user_0290,5
70,user_0261,5
70,user_0196,5
70,user_0285,5
70,user_0227,5
70,user_0195,5
70,user_0240,5
70,user_0293,5
70,user_0271,5
70,user_0204,5
70,user_0235,5
70,user_0182,5
70,user_0256,5
70,user_0284,5
70,user_0289,5
70,user_0238,5
70,user_0179,2
70,user_0141,2
70,user_0128,2
70,user_0162,2
70,user_0134,2
70,user_0177,2
70,user_0174,2
70,user_0157,2
70,user_0158,2
70,user_0176,2
70,user_0147,2
70,user_0122,2
70,user_0124,2
70,user_0168,2
70,user_0175,2
70,user_0145,2
70,user_0164,2
70,user_0065,2
70,user_0172,2
70,user_0062,2
70,user_0129,2
70,user_0133,2
70,user_0150,2
70,user_0142,2
70,user_0153,2
70,user_0130,2
70,user_0169,2
70,user_0123,2
70,user_0138,2
70,user_0120,2
70,user_0136,2
70,user_0137,2
70,user_0178,2
70,user_0132,2
70,user_0171,2
70,user_0139,2
70,user_0121,2
70,user_0025,2
70,user_0149,2
70,user_0155,2
70,user_0148,2
70,user_0151,2
70,user_0163,2
70,user_0152,2
70,user_0064,2
70,user_0144,2
70,user_0143,2
70,user_0159,2
70,user_0160,2
70,user_0131,2
70,user_0067,2
70,user_0146,2
70,user_0166,2
70,user_0170,2
70,user_0353,2
70,user_0063,2
70,user_0165,2
70,user_0135,2
70,user_0126,2
70,user_0156,2
70,user_0125,2
70,user_0060,2
70,user_0061,2
70,user_0167,2
70,user_0154,2
70,user_0173,2
70,user_0127,2
70,user_0161,2
70,user_0066,2
70,user_0140,2
70,user_0032,0
70,user_0010,0
70,user_0041,0
70,user_0030,0
70,user_0031,0
70,user_0059,0
70,user_0042,0
70,user_0003,0
70,user_0054,0
70,user_0014,0
70,user_0007,0
70,user_0023,0
70,user_0057,0
70,user_0021,0
70,user_0020,0
70,user_0001,0
70,user_0011,0
70,user_0034,0
70,user_0017,0
70,user_0040,0
70,user_0005,0
70,user_0016,0
70,user_0048,0
70,user_0008,0
70,user_0029,0
70,user_0046,0
70,user_0044,0
70,user_0028,0
70,user_0038,0
70,user_0019,0
70,user_0055,0
70,user_0009,0
70,user_0047,0
70,user_0050,0
70,user_0058,0
70,user_0036,0
70,user_0015,0
70,user_0052,0
70,user_0004,0
70,user_0049,0
70,user_0026,0
70,user_0027,0
70,user_0035,0
70,user_0012,0
70,user_0006,0
70,user_0024,0
70,user_0043,0
70,user_0013,0
70,user_0053,0
70,user_0033,0
70,user_0002,0
70,user_0045,0
70,user_0037,0
70,user_0056,0
70,user_0051,0
70,user_0022,0
70,user_0000,0
70,user_0074,1
70,user_0018,1
70,user_0096,1
70,user_0077,1
70,user_0087,1
70,user_0069,1
70,user_0094,1
70,user_0109,1
70,user_0073,1
70,user_0092,1
70,user_0086,1
70,user_0076,1
70,user_0088,1
70,user_0083,1
70,user_0118,1
70,user_0111,1
70,user_0102,1
70,user_0104,1
70,user_0079,1
70,user_0081,1
70,user_0091,1
70,user_0116,1
70,user_0098,1
70,user_0072,1
70,user_0113,1
70,user_0075,1
70,user_0068,1
70,user_0117,1
70,user_0090,1
70,user_0089,1
70,user_0115,1
70,user_0100,1
70,user_0114,1
70,user_0110,1
70,user_0084,1
70,user_0107,1
70,user_0078,1
70,user_0106,1
70,user_0080,1
70,user_0099,1
70,user_0071,1
70,user_0095,1
70,user_0108,1
70,user_0324,1
70,user_0105,1
70,user_0070,1
70,user_0082,1
70,user_0119,1
70,user_0112,1
70,user_0085,1
70,user_0097,1
70,user_0101,1
70,user_0318,3
70,user_0328,3
70,user_0306,3
70,user_0316,3
70,user_0302,3
70,user_0329,3
70,user_0312,3
70,user_0303,3
70,user_0305,3
70,user_0315,3
70,user_0313,3
70,user_0326,3
70,user_0323,3
70,user_0039,3
70,user_0319,3
70,user_0327,3
70,user_0304,3
70,user_0309,3
70,user_0311,3
70,user_0322,3
70,user_0310,3
70,user_0301,3
70,user_0317,3
70,user_0320,3
70,user_0300,3
70,user_0307,3
70,user_0308,3
70,user_0321,3
70,user_0314,3
70,user_0335,6
70,user_0349,6
70,user_0347,6
70,user_0340,6
70,user_0357,6
70,user_0354,6
70,user_0330,6
70,user_0348,6
70,user_0332,6
70,user_0338,6
70,user_0341,6
70,user_0358,6
70,user_0346,6
70,user_0356,6
70,user_0355,6
70,user_0345,6
70,user_0350,6
70,user_0334,6
70,user_0342,6
70,user_0339,6
70,user_0337,6
70,user_0343,6
70,user_0336,6
70,user_0359,6
70,user_0331,6
70,user_0344,6
70,user_0333,6
70,user_0351,6
70,user_0352,6
71,user_0263,5
71,user_0274,5
71,user_0262,5
71,user_0187,5
71,user_0281,5
71,user_0194,5
71,user_0280,5
71,user_0200,5
71,user_0228,5
71,user_0265,5
71,user_0181,5
71,user_0249,5
71,user_0288,5
71,user_0272,5
71,user_0188,5
71,user_0255,5
71,user_0279,5
71,user_0252,5
71,user_0296,5
71,user_0216,5
71,user_0299,5
71,user_0190,5
71,user_0206,5
71,user_0185,5
71,user_0268,5
71,user_0286,5
71,user_0273,5
71,user_0270,5
71,user_0246,5
71,user_0236,5
71,user_0282,5
71,user_0232,5
71,user_0266,5
71,user_0276,5
71,user_0283,5
71,user_0245,5
71,user_0215,5
71,user_0226,5
71,user_0294,5
71,user_0250,5
71,user_0253,5
71,user_0198,5
71,user_0184,5
71,user_0292,5
71,user_0193,5
71,user_0242,5
71,user_0214,5
71,user_0210,5
71,user_0199,5
71,user_0260,5
71,user_0259,5
71,user_0264,5
71,user_0201,5
71,user_0225,5
71,user_0298,5
71,user_0207,5
71,user_0221,5
71,user_0219,5
71,user_0202,5
71,user_0209,5
71,user_0278,5
71,user_0230,5
71,user_0222,5
71,user_0257,5
71,user_0251,5
71,user_0275,5
71,user_0247,5
71,user_0180,5
71,user_0291,5
71,user_0267,5
71,user_0213,5
71,user_0205,5
71,user_0223,5
71,user_0234,5
71,user_0189,5
71,user_0287,5
71,user_0229,5
71,user_0203,5
71,user_0224,5
71,user_0218,5
71,user_0220,5
71,user_0297,5
71,user_0244,5
71,user_0269,5
71,user_0241,5
71,user_0197,5
71,user_0191,5
71,user_0239,5
71,user_0192,5
71,user_0277,5
71,user_0233,5
71,user_0183,5
71,user_0211,5
71,user_0258,5
71,user_0295,5
71,user_0186,5
71,user_0208,5
71,user_0231,5
71,user_0248,5
71,user_0217,5
71,user_0243,5
71,user_0212,5
71,user_0237,5
71,user_0254,5
71,user_0290,5
71,user_0261,5
71,user_0196,5
71,user_0285,5
71,user_0227,5
71,user_0195,5
71,user_0240,5
71,user_0293,5
71,user_0271,5
71,user_0204,5
71,user_0235,5
71,user_0182,5
71,user_0256,5
71,user_0284,5
71,user_0289,5
71,user_0238,5
71,user_0179,2
71,user_0141,2
71,user_0128,2
71,user_0162,2
71,user_0134,2
71,user_0177,2
71,user_0174,2
71,user_0157,2
71,user_0158,2
71,user_0176,2
71,user_0147,2
71,user_0122,2
71,user_0124,2
71,user_0168,2
71,user_0175,2
71,user_0145,2
71,user_0164,2
71,user_0065,2
71,user_0172,2
71,user_0062,2
71,user_0129,2
71,user_0133,2
71,user_0150,2
71,user_0142,2
71,user_0153,2
71,user_0130,2
71,user_0169,2
71,user_0138,2
71,user_0136,2
71,user_0123,2
71,user_0120,2
71,user_0137,2
71,user_0178,2
71,user_0132,2
71,user_0171,2
71,user_0018,2
71,user_0139,2
71,user_0121,2
71,user_0149,2
71,user_0155,2
71,user_0148,2
71,user_0151,2
71,user_0163,2
71,user_0152,2
71,user_0144,2
71,user_0064,2
71,user_0143,2
71,user_0159,2
71,user_0160,2
71,user_0131,2
71,user_0067,2
71,user_0146,2
71,user_0166,2
71,user_0170,2
71,user_0063,2
71,user_0165,2
71,user_0135,2
71,user_0126,2
71,user_0156,2
71,user_0125,2
71,user_0167,2
71,user_0061,2
71,user_0060,2
71,user_0154,2
71,user_0173,2
71,user_0127,2
71,user_0161,2
71,user_0066,2
71,user_0140,2
71,user_0032,0
71,user_0010,0
71,user_0041,0
71,user_0030,0
71,user_0031,0
71,user_0059,0
71,user_0042,0
71,user_0003,0
71,user_0025,0
71,user_0054,0
71,user_0014,0
71,user_0007,0
71,user_0023,0
71,user_0000,0
71,user_0057,0
71,user_0021,0
71,user_0020,0
71,user_0001,0
71,user_0011,0
71,user_0034,0
71,user_0017,0
71,user_0040,0
71,user_0005,0
71,user_0016,0
71,user_0048,0
71,user_0008,0
71,user_0029,0
71,user_0044,0
71,user_0028,0
71,user_0038,0
71,user_0019,0
71,user_0055,0
71,user_0009,0
71,user_0047,0
71,user_0050,0
71,user_0058,0
71,user_0036,0
71,user_0015,0
71,user_0037,0
71,user_0052,0
71,user_0004,0
71,user_0049,0
71,user_0026,0
71,user_0027,0
71,user_0035,0
71,user_0006,0
71,user_0012,0
71,user_0024,0
71,user_0033,0
71,user_0043,0
71,user_0053,0
71,user_0013,0
71,user_0002,0
71,user_0045,0
71,user_0056,0
71,user_0051,0
71,user_0022,0
71,user_0046,0
71,user_0074,1
71,user_0096,1
71,user_0077,1
71,user_0087,1
71,user_0069,1
71,user_0094,1
71,user_0109,1
71,user_0039,1
71,user_0073,1
71,user_0092,1
71,user_0086,1
71,user_0111,1
71,user_0076,1
71,user_0081,1
71,user_0083,1
71,user_0088,1
71,user_0118,1
71,user_0102,1
71,user_0103,1
71,user_0079,1
71,user_0104,1
71,user_0091,1
71,user_0116,1
71,user_0098,1
71,user_0072,1
71,user_0113,1
71,user_0075,1
71,user_0068,1
71,user_0117,1
71,user_0090,1
71,user_0093,1
71,user_0089,1
71,user_0115,1
71,user_0100,1
71,user_0114,1
71,user_0084,1
71,user_0107,1
71,user_0110,1
71,user_0078,1
71,user_0106,1
71,user_0080,1
71,user_0099,1
71,user_0071,1
71,user_0095,1
71,user_0070,1
71,user_0108,1
71,user_0082,1
71,user_0105,1
71,user_0112,1
71,user_0119,1
71,user_0085,1
71,user_0097,1
71,user_0101,1
71,user_0318,3
71,user_0328,3
71,user_0306,3
71,user_0316,3
71,user_0302,3
71,user_0329,3
71,user_0312,3
71,user_0303,3
71,user_0305,3
71,user_0315,3
71,user_0313,3
71,user_0323,3
71,user_0326,3
71,user_0319,3
71,user_0304,3
71,user_0327,3
71,user_0324,3
71,user_0311,3
71,user_0322,3
71,user_0310,3
71,user_0301,3
71,user_0317,3
71,user_0309,3
71,user_0320,3
71,user_0300,3
71,user_0325,3
71,user_0307,3
71,user_0308,3
71,user_0321,3
71,user_0314,3
71,user_0335,6
71,user_0340,6
71,user_0349,6
71,user_0347,6
71,user_0353,6
71,user_0357,6
71,user_0354,6
71,user_0330,6
71,user_0348,6
71,user_0332,6
71,user_0338,6
71,user_0341,6
71,user_0358,6
71,user_0346,6
71,user_0356,6
71,user_0355,6
71,user_0345,6
71,user_0343,6
71,user_0350,6
71,user_0342,6
71,user_0339,6
71,user_0337,6
71,user_0331,6
71,user_0336,6
71,user_0359,6
71,user_0334,6
71,user_0344,6
71,user_0333,6
71,user_0351,6
71,user_0352,6
72,user_0274,5
72,user_0262,5
72,user_0187,5
72,user_0281,5
72,user_0194,5
72,user_0249,5
72,user_0200,5
72,user_0228,5
72,user_0181,5
72,user_0265,5
72,user_0280,5
72,user_0272,5
72,user_0188,5
72,user_0279,5
72,user_0252,5
72,user_0296,5
72,user_0216,5
72,user_0268,5
72,user_0190,5
72,user_0206,5
72,user_0185,5
72,user_0299,5
72,user_0273,5
72,user_0282,5
72,user_0270,5
72,user_0246,5
72,user_0236,5
72,user_0286,5
72,user_0232,5
72,user_0266,5
72,user_0276,5
72,user_0245,5
72,user_0283,5
72,user_0250,5
72,user_0294,5
72,user_0215,5
72,user_0226,5
72,user_0253,5
72,user_0198,5
72,user_0184,5
72,user_0292,5
72,user_0193,5
72,user_0242,5
72,user_0210,5
72,user_0199,5
72,user_0260,5
72,user_0259,5
72,user_0264,5
72,user_0201,5
72,user_0225,5
72,user_0298,5
72,user_0207,5
72,user_0221,5
72,user_0209,5
72,user_0202,5
72,user_0219,5
72,user_0275,5
72,user_0257,5
72,user_0278,5
72,user_0230,5
72,user_0247,5
72,user_0251,5
72,user_0222,5
72,user_0180,5
72,user_0291,5
72,user_0267,5
72,user_0223,5
72,user_0205,5
72,user_0213,5
72,user_0234,5
72,user_0189,5
72,user_0287,5
72,user_0229,5
72,user_0203,5
72,user_0224,5
72,user_0218,5
72,user_0220,5
72,user_0297,5
72,user_0244,5
72,user_0269,5
72,user_0241,5
72,user_0197,5
72,user_0191,5
72,user_0239,5
72,user_0192,5
72,user_0277,5
72,user_0183,5
72,user_0233,5
72,user_0211,5
72,user_0258,5
72,user_0295,5
72,user_0231,5
72,user_0208,5
72,user_0186,5
72,user_0248,5
72,user_0217,5
72,user_0243,5
72,user_0212,5
72,user_0237,5
72,user_0290,5
72,user_0254,5
72,user_0261,5
72,user_0196,5
72,user_0285,5
72,user_0240,5
72,user_0227,5
72,user_0293,5
72,user_0195,5
72,user_0271,5
72,user_0204,5
72,user_0235,5
72,user_0182,5
72,user_0256,5
72,user_0284,5
72,user_0289,5
72,user_0238,5
72,user_0179,2
72,user_0141,2
72,user_0128,2
72,user_0162,2
72,user_0134,2
72,user_0177,2
72,user_0174,2
72,user_0157,2
72,user_0158,2
72,user_0176,2
72,user_0122,2
72,user_0147,2
72,user_0124,2
72,user_0168,2
72,user_0175,2
72,user_0145,2
72,user_0164,2
72,user_0065,2
72,user_0172,2
72,user_0062,2
72,user_0129,2
72,user_0133,2
72,user_0150,2
72,user_0142,2
72,user_0153,2
72,user_0130,2
72,user_0169,2
72,user_0123,2
72,user_0138,2
72,user_0136,2
72,user_0120,2
72,user_0137,2
72,user_0178,2
72,user_0132,2
72,user_0171,2
72,user_0139,2
72,user_0121,2
72,user_0149,2
72,user_0155,2
72,user_0148,2
72,user_0151,2
72,user_0163,2
72,user_0152,2
72,user_0064,2
72,user_0144,2
72,user_0143,2
72,user_0159,2
72,user_0160,2
72,user_0131,2
72,user_0067,2
72,user_0146,2
72,user_0166,2
72,user_0170,2
72,user_0063,2
72,user_0165,2
72,user_0135,2
72,user_0126,2
72,user_0156,2
72,user_0125,2
72,user_0060,2
72,user_0167,2
72,user_0061,2
72,user_0154,2
72,user_0173,2
72,user_0127,2
72,user_0161,2
72,user_0066,2
72,user_0140,2
72,user_0018,0
72,user_0032,0
72,user_0010,0
72,user_0041,0
72,user_0030,0
72,user_0031,0
72,user_0059,0
72,user_0042,0
72,user_0003,0
72,user_0025,0
72,user_0054,0
72,user_0288,0
72,user_0014,0
72,user_0007,0
72,user_0023,0
72,user_0039,0
72,user_0057,0
72,user_0000,0
72,user_0021,0
72,user_0020,0
72,user_0001,0
72,user_0011,0
72,user_0034,0
72,user_0017,0
72,user_0040,0
72,user_0005,0
72,user_0016,0
72,user_0048,0
72,user_0008,0
72,user_0029,0
72,user_0046,0
72,user_0044,0
72,user_0038,0
72,user_0009,0
72,user_0055,0
72,user_0019,0
72,user_0047,0
72,user_0050,0
72,user_0058,0
72,user_0036,0
72,user_0015,0
72,user_0052,0
72,user_0004,0
72,user_0049,0
72,user_0026,0
72,user_0027,0
72,user_0035,0
72,user_0006,0
72,user_0012,0
72,user_0024,0
72,user_0033,0
72,user_0013,0
72,user_0053,0
72,user_0043,0
72,user_0002,0
72,user_0045,0
72,user_0037,0
72,user_0056,0
72,user_0051,0
72,user_0022,0
72,user_0028,0
72,user_0074,1
72,user_0096,1
72,user_0077,1
72,user_0087,1
72,user_0069,1
72,user_0094,1
72,user_0255,1
72,user_0109,1
72,user_0073,1
72,user_0092,1
72,user_0086,1
72,user_0076,1
72,user_0088,1
72,user_0118,1
72,user_0083,1
72,user_0111,1
72,user_0102,1
72,user_0079,1
72,user_0103,1
72,user_0081,1
72,user_0104,1
72,user_0091,1
72,user_0116,1
72,user_0098,1
72,user_0072,1
72,user_0113,1
72,user_0075,1
72,user_0117,1
72,user_0068,1
72,user_0090,1
72,user_0093,1
72,user_0089,1
72,user_0115,1
72,user_0100,1
72,user_0107,1
72,user_0078,1
72,user_0114,1
72,user_0110,1
72,user_0084,1
72,user_0106,1
72,user_0080,1
72,user_0099,1
72,user_0071,1
72,user_0095,1
72,user_0105,1
72,user_0082,1
72,user_0070,1
72,user_0108,1
72,user_0119,1
72,user_0112,1
72,user_0085,1
72,user_0097,1
72,user_0101,1
72,user_0335,6
72,user_0349,6
72,user_0340,6
72,user_0347,6
72,user_0353,6
72,user_0357,6
72,user_0354,6
72,user_0330,6
72,user_0348,6
72,user_0332,6
72,user_0214,6
72,user_0338,6
72,user_0341,6
72,user_0358,6
72,user_0346,6
72,user_0356,6
72,user_0355,6
72,user_0345,6
72,user_0350,6
72,user_0343,6
72,user_0342,6
72,user_0339,6
72,user_0337,6
72,user_0331,6
72,user_0336,6
72,user_0359,6
72,user_0334,6
72,user_0344,6
72,user_0333,6
72,user_0351,6
72,user_0352,6
72,user_0263,3
72,user_0318,3
72,user_0328,3
72,user_0306,3
72,user_0316,3
72,user_0302,3
72,user_0329,3
72,user_0303,3
72,user_0312,3
72,user_0305,3
72,user_0315,3
72,user_0313,3
72,user_0323,3
72,user_0326,3
72,user_0319,3
72,user_0304,3
72,user_0327,3
72,user_0309,3
72,user_0311,3
72,user_0324,3
72,user_0310,3
72,user_0301,3
72,user_0317,3
72,user_0322,3
72,user_0320,3
72,user_0300,3
72,user_0325,3
72,user_0307,3
72,user_0308,3
72,user_0321,3
72,user_0314,3
73,user_0263,5
73,user_0274,5
73,user_0262,5
73,user_0187,5
73,user_0281,5
73,user_0194,5
73,user_0280,5
73,user_0181,5
73,user_0200,5
73,user_0228,5
73,user_0265,5
73,user_0249,5
73,user_0288,5
73,user_0272,5
73,user_0188,5
73,user_0279,5
73,user_0252,5
73,user_0296,5
73,user_0216,5
73,user_0190,5
73,user_0268,5
73,user_0299,5
73,user_0206,5
73,user_0185,5
73,user_0286,5
73,user_0273,5
73,user_0282,5
73,user_0270,5
73,user_0236,5
73,user_0232,5
73,user_0266,5
73,user_0276,5
73,user_0283,5
73,user_0245,5
73,user_0250,5
73,user_0215,5
73,user_0294,5
73,user_0253,5
73,user_0198,5
73,user_0184,5
73,user_0292,5
73,user_0193,5
73,user_0242,5
73,user_0214,5
73,user_0199,5
73,user_0210,5
73,user_0259,5
73,user_0264,5
73,user_0260,5
73,user_0201,5
73,user_0225,5
73,user_0298,5
73,user_0207,5
73,user_0209,5
73,user_0221,5
73,user_0219,5
73,user_0202,5
73,user_0275,5
73,user_0257,5
73,user_0251,5
73,user_0222,5
73,user_0230,5
73,user_0247,5
73,user_0180,5
73,user_0291,5
73,user_0267,5
73,user_0213,5
73,user_0223,5
73,user_0205,5
73,user_0234,5
73,user_0189,5
73,user_0287,5
73,user_0229,5
73,user_0203,5
73,user_0224,5
73,user_0218,5
73,user_0220,5
73,user_0297,5
73,user_0244,5
73,user_0269,5
73,user_0241,5
73,user_0197,5
73,user_0191,5
73,user_0239,5
73,user_0192,5
73,user_0277,5
73,user_0183,5
73,user_0233,5
73,user_0211,5
73,user_0258,5
73,user_0295,5
73,user_0231,5
73,user_0186,5
73,user_0208,5
73,user_0248,5
73,user_0217,5
73,user_0243,5
73,user_0212,5
73,user_0237,5
73,user_0254,5
73,user_0290,5
73,user_0261,5
73,user_0196,5
73,user_0285,5
73,user_0227,5
73,user_0240,5
73,user_0293,5
73,user_0195,5
73,user_0271,5
73,user_0204,5
73,user_0235,5
73,user_0182,5
73,user_0256,5
73,user_0284,5
73,user_0289,5
73,user_0238,5
73,user_0179,2
73,user_0141,2
73,user_0128,2
73,user_0162,2
73,user_0134,2
73,user_0177,2
73,user_0174,2
73,user_0157,2
73,user_0158,2
73,user_0176,2
73,user_0147,2
73,user_0122,2
73,user_0124,2
73,user_0168,2
73,user_0175,2
73,user_0145,2
73,user_0164,2
73,user_0065,2
73,user_0172,2
73,user_0062,2
73,user_0129,2
73,user_0055,2
73,user_0133,2
73,user_0150,2
73,user_0142,2
73,user_0153,2
73,user_0130,2
73,user_0169,2
73,user_0123,2
73,user_0138,2
73,user_0136,2
73,user_0120,2
73,user_0137,2
73,user_0178,2
73,user_0132,2
73,user_0171,2
73,user_0139,2
73,user_0121,2
73,user_0149,2
73,user_0155,2
73,user_0148,2
73,user_0151,2
73,user_0163,2
73,user_0152,2
73,user_0064,2
73,user_0144,2
73,user_0143,2
73,user_0159,2
73,user_0160,2
73,user_0131,2
73,user_0067,2
73,user_0146,2
73,user_0166,2
73,user_0170,2
73,user_0063,2
73,user_0165,2
73,user_0135,2
73,user_0126,2
73,user_0156,2
73,user_0125,2
73,user_0167,2
73,user_0060,2
73,user_0061,2
73,user_0154,2
73,user_0173,2
73,user_0127,2
73,user_0161,2
73,user_0066,2
73,user_0140,2
73,user_0018,0
73,user_0032,0
73,user_0010,0
73,user_0041,0
73,user_0030,0
73,user_0031,0
73,user_0059,0
73,user_0042,0
73,user_0003,0
73,user_0025,0
73,user_0054,0
73,user_0014,0
73,user_0007,0
73,user_0023,0
73,user_0039,0
73,user_0021,0
73,user_0020,0
73,user_0001,0
73,user_0011,0
73,user_0034,0
73,user_0016,0
73,user_0040,0
73,user_0005,0
73,user_0017,0
73,user_0048,0
73,user_0046,0
73,user_0029,0
73,user_0008,0
73,user_0044,0
73,user_0028,0
73,user_0038,0
73,user_0019,0
73,user_0009,0
73,user_0047,0
73,user_0050,0
73,user_0058,0
73,user_0036,0
73,user_0015,0
73,user_0037,0
73,user_0052,0
73,user_0004,0
73,user_0110,0
73,user_0049,0
73,user_0026,0
73,user_0027,0
73,user_0035,0
73,user_0006,0
73,user_0012,0
73,user_0024,0
73,user_0033,0
73,user_0013,0
73,user_0053,0
73,user_0043,0
73,user_0002,0
73,user_0278,0
73,user_0045,0
73,user_0056,0
73,user_0051,0
73,user_0022,0
73,user_0000,0
73,user_0074,1
73,user_0096,1
73,user_0077,1
73,user_0087,1
73,user_0069,1
73,user_0094,1
73,user_0255,1
73,user_0109,1
73,user_0057,1
73,user_0073,1
73,user_0092,1
73,user_0086,1
73,user_0111,1
73,user_0088,1
73,user_0083,1
73,user_0081,1
73,user_0118,1
73,user_0076,1
73,user_0103,1
73,user_0104,1
73,user_0079,1
73,user_0091,1
73,user_0246,1
73,user_0102,1
73,user_0116,1
73,user_0098,1
73,user_0072,1
73,user_0226,1
73,user_0113,1
73,user_0075,1
73,user_0068,1
73,user_0090,1
73,user_0117,1
73,user_0093,1
73,user_0089,1
73,user_0115,1
73,user_0100,1
73,user_0107,1
73,user_0084,1
73,user_0114,1
73,user_0078,1
73,user_0106,1
73,user_0080,1
73,user_0099,1
73,user_0071,1
73,user_0095,1
73,user_0070,1
73,user_0082,1
73,user_0108,1
73,user_0105,1
73,user_0112,1
73,user_0119,1
73,user_0085,1
73,user_0097,1
73,user_0101,1
73,user_0318,3
73,user_0328,3
73,user_0306,3
73,user_0316,3
73,user_0302,3
73,user_0329,3
73,user_0312,3
73,user_0303,3
73,user_0305,3
73,user_0315,3
73,user_0313,3
73,user_0323,3
73,user_0326,3
73,user_0319,3
73,user_0304,3
73,user_0327,3
73,user_0309,3
73,user_0311,3
73,user_0324,3
73,user_0310,3
73,user_0322,3
73,user_0301,3
73,user_0317,3
73,user_0320,3
73,user_0300,3
73,user_0325,3
73,user_0307,3
73,user_0308,3
73,user_0321,3
73,user_0314,3
73,user_0335,6
73,user_0340,6
73,user_0349,6
73,user_0347,6
73,user_0353,6
73,user_0357,6
73,user_0354,6
73,user_0330,6
73,user_0348,6
73,user_0332,6
73,user_0338,6
73,user_0341,6
73,user_0358,6
73,user_0346,6
73,user_0356,6
73,user_0355,6
73,user_0345,6
73,user_0343,6
73,user_0350,6
73,user_0342,6
73,user_0339,6
73,user_0337,6
73,user_0334,6
73,user_0336,6
73,user_0359,6
73,user_0331,6
73,user_0344,6
73,user_0333,6
73,user_0351,6
73,user_0352,6
74,user_0263,5
74,user_0274,5
74,user_0262,5
74,user_0187,5
74,user_0194,5
74,user_0281,5
74,user_0181,5
74,user_0249,5
74,user_0200,5
74,user_0265,5
74,user_0288,5
74,user_0272,5
74,user_0255,5
74,user_0188,5
74,user_0279,5
74,user_0252,5
74,user_0296,5
74,user_0216,5
74,user_0190,5
74,user_0268,5
74,user_0299,5
74,user_0206,5
74,user_0185,5
74,user_0273,5
74,user_0282,5
74,user_0270,5
74,user_0286,5
74,user_0246,5
74,user_0236,5
74,user_0232,5
74,user_0266,5
74,user_0276,5
74,user_0245,5
74,user_0283,5
74,user_0250,5
74,user_0294,5
74,user_0215,5
74,user_0226,5
74,user_0253,5
74,user_0198,5
74,user_0184,5
74,user_0193,5
74,user_0242,5
74,user_0199,5
74,user_0210,5
74,user_0259,5
74,user_0260,5
74,user_0264,5
74,user_0201,5
74,user_0225,5
74,user_0298,5
74,user_0207,5
74,user_0221,5
74,user_0209,5
74,user_0219,5
74,user_0202,5
74,user_0275,5
74,user_0230,5
74,user_0222,5
74,user_0251,5
74,user_0257,5
74,user_0247,5
74,user_0180,5
74,user_0291,5
74,user_0267,5
74,user_0223,5
74,user_0205,5
74,user_0234,5
74,user_0189,5
74,user_0203,5
74,user_0287,5
74,user_0229,5
74,user_0224,5
74,user_0218,5
74,user_0220,5
74,user_0297,5
74,user_0269,5
74,user_0244,5
74,user_0241,5
74,user_0191,5
74,user_0197,5
74,user_0239,5
74,user_0192,5
74,user_0277,5
74,user_0183,5
74,user_0079,5
74,user_0233,5
74,user_0211,5
74,user_0258,5
74,user_0295,5
74,user_0186,5
74,user_0231,5
74,user_0208,5
74,user_0248,5
74,user_0217,5
74,user_0243,5
74,user_0212,5
74,user_0237,5
74,user_0254,5
74,user_0290,5
74,user_0261,5
74,user_0196,5
74,user_0285,5
74,user_0240,5
74,user_0195,5
74,user_0227,5
74,user_0293,5
74,user_0271,5
74,user_0204,5
74,user_0235,5
74,user_0182,5
74,user_0256,5
74,user_0284,5
74,user_0289,5
74,user_0238,5
74,user_0179,2
74,user_0141,2
74,user_0128,2
74,user_0162,2
74,user_0134,2
74,user_0177,2
74,user_0174,2
74,user_0157,2
74,user_0158,2
74,user_0176,2
74,user_0122,2
74,user_0147,2
74,user_0124,2
74,user_0168,2
74,user_0175,2
74,user_0145,2
74,user_0164,2
74,user_0065,2
74,user_0172,2
74,user_0062,2
74,user_0129,2
74,user_0133,2
74,user_0150,2
74,user_0142,2
74,user_0153,2
74,user_0130,2
74,user_0169,2
74,user_0138,2
74,user_0120,2
74,user_0136,2
74,user_0123,2
74,user_0137,2
74,user_0082,2
74,user_0178,2
74,user_0132,2
74,user_0171,2
74,user_0139,2
74,user_0121,2
74,user_0149,2
74,user_0155,2
74,user_0148,2
74,user_0151,2
74,user_0163,2
74,user_0152,2
74,user_0064,2
74,user_0144,2
74,user_0143,2
74,user_0159,2
74,user_0160,2
74,user_0131,2
74,user_0067,2
74,user_0146,2
74,user_0166,2
74,user_0170,2
74,user_0063,2
74,user_0165,2
74,user_0110,2
74,user_0135,2
74,user_0126,2
74,user_0156,2
74,user_0125,2
74,user_0167,2
74,user_0060,2
74,user_0061,2
74,user_0154,2
74,user_0173,2
74,user_0127,2
74,user_0161,2
74,user_0066,2
74,user_0140,2
74,user_0018,0
74,user_0032,0
74,user_0010,0
74,user_0041,0
74,user_0030,0
74,user_0031,0
74,user_0059,0
74,user_0042,0
74,user_0003,0
74,user_0228,0
74,user_0025,0
74,user_0054,0
74,user_0014,0
74,user_0007,0
74,user_0023,0
74,user_0039,0
74,user_0057,0
74,user_0000,0
74,user_0021,0
74,user_0020,0
74,user_0001,0
74,user_0011,0
74,user_0034,0
74,user_0017,0
74,user_0016,0
74,user_0040,0
74,user_0005,0
74,user_0048,0
74,user_0008,0
74,user_0029,0
74,user_0046,0
74,user_0044,0
74,user_0038,0
74,user_0009,0
74,user_0055,0
74,user_0072,0
74,user_0047,0
74,user_0019,0
74,user_0050,0
74,user_0058,0
74,user_0036,0
74,user_0015,0
74,user_0037,0
74,user_0292,0
74,user_0004,0
74,user_0052,0
74,user_0049,0
74,user_0026,0
74,user_0027,0
74,user_0035,0
74,user_0012,0
74,user_0006,0
74,user_0024,0
74,user_0043,0
74,user_0013,0
74,user_0053,0
74,user_0033,0
74,user_0002,0
74,user_0045,0
74,user_0056,0
74,user_0051,0
74,user_0022,0
74,user_0028,0
74,user_0074,1
74,user_0096,1
74,user_0077,1
74,user_0280,1
74,user_0087,1
74,user_0097,1
74,user_0069,1
74,user_0094,1
74,user_0109,1
74,user_0073,1
74,user_0092,1
74,user_0086,1
74,user_0111,1
74,user_0088,1
74,user_0083,1
74,user_0118,1
74,user_0076,1
74,user_0102,1
74,user_0103,1
74,user_0104,1
74,user_0081,1
74,user_0091,1
74,user_0116,1
74,user_0098,1
74,user_0113,1
74,user_0075,1
74,user_0117,1
74,user_0068,1
74,user_0090,1
74,user_0093,1
74,user_0089,1
74,user_0115,1
74,user_0100,1
74,user_0107,1
74,user_0078,1
74,user_0084,1
74,user_0114,1
74,user_0106,1
74,user_0080,1
74,user_0099,1
74,user_0071,1
74,user_0095,1
74,user_0108,1
74,user_0070,1
74,user_0105,1
74,user_0119,1
74,user_0112,1
74,user_0085,1
74,user_0278,1
74,user_0101,1
74,user_0335,6
74,user_0349,6
74,user_0340,6
74,user_0213,6
74,user_0330,6
74,user_0332,6
74,user_0338,6
74,user_0358,6
74,user_0355,6
74,user_0345,6
74,user_0343,6
74,user_0350,6
74,user_0342,6
74,user_0339,6
74,user_0336,6
74,user_0359,6
74,user_0344,6
74,user_0351,6
74,user_0352,6
74,user_0347,6
74,user_0353,6
74,user_0357,6
74,user_0354,6
74,user_0348,6
74,user_0214,6
74,user_0341,6
74,user_0346,6
74,user_0356,6
74,user_0334,6
74,user_0337,6
74,user_0331,6
74,user_0333,6
74,user_0318,3
74,user_0328,3
74,user_0306,3
74,user_0316,3
74,user_0302,3
74,user_0329,3
74,user_0312,3
74,user_0303,3
74,user_0305,3
74,user_0315,3
74,user_0313,3
74,user_0323,3
74,user_0326,3
74,user_0319,3
74,user_0304,3
74,user_0327,3
74,user_0309,3
74,user_0311,3
74,user_0324,3
74,user_0310,3
74,user_0322,3
74,user_0301,3
74,user_0317,3
74,user_0320,3
74,user_0300,3
74,user_0325,3
74,user_0307,3
74,user_0308,3
74,user_0321,3
74,user_0314,3
75,user_0263,5
75,user_0274,5
75,user_0262,5
75,user_0194,5
75,user_0281,5
75,user_0187,5
75,user_0280,5
75,user_0181,5
75,user_0200,5
75,user_0249,5
75,user_0265,5
75,user_0228,5
75,user_0288,5
75,user_0272,5
75,user_0255,5
75,user_0188,5
75,user_0279,5
75,user_0296,5
75,user_0216,5
75,user_0190,5
75,user_0299,5
75,user_0268,5
75,user_0206,5
75,user_0185,5
75,user_0286,5
75,user_0273,5
75,user_0282,5
75,user_0270,5
75,user_0236,5
75,user_0232,5
75,user_0266,5
75,user_0276,5
75,user_0245,5
75,user_0283,5
75,user_0250,5
75,user_0226,5
75,user_0215,5
75,user_0294,5
75,user_0253,5
75,user_0198,5
75,user_0184,5
75,user_0193,5
75,user_0242,5
75,user_0214,5
75,user_0210,5
75,user_0199,5
75,user_0259,5
75,user_0264,5
75,user_0260,5
75,user_0201,5
75,user_0225,5
75,user_0298,5
75,user_0207,5
75,user_0221,5
75,user_0219,5
75,user_0202,5
75,user_0209,5
75,user_0275,5
75,user_0230,5
75,user_0251,5
75,user_0257,5
75,user_0222,5
75,user_0247,5
75,user_0180,5
75,user_0291,5
75,user_0267,5
75,user_0213,5
75,user_0223,5
75,user_0205,5
75,user_0234,5
75,user_0189,5
75,user_0229,5
75,user_0287,5
75,user_0203,5
75,user_0224,5
75,user_0218,5
75,user_0220,5
75,user_0297,5
75,user_0269,5
75,user_0244,5
75,user_0241,5
75,user_0191,5
75,user_0197,5
75,user_0239,5
75,user_0192,5
75,user_0277,5
75,user_0183,5
75,user_0233,5
75,user_0211,5
75,user_0258,5
75,user_0295,5
75,user_0231,5
75,user_0186,5
75,user_0208,5
75,user_0248,5
75,user_0217,5
75,user_0243,5
75,user_0212,5
75,user_0237,5
75,user_0290,5
75,user_0254,5
75,user_0261,5
75,user_0196,5
75,user_0285,5
75,user_0227,5
75,user_0240,5
75,user_0293,5
75,user_0195,5
75,user_0271,5
75,user_0204,5
75,user_0235,5
75,user_0182,5
75,user_0256,5
75,user_0284,5
75,user_0289,5
75,user_0238,5
75,user_0179,2
75,user_0141,2
75,user_0128,2
75,user_0162,2
75,user_0134,2
75,user_0177,2
75,user_0174,2
75,user_0157,2
75,user_0158,2
75,user_0176,2
75,user_0122,2
75,user_0147,2
75,user_0124,2
75,user_0168,2
75,user_0175,2
75,user_0145,2
75,user_0164,2
75,user_0065,2
75,user_0172,2
75,user_0062,2
75,user_0129,2
75,user_0133,2
75,user_0150,2
75,user_0142,2
75,user_0153,2
75,user_0130,2
75,user_0169,2
75,user_0138,2
75,user_0120,2
75,user_0123,2
75,user_0136,2
75,user_0137,2
75,user_0178,2
75,user_0132,2
75,user_0171,2
75,user_0139,2
75,user_0121,2
75,user_0149,2
75,user_0155,2
75,user_0148,2
75,user_0151,2
75,user_0163,2
75,user_0152,2
75,user_0144,2
75,user_0064,2
75,user_0143,2
75,user_0159,2
75,user_0160,2
75,user_0131,2
75,user_0067,2
75,user_0146,2
75,user_0166,2
75,user_0170,2
75,user_0063,2
75,user_0165,2
75,user_0135,2
75,user_0126,2
75,user_0156,2
75,user_0125,2
75,user_0060,2
75,user_0167,2
75,user_0061,2
75,user_0154,2
75,user_0173,2
75,user_0127,2
75,user_0161,2
75,user_0066,2
75,user_0140,2
75,user_0018,0
75,user_0032,0
75,user_0010,0
75,user_0041,0
75,user_0030,0
75,user_0031,0
75,user_0059,0
75,user_0042,0
75,user_0003,0
75,user_0025,0
75,user_0054,0
75,user_0014,0
75,user_0007,0
75,user_0023,0
75,user_0039,0
75,user_0057,0
75,user_0000,0
75,user_0021,0
75,user_0020,0
75,user_0001,0
75,user_0011,0
75,user_0034,0
75,user_0017,0
75,user_0016,0
75,user_0040,0
75,user_0005,0
75,user_0048,0
75,user_0008,0
75,user_0029,0
75,user_0046,0
75,user_0044,0
75,user_0038,0
75,user_0019,0
75,user_0055,0
75,user_0009,0
75,user_0047,0
75,user_0050,0
75,user_0058,0
75,user_0036,0
75,user_0015,0
75,user_0037,0
75,user_0004,0
75,user_0292,0
75,user_0052,0
75,user_0110,0
75,user_0049,0
75,user_0026,0
75,user_0027,0
75,user_0035,0
75,user_0006,0
75,user_0012,0
75,user_0024,0
75,user_0043,0
75,user_0013,0
75,user_0053,0
75,user_0033,0
75,user_0002,0
75,user_0045,0
75,user_0056,0
75,user_0051,0
75,user_0022,0
75,user_0028,0
75,user_0074,1
75,user_0096,1
75,user_0077,1
75,user_0087,1
75,user_0069,1
75,user_0094,1
75,user_0109,1
75,user_0073,1
75,user_0252,1
75,user_0092,1
75,user_0086,1
75,user_0076,1
75,user_0088,1
75,user_0081,1
75,user_0118,1
75,user_0083,1
75,user_0102,1
75,user_0079,1
75,user_0104,1
75,user_0103,1
75,user_0091,1
75,user_0116,1
75,user_0098,1
75,user_0072,1
75,user_0113,1
75,user_0075,1
75,user_0117,1
75,user_0068,1
75,user_0090,1
75,user_0093,1
75,user_0089,1
75,user_0115,1
75,user_0100,1
75,user_0107,1
75,user_0114,1
75,user_0078,1
75,user_0084,1
75,user_0106,1
75,user_0080,1
75,user_0099,1
75,user_0071,1
75,user_0095,1
75,user_0105,1
75,user_0082,1
75,user_0108,1
75,user_0070,1
75,user_0119,1
75,user_0278,1
75,user_0085,1
75,user_0097,1
75,user_0101,1
75,user_0335,6
75,user_0340,6
75,user_0347,6
75,user_0349,6
75,user_0353,6
75,user_0357,6
75,user_0354,6
75,user_0330,6
75,user_0348,6
75,user_0332,6
75,user_0338,6
75,user_0341,6
75,user_0358,6
75,user_0346,6
75,user_0356,6
75,user_0355,6
75,user_0345,6
75,user_0343,6
75,user_0350,6
75,user_0342,6
75,user_0334,6
75,user_0337,6
75,user_0339,6
75,user_0336,6
75,user_0246,6
75,user_0359,6
75,user_0331,6
75,user_0344,6
75,user_0333,6
75,user_0351,6
75,user_0352,6
75,user_0318,3
75,user_0328,3
75,user_0306,3
75,user_0316,3
75,user_0302,3
75,user_0329,3
75,user_0303,3
75,user_0312,3
75,user_0305,3
75,user_0315,3
75,user_0313,3
75,user_0326,3
75,user_0323,3
75,user_0319,3
75,user_0304,3
75,user_0327,3
75,user_0309,3
75,user_0324,3
75,user_0311,3
75,user_0310,3
75,user_0322,3
75,user_0317,3
75,user_0301,3
75,user_0320,3
75,user_0300,3
75,user_0325,3
75,user_0307,3
75,user_0308,3
75,user_0321,3
75,user_0314,3
76,user_0263,5
76,user_0274,5
76,user_0262,5
76,user_0187,5
76,user_0281,5
76,user_0194,5
76,user_0181,5
76,user_0280,5
76,user_0249,5
76,user_0200,5
76,user_0265,5
76,user_0228,5
76,user_0288,5
76,user_0272,5
76,user_0255,5
76,user_0188,5
76,user_0279,5
76,user_0252,5
76,user_0296,5
76,user_0216,5
76,user_0190,5
76,user_0299,5
76,user_0206,5
76,user_0268,5
76,user_0185,5
76,user_0273,5
76,user_0286,5
76,user_0270,5
76,user_0246,5
76,user_0236,5
76,user_0111,5
76,user_0282,5
76,user_0232,5
76,user_0266,5
76,user_0276,5
76,user_0283,5
76,user_0245,5
76,user_0215,5
76,user_0226,5
76,user_0250,5
76,user_0294,5
76,user_0253,5
76,user_0198,5
76,user_0184,5
76,user_0292,5
76,user_0193,5
76,user_0242,5
76,user_0214,5
76,user_0210,5
76,user_0199,5
76,user_0259,5
76,user_0260,5
76,user_0264,5
76,user_0201,5
76,user_0225,5
76,user_0298,5
76,user_0207,5
76,user_0209,5
76,user_0219,5
76,user_0221,5
76,user_0202,5
76,user_0275,5
76,user_0230,5
76,user_0251,5
76,user_0257,5
76,user_0247,5
76,user_0222,5
76,user_0180,5
76,user_0291,5
76,user_0267,5
76,user_0213,5
76,user_0223,5
76,user_0205,5
76,user_0234,5
76,user_0189,5
76,user_0229,5
76,user_0203,5
76,user_0287,5
76,user_0224,5
76,user_0218,5
76,user_0220,5
76,user_0297,5
76,user_0269,5
76,user_0143,5
76,user_0244,5
76,user_0191,5
76,user_0197,5
76,user_0239,5
76,user_0192,5
76,user_0088,5
76,user_0277,5
76,user_0183,5
76,user_0233,5
76,user_0211,5
76,user_0258,5
76,user_0295,5
76,user_0186,5
76,user_0208,5
76,user_0231,5
76,user_0248,5
76,user_0217,5
76,user_0243,5
76,user_0212,5
76,user_0237,5
76,user_0290,5
76,user_0254,5
76,user_0261,5
76,user_0196,5
76,user_0285,5
76,user_0240,5
76,user_0227,5
76,user_0195,5
76,user_0293,5
76,user_0271,5
76,user_0204,5
76,user_0235,5
76,user_0182,5
76,user_0256,5
76,user_0284,5
76,user_0289,5
76,user_0238,5
76,user_0179,2
76,user_0141,2
76,user_0128,2
76,user_0162,2
76,user_0134,2
76,user_0177,2
76,user_0174,2
76,user_0157,2
76,user_0158,2
76,user_0176,2
76,user_0122,2
76,user_0147,2
76,user_0124,2
76,user_0168,2
76,user_0175,2
76,user_0145,2
76,user_0164,2
76,user_0065,2
76,user_0172,2
76,user_0062,2
76,user_0129,2
76,user_0133,2
76,user_0150,2
76,user_0142,2
76,user_0153,2
76,user_0130,2
76,user_0169,2
76,user_0138,2
76,user_0120,2
76,user_0136,2
76,user_0123,2
76,user_0137,2
76,user_0178,2
76,user_0132,2
76,user_0171,2
76,user_0139,2
76,user_0121,2
76,user_0149,2
76,user_0155,2
76,user_0148,2
76,user_0151,2
76,user_0163,2
76,user_0152,2
76,user_0144,2
76,user_0064,2
76,user_0241,2
76,user_0159,2
76,user_0160,2
76,user_0131,2
76,user_0067,2
76,user_0146,2
76,user_0166,2
76,user_0170,2
76,user_0063,2
76,user_0165,2
76,user_0135,2
76,user_0126,2
76,user_0156,2
76,user_0125,2
76,user_0060,2
76,user_0167,2
76,user_0061,2
76,user_0154,2
76,user_0173,2
76,user_0127,2
76,user_0161,2
76,user_0066,2
76,user_0140,2
76,user_0018,0
76,user_0032,0
76,user_0010,0
76,user_0041,0
76,user_0030,0
76,user_0031,0
76,user_0059,0
76,user_0042,0
76,user_0003,0
76,user_0025,0
76,user_0054,0
76,user_0014,0
76,user_0023,0
76,user_0007,0
76,user_0039,0
76,user_0000,0
76,user_0057,0
76,user_0021,0
76,user_0020,0
76,user_0001,0
76,user_0011,0
76,user_0034,0
76,user_0016,0
76,user_0040,0
76,user_0017,0
76,user_0005,0
76,user_0048,0
76,user_0008,0
76,user_0029,0
76,user_0046,0
76,user_0044,0
76,user_0038,0
76,user_0019,0
76,user_0009,0
76,user_0055,0
76,user_0047,0
76,user_0050,0
76,user_0058,0
76,user_0036,0
76,user_0015,0
76,user_0037,0
76,user_0052,0
76,user_0004,0
76,user_0049,0
76,user_0026,0
76,user_0027,0
76,user_0035,0
76,user_0006,0
76,user_0012,0
76,user_0024,0
76,user_0043,0
76,user_0033,0
76,user_0053,0
76,user_0013,0
76,user_0002,0
76,user_0045,0
76,user_0056,0
76,user_0051,0
76,user_0022,0
76,user_0028,0
76,user_0074,1
76,user_0096,1
76,user_0077,1
76,user_0087,1
76,user_0097,1
76,user_0069,1
76,user_0094,1
76,user_0109,1
76,user_0073,1
76,user_0092,1
76,user_0086,1
76,user_0076,1
76,user_0081,1
76,user_0118,1
76,user_0083,1
76,user_0102,1
76,user_0103,1
76,user_0104,1
76,user_0079,1
76,user_0091,1
76,user_0116,1
76,user_0098,1
76,user_0072,1
76,user_0113,1
76,user_0075,1
76,user_0068,1
76,user_0117,1
76,user_0090,1
76,user_0093,1
76,user_0089,1
76,user_0115,1
76,user_0100,1
76,user_0114,1
76,user_0084,1
76,user_0078,1
76,user_0107,1
76,user_0106,1
76,user_0080,1
76,user_0099,1
76,user_0071,1
76,user_0095,1
76,user_0105,1
76,user_0082,1
76,user_0108,1
76,user_0070,1
76,user_0119,1
76,user_0085,1
76,user_0278,1
76,user_0101,1
76,user_0335,6
76,user_0349,6
76,user_0340,6
76,user_0330,6
76,user_0332,6
76,user_0338,6
76,user_0358,6
76,user_0355,6
76,user_0345,6
76,user_0343,6
76,user_0350,6
76,user_0342,6
76,user_0339,6
76,user_0336,6
76,user_0359,6
76,user_0344,6
76,user_0351,6
76,user_0352,6
76,user_0347,6
76,user_0353,6
76,user_0357,6
76,user_0354,6
76,user_0348,6
76,user_0110,6
76,user_0341,6
76,user_0346,6
76,user_0356,6
76,user_0334,6
76,user_0112,6
76,user_0337,6
76,user_0331,6
76,user_0333,6
76,user_0318,3
76,user_0328,3
76,user_0306,3
76,user_0316,3
76,user_0302,3
76,user_0329,3
76,user_0303,3
76,user_0312,3
76,user_0305,3
76,user_0315,3
76,user_0313,3
76,user_0326,3
76,user_0323,3
76,user_0319,3
76,user_0304,3
76,user_0327,3
76,user_0324,3
76,user_0309,3
76,user_0322,3
76,user_0310,3
76,user_0301,3
76,user_0317,3
76,user_0311,3
76,user_0320,3
76,user_0300,3
76,user_0325,3
76,user_0307,3
76,user_0308,3
76,user_0321,3
76,user_0314,3
77,user_0263,5
77,user_0274,5
77,user_0262,5
77,user_0187,5
77,user_0281,5
77,user_0194,5
77,user_0181,5
77,user_0280,5
77,user_0249,5
77,user_0228,5
77,user_0265,5
77,user_0200,5
77,user_0288,5
77,user_0272,5
77,user_0188,5
77,user_0255,5
77,user_0279,5
77,user_0252,5
77,user_0311,5
77,user_0216,5
77,user_0296,5
77,user_0190,5
77,user_0299,5
77,user_0185,5
77,user_0206,5
77,user_0268,5
77,user_0286,5
77,user_0282,5
77,user_0273,5
77,user_0246,5
77,user_0236,5
77,user_0081,5
77,user_0270,5
77,user_0232,5
77,user_0266,5
77,user_0276,5
77,user_0245,5
77,user_0215,5
77,user_0226,5
77,user_0250,5
77,user_0294,5
77,user_0117,5
77,user_0253,5
77,user_0198,5
77,user_0089,5
77,user_0184,5
77,user_0292,5
77,user_0193,5
77,user_0242,5
77,user_0214,5
77,user_0199,5
77,user_0210,5
77,user_0259,5
77,user_0264,5
77,user_0260,5
77,user_0201,5
77,user_0225,5
77,user_0298,5
77,user_0207,5
77,user_0209,5
77,user_0219,5
77,user_0202,5
77,user_0221,5
77,user_0275,5
77,user_0257,5
77,user_0251,5
77,user_0230,5
77,user_0222,5
77,user_0247,5
77,user_0278,5
77,user_0180,5
77,user_0291,5
77,user_0267,5
77,user_0223,5
77,user_0213,5
77,user_0205,5
77,user_0234,5
77,user_0189,5
77,user_0229,5
77,user_0203,5
77,user_0287,5
77,user_0224,5
77,user_0218,5
77,user_0220,5
77,user_0297,5
77,user_0269,5
77,user_0244,5
77,user_0241,5
77,user_0197,5
77,user_0191,5
77,user_0239,5
77,user_0192,5
77,user_0277,5
77,user_0233,5
77,user_0183,5
77,user_0211,5
77,user_0258,5
77,user_0295,5
77,user_0231,5
77,user_0208,5
77,user_0186,5
77,user_0248,5
77,user_0217,5
77,user_0243,5
77,user_0212,5
77,user_0237,5
77,user_0254,5
77,user_0290,5
77,user_0261,5
77,user_0196,5
77,user_0285,5
77,user_0240,5
77,user_0195,5
77,user_0227,5
77,user_0293,5
77,user_0271,5
77,user_0204,5
77,user_0235,5
77,user_0182,5
77,user_0256,5
77,user_0284,5
77,user_0289,5
77,user_0238,5
77,user_0179,2
77,user_0141,2
77,user_0128,2
77,user_0162,2
77,user_0134,2
77,user_0177,2
77,user_0174,2
77,user_0157,2
77,user_0158,2
77,user_0176,2
77,user_0122,2
77,user_0147,2
77,user_0124,2
77,user_0168,2
77,user_0175,2
77,user_0145,2
77,user_0164,2
77,user_0065,2
77,user_0172,2
77,user_0062,2
77,user_0129,2
77,user_0133,2
77,user_0150,2
77,user_0142,2
77,user_0153,2
77,user_0130,2
77,user_0169,2
77,user_0123,2
77,user_0136,2
77,user_0138,2
77,user_0120,2
77,user_0137,2
77,user_0178,2
77,user_0132,2
77,user_0171,2
77,user_0139,2
77,user_0121,2
77,user_0149,2
77,user_0155,2
77,user_0148,2
77,user_0151,2
77,user_0163,2
77,user_0152,2
77,user_0144,2
77,user_0064,2
77,user_0143,2
77,user_0159,2
77,user_0160,2
77,user_0131,2
77,user_0067,2
77,user_0146,2
77,user_0166,2
77,user_0170,2
77,user_0063,2
77,user_0165,2
77,user_0135,2
77,user_0126,2
77,user_0156,2
77,user_0125,2
77,user_0060,2
77,user_0061,2
77,user_0167,2
77,user_0154,2
77,user_0173,2
77,user_0127,2
77,user_0161,2
77,user_0066,2
77,user_0140,2
77,user_0018,0
77,user_0032,0
77,user_0010,0
77,user_0041,0
77,user_0030,0
77,user_0031,0
77,user_0059,0
77,user_0042,0
77,user_0003,0
77,user_0025,0
77,user_0054,0
77,user_0014,0
77,user_0007,0
77,user_0023,0
77,user_0039,0
77,user_0057,0
77,user_0000,0
77,user_0021,0
77,user_0020,0
77,user_0001,0
77,user_0011,0
77,user_0034,0
77,user_0016,0
77,user_0040,0
77,user_0005,0
77,user_0017,0
77,user_0048,0
77,user_0008,0
77,user_0029,0
77,user_0044,0
77,user_0028,0
77,user_0038,0
77,user_0009,0
77,user_0019,0
77,user_0055,0
77,user_0047,0
77,user_0283,0
77,user_0050,0
77,user_0058,0
77,user_0354,0
77,user_0036,0
77,user_0015,0
77,user_0004,0
77,user_0052,0
77,user_0049,0
77,user_0026,0
77,user_0027,0
77,user_0035,0
77,user_0006,0
77,user_0012,0
77,user_0024,0
77,user_0043,0
77,user_0033,0
77,user_0053,0
77,user_0013,0
77,user_0002,0
77,user_0045,0
77,user_0112,0
77,user_0037,0
77,user_0056,0
77,user_0051,0
77,user_0022,0
77,user_0046,0
77,user_0074,1
77,user_0096,1
77,user_0077,1
77,user_0087,1
77,user_0069,1
77,user_0094,1
77,user_0109,1
77,user_0073,1
77,user_0092,1
77,user_0086,1
77,user_0076,1
77,user_0088,1
77,user_0111,1
77,user_0118,1
77,user_0083,1
77,user_0102,1
77,user_0104,1
77,user_0079,1
77,user_0103,1
77,user_0091,1
77,user_0116,1
77,user_0098,1
77,user_0072,1
77,user_0113,1
77,user_0075,1
77,user_0068,1
77,user_0090,1
77,user_0093,1
77,user_0115,1
77,user_0100,1
77,user_0114,1
77,user_0078,1
77,user_0110,1
77,user_0084,1
77,user_0107,1
77,user_0106,1
77,user_0080,1
77,user_0099,1
77,user_0071,1
77,user_0095,1
77,user_0108,1
77,user_0105,1
77,user_0070,1
77,user_0082,1
77,user_0119,1
77,user_0085,1
77,user_0097,1
77,user_0101,1
77,user_0335,6
77,user_0340,6
77,user_0349,6
77,user_0347,6
77,user_0353,6
77,user_0357,6
77,user_0330,6
77,user_0348,6
77,user_0332,6
77,user_0338,6
77,user_0341,6
77,user_0358,6
77,user_0346,6
77,user_0356,6
77,user_0355,6
77,user_0345,6
77,user_0343,6
77,user_0350,6
77,user_0342,6
77,user_0339,6
77,user_0337,6
77,user_0334,6
77,user_0336,6
77,user_0359,6
77,user_0331,6
77,user_0344,6
77,user_0333,6
77,user_0351,6
77,user_0352,6
77,user_0318,3
77,user_0328,3
77,user_0306,3
77,user_0316,3
77,user_0302,3
77,user_0329,3
77,user_0303,3
77,user_0312,3
77,user_0305,3
77,user_0315,3
77,user_0313,3
77,user_0326,3
77,user_0323,3
77,user_0319,3
77,user_0304,3
77,user_0327,3
77,user_0309,3
77,user_0324,3
77,user_0322,3
77,user_0310,3
77,user_0301,3
77,user_0317,3
77,user_0320,3
77,user_0300,3
77,user_0325,3
77,user_0307,3
77,user_0308,3
77,user_0321,3
77,user_0314,3
78,user_0263,5
78,user_0274,5
78,user_0262,5
78,user_0187,5
78,user_0281,5
78,user_0194,5
78,user_0181,5
78,user_0249,5
78,user_0228,5
78,user_0200,5
78,user_0280,5
78,user_0265,5
78,user_0288,5
78,user_0272,5
78,user_0255,5
78,user_0188,5
78,user_0279,5
78,user_0252,5
78,user_0296,5
78,user_0216,5
78,user_0268,5
78,user_0190,5
78,user_0206,5
78,user_0185,5
78,user_0299,5
78,user_0286,5
78,user_0282,5
78,user_0273,5
78,user_0270,5
78,user_0246,5
78,user_0236,5
78,user_0232,5
78,user_0266,5
78,user_0276,5
78,user_0283,5
78,user_0245,5
78,user_0215,5
78,user_0250,5
78,user_0294,5
78,user_0226,5
78,user_0253,5
78,user_0198,5
78,user_0184,5
78,user_0292,5
78,user_0193,5
78,user_0242,5
78,user_0214,5
78,user_0199,5
78,user_0210,5
78,user_0260,5
78,user_0264,5
78,user_0259,5
78,user_0201,5
78,user_0225,5
78,user_0298,5
78,user_0207,5
78,user_0209,5
78,user_0219,5
78,user_0202,5
78,user_0221,5
78,user_0275,5
78,user_0278,5
78,user_0222,5
78,user_0251,5
78,user_0230,5
78,user_0257,5
78,user_0247,5
78,user_0180,5
78,user_0291,5
78,user_0267,5
78,user_0223,5
78,user_0205,5
78,user_0213,5
78,user_0234,5
78,user_0189,5
78,user_0229,5
78,user_0203,5
78,user_0287,5
78,user_0224,5
78,user_0218,5
78,user_0220,5
78,user_0297,5
78,user_0269,5
78,user_0244,5
78,user_0241,5
78,user_0191,5
78,user_0197,5
78,user_0239,5
78,user_0192,5
78,user_0277,5
78,user_0233,5
78,user_0183,5
78,user_0211,5
78,user_0258,5
78,user_0295,5
78,user_0186,5
78,user_0231,5
78,user_0208,5
78,user_0248,5
78,user_0113,5
78,user_0217,5
78,user_0243,5
78,user_0212,5
78,user_0237,5
78,user_0290,5
78,user_0254,5
78,user_0261,5
78,user_0196,5
78,user_0285,5
78,user_0240,5
78,user_0195,5
78,user_0293,5
78,user_0227,5
78,user_0271,5
78,user_0204,5
78,user_0235,5
78,user_0182,5
78,user_0284,5
78,user_0289,5
78,user_0238,5
78,user_0179,2
78,user_0141,2
78,user_0128,2
78,user_0162,2
78,user_0134,2
78,user_0177,2
78,user_0174,2
78,user_0157,2
78,user_0158,2
78,user_0176,2
78,user_0122,2
78,user_0147,2
78,user_0124,2
78,user_0168,2
78,user_0175,2
78,user_0145,2
78,user_0164,2
78,user_0065,2
78,user_0172,2
78,user_0062,2
78,user_0129,2
78,user_0133,2
78,user_0150,2
78,user_0142,2
78,user_0153,2
78,user_0130,2
78,user_0169,2
78,user_0123,2
78,user_0136,2
78,user_0120,2
78,user_0138,2
78,user_0137,2
78,user_0178,2
78,user_0132,2
78,user_0171,2
78,user_0139,2
78,user_0121,2
78,user_0149,2
78,user_0155,2
78,user_0148,2
78,user_0151,2
78,user_0163,2
78,user_0152,2
78,user_0144,2
78,user_0064,2
78,user_0143,2
78,user_0159,2
78,user_0160,2
78,user_0131,2
78,user_0067,2
78,user_0146,2
78,user_0166,2
78,user_0170,2
78,user_0063,2
78,user_0165,2
78,user_0135,2
78,user_0126,2
78,user_0156,2
78,user_0125,2
78,user_0060,2
78,user_0167,2
78,user_0061,2
78,user_0154,2
78,user_0173,2
78,user_0127,2
78,user_0161,2
78,user_0066,2
78,user_0140,2
78,user_0018,0
78,user_0032,0
78,user_0010,0
78,user_0041,0
78,user_0030,0
78,user_0031,0
78,user_0059,0
78,user_0042,0
78,user_0003,0
78,user_0025,0
78,user_0054,0
78,user_0014,0
78,user_0023,0
78,user_0007,0
78,user_0039,0
78,user_0057,0
78,user_0021,0
78,user_0020,0
78,user_0001,0
78,user_0011,0
78,user_0034,0
78,user_0016,0
78,user_0017,0
78,user_0005,0
78,user_0040,0
78,user_0048,0
78,user_0046,0
78,user_0029,0
78,user_0008,0
78,user_0044,0
78,user_0028,0
78,user_0038,0
78,user_0019,0
78,user_0055,0
78,user_0009,0
78,user_0047,0
78,user_0050,0
78,user_0058,0
78,user_0036,0
78,user_0015,0
78,user_0052,0
78,user_0004,0
78,user_0049,0
78,user_0026,0
78,user_0027,0
78,user_0035,0
78,user_0012,0
78,user_0006,0
78,user_0024,0
78,user_0043,0
78,user_0033,0
78,user_0053,0
78,user_0013,0
78,user_0002,0
78,user_0045,0
78,user_0037,0
78,user_0256,0
78,user_0056,0
78,user_0051,0
78,user_0022,0
78,user_0000,0
78,user_0074,1
78,user_0096,1
78,user_0077,1
78,user_0087,1
78,user_0069,1
78,user_0094,1
78,user_0109,1
78,user_0073,1
78,user_0092,1
78,user_0086,1
78,user_0076,1
78,user_0088,1
78,user_0081,1
78,user_0083,1
78,user_0118,1
78,user_0102,1
78,user_0079,1
78,user_0104,1
78,user_0111,1
78,user_0091,1
78,user_0103,1
78,user_0116,1
78,user_0098,1
78,user_0072,1
78,user_0075,1
78,user_0068,1
78,user_0090,1
78,user_0117,1
78,user_0093,1
78,user_0089,1
78,user_0115,1
78,user_0100,1
78,user_0114,1
78,user_0107,1
78,user_0110,1
78,user_0084,1
78,user_0078,1
78,user_0106,1
78,user_0080,1
78,user_0099,1
78,user_0071,1
78,user_0095,1
78,user_0105,1
78,user_0082,1
78,user_0108,1
78,user_0070,1
78,user_0119,1
78,user_0112,1
78,user_0085,1
78,user_0097,1
78,user_0101,1
78,user_0335,6
78,user_0349,6
78,user_0340,6
78,user_0347,6
78,user_0353,6
78,user_0357,6
78,user_0354,6
78,user_0330,6
78,user_0348,6
78,user_0332,6
78,user_0338,6
78,user_0341,6
78,user_0358,6
78,user_0346,6
78,user_0356,6
78,user_0355,6
78,user_0345,6
78,user_0343,6
78,user_0350,6
78,user_0342,6
78,user_0339,6
78,user_0337,6
78,user_0331,6
78,user_0336,6
78,user_0359,6
78,user_0334,6
78,user_0344,6
78,user_0333,6
78,user_0351,6
78,user_0352,6
78,user_0318,3
78,user_0328,3
78,user_0306,3
78,user_0316,3
78,user_0302,3
78,user_0329,3
78,user_0312,3
78,user_0303,3
78,user_0305,3
78,user_0315,3
78,user_0313,3
78,user_0326,3
78,user_0323,3
78,user_0319,3
78,user_0304,3
78,user_0327,3
78,user_0309,3
78,user_0324,3
78,user_0322,3
78,user_0310,3
78,user_0301,3
78,user_0311,3
78,user_0317,3
78,user_0320,3
78,user_0300,3
78,user_0325,3
78,user_0307,3
78,user_0308,3
78,user_0321,3
78,user_0314,3
79,user_0263,5
79,user_0274,5
79,user_0262,5
79,user_0187,5
79,user_0281,5
79,user_0181,5
79,user_0249,5
79,user_0228,5
79,user_0200,5
79,user_0280,5
79,user_0288,5
79,user_0272,5
79,user_0255,5
79,user_0188,5
79,user_0279,5
79,user_0252,5
79,user_0296,5
79,user_0216,5
79,user_0268,5
79,user_0299,5
79,user_0185,5
79,user_0190,5
79,user_0206,5
79,user_0286,5
79,user_0282,5
79,user_0270,5
79,user_0246,5
79,user_0236,5
79,user_0232,5
79,user_0266,5
79,user_0276,5
79,user_0283,5
79,user_0215,5
79,user_0250,5
79,user_0294,5
79,user_0253,5
79,user_0198,5
79,user_0184,5
79,user_0292,5
79,user_0242,5
79,user_0214,5
79,user_0199,5
79,user_0210,5
79,user_0259,5
79,user_0260,5
79,user_0264,5
79,user_0225,5
79,user_0298,5
79,user_0207,5
79,user_0221,5
79,user_0209,5
79,user_0202,5
79,user_0219,5
79,user_0275,5
79,user_0257,5
79,user_0230,5
79,user_0251,5
79,user_0247,5
79,user_0278,5
79,user_0222,5
79,user_0180,5
79,user_0291,5
79,user_0267,5
79,user_0223,5
79,user_0213,5
79,user_0205,5
79,user_0234,5
79,user_0189,5
79,user_0287,5
79,user_0229,5
79,user_0203,5
79,user_0218,5
79,user_0220,5
79,user_0297,5
79,user_0269,5
79,user_0244,5
79,user_0241,5
79,user_0191,5
79,user_0197,5
79,user_0239,5
79,user_0192,5
79,user_0277,5
79,user_0183,5
79,user_0233,5
79,user_0258,5
79,user_0295,5
79,user_0186,5
79,user_0231,5
79,user_0208,5
79,user_0248,5
79,user_0113,5
79,user_0217,5
79,user_0243,5
79,user_0212,5
79,user_0237,5
79,user_0290,5
79,user_0254,5
79,user_0261,5
79,user_0196,5
79,user_0285,5
79,user_0080,5
79,user_0240,5
79,user_0195,5
79,user_0227,5
79,user_0271,5
79,user_0204,5
79,user_0235,5
79,user_0182,5
79,user_0256,5
79,user_0284,5
79,user_0289,5
79,user_0238,5
79,user_0179,2
79,user_0141,2
79,user_0128,2
79,user_0162,2
79,user_0134,2
79,user_0177,2
79,user_0174,2
79,user_0157,2
79,user_0158,2
79,user_0176,2
79,user_0147,2
79,user_0122,2
79,user_0124,2
79,user_0168,2
79,user_0175,2
79,user_0145,2
79,user_0164,2
79,user_0065,2
79,user_0172,2
79,user_0062,2
79,user_0351,2
79,user_0129,2
79,user_0133,2
79,user_0150,2
79,user_0142,2
79,user_0153,2
79,user_0130,2
79,user_0169,2
79,user_0123,2
79,user_0136,2
79,user_0120,2
79,user_0138,2
79,user_0137,2
79,user_0178,2
79,user_0132,2
79,user_0171,2
79,user_0139,2
79,user_0121,2
79,user_0149,2
79,user_0155,2
79,user_0148,2
79,user_0151,2
79,user_0163,2
79,user_0152,2
79,user_0144,2
79,user_0064,2
79,user_0143,2
79,user_0159,2
79,user_0160,2
79,user_0131,2
79,user_0067,2
79,user_0146,2
79,user_0166,2
79,user_0170,2
79,user_0063,2
79,user_0165,2
79,user_0135,2
79,user_0126,2
79,user_0156,2
79,user_0125,2
79,user_0060,2
79,user_0061,2
79,user_0167,2
79,user_0154,2
79,user_0173,2
79,user_0127,2
79,user_0161,2
79,user_0066,2
79,user_0140,2
79,user_0018,0
79,user_0032,0
79,user_0010,0
79,user_0041,0
79,user_0030,0
79,user_0031,0
79,user_0059,0
79,user_0042,0
79,user_0003,0
79,user_0025,0
79,user_0054,0
79,user_0014,0
79,user_0023,0
79,user_0007,0
79,user_0039,0
79,user_0057,0
79,user_0021,0
79,user_0020,0
79,user_0001,0
79,user_0011,0
79,user_0034,0
79,user_0016,0
79,user_0040,0
79,user_0005,0
79,user_0017,0
79,user_0048,0
79,user_0046,0
79,user_0029,0
79,user_0008,0
79,user_0044,0
79,user_0028,0
79,user_0038,0
79,user_0009,0
79,user_0055,0
79,user_0019,0
79,user_0047,0
79,user_0050,0
79,user_0058,0
79,user_0036,0
79,user_0015,0
79,user_0037,0
79,user_0004,0
79,user_0052,0
79,user_0049,0
79,user_0026,0
79,user_0027,0
79,user_0035,0
79,user_0012,0
79,user_0006,0
79,user_0024,0
79,user_0033,0
79,user_0013,0
79,user_0043,0
79,user_0053,0
79,user_0002,0
79,user_0045,0
79,user_0056,0
79,user_0051,0
79,user_0022,0
79,user_0000,0
79,user_0074,1
79,user_0096,1
79,user_0194,1
79,user_0077,1
79,user_0265,1
79,user_0087,1
79,user_0069,1
79,user_0094,1
79,user_0109,1
79,user_0073,1
79,user_0092,1
79,user_0086,1
79,user_0076,1
79,user_0088,1
79,user_0081,1
79,user_0083,1
79,user_0273,1
79,user_0102,1
79,user_0104,1
79,user_0079,1
79,user_0111,1
79,user_0091,1
79,user_0211,1
79,user_0118,1
79,user_0116,1
79,user_0098,1
79,user_0072,1
79,user_0245,1
79,user_0226,1
79,user_0075,1
79,user_0068,1
79,user_0090,1
79,user_0117,1
79,user_0093,1
79,user_0089,1
79,user_0115,1
79,user_0100,1
79,user_0107,1
79,user_0078,1
79,user_0084,1
79,user_0193,1
79,user_0110,1
79,user_0114,1
79,user_0106,1
79,user_0099,1
79,user_0071,1
79,user_0095,1
79,user_0070,1
79,user_0082,1
79,user_0105,1
79,user_0201,1
79,user_0108,1
79,user_0119,1
79,user_0112,1
79,user_0085,1
79,user_0097,1
79,user_0101,1
79,user_0335,6
79,user_0340,6
79,user_0347,6
79,user_0349,6
79,user_0353,6
79,user_0357,6
79,user_0354,6
79,user_0330,6
79,user_0348,6
79,user_0332,6
79,user_0338,6
79,user_0341,6
79,user_0224,6
79,user_0358,6
79,user_0346,6
79,user_0293,6
79,user_0356,6
79,user_0355,6
79,user_0345,6
79,user_0343,6
79,user_0350,6
79,user_0342,6
79,user_0331,6
79,user_0339,6
79,user_0337,6
79,user_0336,6
79,user_0359,6
79,user_0334,6
79,user_0344,6
79,user_0333,6
79,user_0352,6
79,user_0318,3
79,user_0328,3
79,user_0306,3
79,user_0316,3
79,user_0302,3
79,user_0329,3
79,user_0312,3
79,user_0303,3
79,user_0305,3
79,user_0315,3
79,user_0313,3
79,user_0326,3
79,user_0323,3
79,user_0319,3
79,user_0304,3
79,user_0327,3
79,user_0324,3
79,user_0309,3
79,user_0322,3
79,user_0310,3
79,user_0301,3
79,user_0317,3
79,user_0311,3
79,user_0320,3
79,user_0300,3
79,user_0325,3
79,user_0307,3
79,user_0308,3
79,user_0321,3
79,user_0314,3
80,user_0263,5
80,user_0274,5
80,user_0262,5
80,user_0187,5
80,user_0194,5
80,user_0249,5
80,user_0200,5
80,user_0280,5
80,user_0181,5
80,user_0228,5
80,user_0265,5
80,user_0288,5
80,user_0272,5
80,user_0188,5
80,user_0255,5
80,user_0279,5
80,user_0252,5
80,user_0296,5
80,user_0216,5
80,user_0190,5
80,user_0268,5
80,user_0185,5
80,user_0206,5
80,user_0299,5
80,user_0273,5
80,user_0286,5
80,user_0270,5
80,user_0246,5
80,user_0236,5
80,user_0282,5
80,user_0232,5
80,user_0266,5
80,user_0276,5
80,user_0283,5
80,user_0245,5
80,user_0250,5
80,user_0226,5
80,user_0215,5
80,user_0294,5
80,user_0253,5
80,user_0198,5
80,user_0184,5
80,user_0292,5
80,user_0193,5
80,user_0242,5
80,user_0214,5
80,user_0199,5
80,user_0210,5
80,user_0259,5
80,user_0260,5
80,user_0264,5
80,user_0201,5
80,user_0225,5
80,user_0298,5
80,user_0207,5
80,user_0209,5
80,user_0219,5
80,user_0202,5
80,user_0221,5
80,user_0278,5
80,user_0257,5
80,user_0251,5
80,user_0230,5
80,user_0222,5
80,user_0247,5
80,user_0275,5
80,user_0180,5
80,user_0291,5
80,user_0267,5
80,user_0223,5
80,user_0205,5
80,user_0213,5
80,user_0234,5
80,user_0189,5
80,user_0203,5
80,user_0287,5
80,user_0229,5
80,user_0224,5
80,user_0218,5
80,user_0220,5
80,user_0297,5
80,user_0269,5
80,user_0244,5
80,user_0241,5
80,user_0191,5
80,user_0197,5
80,user_0239,5
80,user_0192,5
80,user_0277,5
80,user_0183,5
80,user_0233,5
80,user_0211,5
80,user_0295,5
80,user_0231,5
80,user_0208,5
80,user_0186,5
80,user_0248,5
80,user_0217,5
80,user_0243,5
80,user_0212,5
80,user_0237,5
80,user_0254,5
80,user_0290,5
80,user_0261,5
80,user_0196,5
80,user_0285,5
80,user_0240,5
80,user_0195,5
80,user_0293,5
80,user_0227,5
80,user_0271,5
80,user_0204,5
80,user_0235,5
80,user_0182,5
80,user_0284,5
80,user_0289,5
80,user_0238,5
80,user_0179,2
80,user_0141,2
80,user_0128,2
80,user_0162,2
80,user_0134,2
80,user_0177,2
80,user_0174,2
80,user_0157,2
80,user_0158,2
80,user_0176,2
80,user_0147,2
80,user_0122,2
80,user_0124,2
80,user_0168,2
80,user_0175,2
80,user_0145,2
80,user_0164,2
80,user_0065,2
80,user_0172,2
80,user_0062,2
80,user_0129,2
80,user_0133,2
80,user_0150,2
80,user_0142,2
80,user_0153,2
80,user_0130,2
80,user_0169,2
80,user_0123,2
80,user_0136,2
80,user_0138,2
80,user_0120,2
80,user_0137,2
80,user_0178,2
80,user_0132,2
80,user_0171,2
80,user_0139,2
80,user_0121,2
80,user_0149,2
80,user_0155,2
80,user_0151,2
80,user_0163,2
80,user_0152,2
80,user_0144,2
80,user_0064,2
80,user_0143,2
80,user_0159,2
80,user_0160,2
80,user_0131,2
80,user_0067,2
80,user_0146,2
80,user_0166,2
80,user_0170,2
80,user_0063,2
80,user_0165,2
80,user_0135,2
80,user_0126,2
80,user_0156,2
80,user_0125,2
80,user_0060,2
80,user_0061,2
80,user_0167,2
80,user_0154,2
80,user_0173,2
80,user_0127,2
80,user_0161,2
80,user_0066,2
80,user_0140,2
80,user_0018,0
80,user_0032,0
80,user_0010,0
80,user_0041,0
80,user_0030,0
80,user_0031,0
80,user_0059,0
80,user_0042,0
80,user_0003,0
80,user_0025,0
80,user_0054,0
80,user_0014,0
80,user_0007,0
80,user_0023,0
80,user_0039,0
80,user_0057,0
80,user_0021,0
80,user_0020,0
80,user_0001,0
80,user_0011,0
80,user_0034,0
80,user_0016,0
80,user_0017,0
80,user_0040,0
80,user_0005,0
80,user_0048,0
80,user_0008,0
80,user_0046,0
80,user_0029,0
80,user_0044,0
80,user_0028,0
80,user_0258,0
80,user_0019,0
80,user_0055,0
80,user_0009,0
80,user_0047,0
80,user_0050,0
80,user_0058,0
80,user_0036,0
80,user_0015,0
80,user_0004,0
80,user_0052,0
80,user_0049,0
80,user_0026,0
80,user_0027,0
80,user_0035,0
80,user_0006,0
80,user_0012,0
80,user_0024,0
80,user_0033,0
80,user_0043,0
80,user_0013,0
80,user_0053,0
80,user_0002,0
80,user_0045,0
80,user_0037,0
80,user_0256,0
80,user_0056,0
80,user_0051,0
80,user_0022,0
80,user_0000,0
80,user_0074,1
80,user_0096,1
80,user_0281,1
80,user_0077,1
80,user_0087,1
80,user_0069,1
80,user_0094,1
80,user_0109,1
80,user_0073,1
80,user_0092,1
80,user_0086,1
80,user_0076,1
80,user_0081,1
80,user_0111,1
80,user_0088,1
80,user_0083,1
80,user_0102,1
80,user_0104,1
80,user_0079,1
80,user_0103,1
80,user_0091,1
80,user_0118,1
80,user_0038,1
80,user_0116,1
80,user_0098,1
80,user_0072,1
80,user_0113,1
80,user_0075,1
80,user_0117,1
80,user_0068,1
80,user_0090,1
80,user_0093,1
80,user_0089,1
80,user_0115,1
80,user_0100,1
80,user_0107,1
80,user_0084,1
80,user_0078,1
80,user_0110,1
80,user_0114,1
80,user_0106,1
80,user_0080,1
80,user_0099,1
80,user_0071,1
80,user_0095,1
80,user_0108,1
80,user_0070,1
80,user_0082,1
80,user_0105,1
80,user_0112,1
80,user_0119,1
80,user_0085,1
80,user_0097,1
80,user_0101,1
80,user_0335,6
80,user_0340,6
80,user_0347,6
80,user_0349,6
80,user_0353,6
80,user_0357,6
80,user_0354,6
80,user_0330,6
80,user_0348,6
80,user_0332,6
80,user_0338,6
80,user_0341,6
80,user_0148,6
80,user_0358,6
80,user_0346,6
80,user_0356,6
80,user_0355,6
80,user_0345,6
80,user_0343,6
80,user_0350,6
80,user_0342,6
80,user_0339,6
80,user_0337,6
80,user_0334,6
80,user_0336,6
80,user_0359,6
80,user_0331,6
80,user_0344,6
80,user_0333,6
80,user_0351,6
80,user_0352,6
80,user_0318,3
80,user_0328,3
80,user_0306,3
80,user_0316,3
80,user_0302,3
80,user_0329,3
80,user_0303,3
80,user_0312,3
80,user_0305,3
80,user_0315,3
80,user_0313,3
80,user_0323,3
80,user_0326,3
80,user_0319,3
80,user_0304,3
80,user_0327,3
80,user_0309,3
80,user_0311,3
80,user_0322,3
80,user_0310,3
80,user_0301,3
80,user_0317,3
80,user_0324,3
80,user_0320,3
80,user_0300,3
80,user_0325,3
80,user_0307,3
80,user_0308,3
80,user_0321,3
80,user_0314,3
81,user_0263,5
81,user_0274,5
81,user_0262,5
81,user_0194,5
81,user_0187,5
81,user_0281,5
81,user_0249,5
81,user_0181,5
81,user_0228,5
81,user_0265,5
81,user_0280,5
81,user_0200,5
81,user_0288,5
81,user_0272,5
81,user_0255,5
81,user_0188,5
81,user_0279,5
81,user_0252,5
81,user_0296,5
81,user_0216,5
81,user_0190,5
81,user_0268,5
81,user_0299,5
81,user_0185,5
81,user_0206,5
81,user_0286,5
81,user_0282,5
81,user_0270,5
81,user_0246,5
81,user_0236,5
81,user_0103,5
81,user_0273,5
81,user_0232,5
81,user_0266,5
81,user_0276,5
81,user_0245,5
81,user_0283,5
81,user_0250,5
81,user_0215,5
81,user_0226,5
81,user_0294,5
81,user_0253,5
81,user_0198,5
81,user_0184,5
81,user_0292,5
81,user_0193,5
81,user_0242,5
81,user_0214,5
81,user_0210,5
81,user_0199,5
81,user_0260,5
81,user_0264,5
81,user_0259,5
81,user_0105,5
81,user_0201,5
81,user_0225,5
81,user_0207,5
81,user_0221,5
81,user_0209,5
81,user_0202,5
81,user_0219,5
81,user_0275,5
81,user_0230,5
81,user_0278,5
81,user_0251,5
81,user_0247,5
81,user_0257,5
81,user_0222,5
81,user_0180,5
81,user_0291,5
81,user_0267,5
81,user_0223,5
81,user_0213,5
81,user_0205,5
81,user_0234,5
81,user_0189,5
81,user_0203,5
81,user_0287,5
81,user_0229,5
81,user_0224,5
81,user_0218,5
81,user_0220,5
81,user_0297,5
81,user_0244,5
81,user_0269,5
81,user_0241,5
81,user_0197,5
81,user_0191,5
81,user_0239,5
81,user_0192,5
81,user_0277,5
81,user_0183,5
81,user_0233,5
81,user_0211,5
81,user_0295,5
81,user_0231,5
81,user_0208,5
81,user_0186,5
81,user_0248,5
81,user_0217,5
81,user_0243,5
81,user_0212,5
81,user_0237,5
81,user_0290,5
81,user_0254,5
81,user_0261,5
81,user_0196,5
81,user_0285,5
81,user_0227,5
81,user_0195,5
81,user_0240,5
81,user_0271,5
81,user_0204,5
81,user_0235,5
81,user_0182,5
81,user_0284,5
81,user_0289,5
81,user_0238,5
81,user_0179,2
81,user_0141,2
81,user_0128,2
81,user_0162,2
81,user_0134,2
81,user_0177,2
81,user_0174,2
81,user_0157,2
81,user_0158,2
81,user_0176,2
81,user_0122,2
81,user_0147,2
81,user_0124,2
81,user_0168,2
81,user_0175,2
81,user_0145,2
81,user_0164,2
81,user_0065,2
81,user_0172,2
81,user_0062,2
81,user_0129,2
81,user_0133,2
81,user_0150,2
81,user_0142,2
81,user_0153,2
81,user_0130,2
81,user_0169,2
81,user_0123,2
81,user_0120,2
81,user_0136,2
81,user_0138,2
81,user_0137,2
81,user_0178,2
81,user_0132,2
81,user_0171,2
81,user_0139,2
81,user_0121,2
81,user_0149,2
81,user_0155,2
81,user_0148,2
81,user_0151,2
81,user_0163,2
81,user_0152,2
81,user_0144,2
81,user_0064,2
81,user_0143,2
81,user_0159,2
81,user_0160,2
81,user_0131,2
81,user_0067,2
81,user_0146,2
81,user_0166,2
81,user_0170,2
81,user_0063,2
81,user_0165,2
81,user_0107,2
81,user_0135,2
81,user_0126,2
81,user_0156,2
81,user_0125,2
81,user_0061,2
81,user_0060,2
81,user_0167,2
81,user_0154,2
81,user_0173,2
81,user_0127,2
81,user_0161,2
81,user_0066,2
81,user_0140,2
81,user_0018,0
81,user_0032,0
81,user_0010,0
81,user_0041,0
81,user_0030,0
81,user_0031,0
81,user_0059,0
81,user_0042,0
81,user_0003,0
81,user_0025,0
81,user_0054,0
81,user_0014,0
81,user_0023,0
81,user_0007,0
81,user_0039,0
81,user_0057,0
81,user_0021,0
81,user_0020,0
81,user_0001,0
81,user_0011,0
81,user_0034,0
81,user_0016,0
81,user_0017,0
81,user_0005,0
81,user_0040,0
81,user_0048,0
81,user_0046,0
81,user_0008,0
81,user_0029,0
81,user_0044,0
81,user_0028,0
81,user_0009,0
81,user_0055,0
81,user_0019,0
81,user_0047,0
81,user_0050,0
81,user_0058,0
81,user_0036,0
81,user_0015,0
81,user_0037,0
81,user_0052,0
81,user_0004,0
81,user_0049,0
81,user_0026,0
81,user_0027,0
81,user_0035,0
81,user_0012,0
81,user_0006,0
81,user_0024,0
81,user_0033,0
81,user_0013,0
81,user_0043,0
81,user_0053,0
81,user_0002,0
81,user_0045,0
81,user_0056,0
81,user_0051,0
81,user_0022,0
81,user_0000,0
81,user_0074,1
81,user_0096,1
81,user_0077,1
81,user_0087,1
81,user_0069,1
81,user_0094,1
81,user_0109,1
81,user_0073,1
81,user_0092,1
81,user_0086,1
81,user_0076,1
81,user_0081,1
81,user_0088,1
81,user_0118,1
81,user_0083,1
81,user_0102,1
81,user_0104,1
81,user_0111,1
81,user_0091,1
81,user_0038,1
81,user_0116,1
81,user_0098,1
81,user_0072,1
81,user_0113,1
81,user_0075,1
81,user_0068,1
81,user_0090,1
81,user_0117,1
81,user_0093,1
81,user_0089,1
81,user_0115,1
81,user_0100,1
81,user_0114,1
81,user_0110,1
81,user_0078,1
81,user_0084,1
81,user_0106,1
81,user_0080,1
81,user_0099,1
81,user_0071,1
81,user_0095,1
81,user_0070,1
81,user_0082,1
81,user_0108,1
81,user_0298,1
81,user_0119,1
81,user_0112,1
81,user_0085,1
81,user_0097,1
81,user_0101,1
81,user_0318,3
81,user_0328,3
81,user_0306,3
81,user_0316,3
81,user_0302,3
81,user_0329,3
81,user_0312,3
81,user_0303,3
81,user_0305,3
81,user_0315,3
81,user_0313,3
81,user_0326,3
81,user_0323,3
81,user_0319,3
81,user_0304,3
81,user_0327,3
81,user_0324,3
81,user_0309,3
81,user_0322,3
81,user_0310,3
81,user_0301,3
81,user_0317,3
81,user_0311,3
81,user_0320,3
81,user_0300,3
81,user_0079,3
81,user_0325,3
81,user_0307,3
81,user_0308,3
81,user_0321,3
81,user_0314,3
81,user_0335,6
81,user_0340,6
81,user_0347,6
81,user_0349,6
81,user_0353,6
81,user_0357,6
81,user_0354,6
81,user_0330,6
81,user_0348,6
81,user_0332,6
81,user_0338,6
81,user_0341,6
81,user_0293,6
81,user_0346,6
81,user_0356,6
81,user_0358,6
81,user_0355,6
81,user_0345,6
81,user_0343,6
81,user_0350,6
81,user_0342,6
81,user_0339,6
81,user_0337,6
81,user_0334,6
81,user_0336,6
81,user_0359,6
81,user_0331,6
81,user_0344,6
81,user_0333,6
81,user_0351,6
81,user_0352,6
82,user_0263,5
82,user_0274,5
82,user_0262,5
82,user_0187,5
82,user_0281,5
82,user_0194,5
82,user_0280,5
82,user_0249,5
82,user_0200,5
82,user_0228,5
82,user_0265,5
82,user_0181,5
82,user_0288,5
82,user_0272,5
82,user_0255,5
82,user_0188,5
82,user_0279,5
82,user_0252,5
82,user_0296,5
82,user_0216,5
82,user_0190,5
82,user_0268,5
82,user_0299,5
82,user_0185,5
82,user_0206,5
82,user_0273,5
82,user_0282,5
82,user_0286,5
82,user_0270,5
82,user_0246,5
82,user_0236,5
82,user_0232,5
82,user_0266,5
82,user_0276,5
82,user_0245,5
82,user_0283,5
82,user_0250,5
82,user_0226,5
82,user_0215,5
82,user_0294,5
82,user_0253,5
82,user_0198,5
82,user_0184,5
82,user_0292,5
82,user_0193,5
82,user_0242,5
82,user_0214,5
82,user_0210,5
82,user_0199,5
82,user_0259,5
82,user_0264,5
82,user_0260,5
82,user_0201,5
82,user_0225,5
82,user_0298,5
82,user_0207,5
82,user_0221,5
82,user_0219,5
82,user_0202,5
82,user_0209,5
82,user_0278,5
82,user_0230,5
82,user_0251,5
82,user_0222,5
82,user_0257,5
82,user_0247,5
82,user_0275,5
82,user_0180,5
82,user_0291,5
82,user_0267,5
82,user_0213,5
82,user_0223,5
82,user_0205,5
82,user_0234,5
82,user_0189,5
82,user_0229,5
82,user_0287,5
82,user_0203,5
82,user_0224,5
82,user_0218,5
82,user_0220,5
82,user_0244,5
82,user_0269,5
82,user_0241,5
82,user_0191,5
82,user_0197,5
82,user_0239,5
82,user_0192,5
82,user_0277,5
82,user_0183,5
82,user_0233,5
82,user_0211,5
82,user_0258,5
82,user_0295,5
82,user_0231,5
82,user_0208,5
82,user_0186,5
82,user_0217,5
82,user_0243,5
82,user_0212,5
82,user_0237,5
82,user_0254,5
82,user_0290,5
82,user_0261,5
82,user_0196,5
82,user_0285,5
82,user_0227,5
82,user_0240,5
82,user_0195,5
82,user_0293,5
82,user_0271,5
82,user_0204,5
82,user_0235,5
82,user_0182,5
82,user_0256,5
82,user_0284,5
82,user_0289,5
82,user_0238,5
82,user_0179,2
82,user_0141,2
82,user_0128,2
82,user_0162,2
82,user_0134,2
82,user_0177,2
82,user_0174,2
82,user_0157,2
82,user_0158,2
82,user_0176,2
82,user_0147,2
82,user_0122,2
82,user_0124,2
82,user_0168,2
82,user_0175,2
82,user_0145,2
82,user_0164,2
82,user_0065,2
82,user_0172,2
82,user_0062,2
82,user_0129,2
82,user_0133,2
82,user_0150,2
82,user_0142,2
82,user_0153,2
82,user_0130,2
82,user_0169,2
82,user_0123,2
82,user_0120,2
82,user_0136,2
82,user_0138,2
82,user_0137,2
82,user_0178,2
82,user_0132,2
82,user_0171,2
82,user_0139,2
82,user_0121,2
82,user_0149,2
82,user_0155,2
82,user_0148,2
82,user_0151,2
82,user_0163,2
82,user_0152,2
82,user_0064,2
82,user_0144,2
82,user_0297,2
82,user_0143,2
82,user_0159,2
82,user_0160,2
82,user_0131,2
82,user_0067,2
82,user_0146,2
82,user_0166,2
82,user_0248,2
82,user_0170,2
82,user_0063,2
82,user_0165,2
82,user_0135,2
82,user_0126,2
82,user_0156,2
82,user_0125,2
82,user_0060,2
82,user_0061,2
82,user_0167,2
82,user_0154,2
82,user_0173,2
82,user_0127,2
82,user_0161,2
82,user_0066,2
82,user_0140,2
82,user_0018,0
82,user_0032,0
82,user_0010,0
82,user_0041,0
82,user_0030,0
82,user_0031,0
82,user_0059,0
82,user_0003,0
82,user_0025,0
82,user_0054,0
82,user_0014,0
82,user_0023,0
82,user_0007,0
82,user_0039,0
82,user_0057,0
82,user_0000,0
82,user_0021,0
82,user_0020,0
82,user_0001,0
82,user_0011,0
82,user_0034,0
82,user_0088,0
82,user_0016,0
82,user_0040,0
82,user_0017,0
82,user_0005,0
82,user_0048,0
82,user_0008,0
82,user_0029,0
82,user_0044,0
82,user_0028,0
82,user_0038,0
82,user_0019,0
82,user_0055,0
82,user_0009,0
82,user_0047,0
82,user_0050,0
82,user_0058,0
82,user_0036,0
82,user_0015,0
82,user_0052,0
82,user_0004,0
82,user_0049,0
82,user_0026,0
82,user_0027,0
82,user_0035,0
82,user_0012,0
82,user_0006,0
82,user_0024,0
82,user_0033,0
82,user_0043,0
82,user_0053,0
82,user_0013,0
82,user_0002,0
82,user_0045,0
82,user_0037,0
82,user_0056,0
82,user_0051,0
82,user_0022,0
82,user_0046,0
82,user_0074,1
82,user_0096,1
82,user_0077,1
82,user_0087,1
82,user_0069,1
82,user_0094,1
82,user_0109,1
82,user_0073,1
82,user_0092,1
82,user_0086,1
82,user_0111,1
82,user_0076,1
82,user_0118,1
82,user_0083,1
82,user_0081,1
82,user_0102,1
82,user_0104,1
82,user_0079,1
82,user_0103,1
82,user_0091,1
82,user_0116,1
82,user_0098,1
82,user_0072,1
82,user_0113,1
82,user_0075,1
82,user_0068,1
82,user_0090,1
82,user_0117,1
82,user_0093,1
82,user_0089,1
82,user_0115,1
82,user_0100,1
82,user_0107,1
82,user_0078,1
82,user_0110,1
82,user_0084,1
82,user_0114,1
82,user_0106,1
82,user_0080,1
82,user_0099,1
82,user_0071,1
82,user_0095,1
82,user_0070,1
82,user_0108,1
82,user_0082,1
82,user_0105,1
82,user_0119,1
82,user_0112,1
82,user_0085,1
82,user_0097,1
82,user_0101,1
82,user_0335,6
82,user_0340,6
82,user_0347,6
82,user_0349,6
82,user_0353,6
82,user_0357,6
82,user_0042,6
82,user_0354,6
82,user_0330,6
82,user_0348,6
82,user_0332,6
82,user_0338,6
82,user_0341,6
82,user_0358,6
82,user_0346,6
82,user_0356,6
82,user_0355,6
82,user_0345,6
82,user_0343,6
82,user_0350,6
82,user_0342,6
82,user_0339,6
82,user_0337,6
82,user_0331,6
82,user_0336,6
82,user_0359,6
82,user_0334,6
82,user_0344,6
82,user_0333,6
82,user_0351,6
82,user_0352,6
82,user_0318,3
82,user_0328,3
82,user_0306,3
82,user_0316,3
82,user_0302,3
82,user_0329,3
82,user_0303,3
82,user_0312,3
82,user_0305,3
82,user_0315,3
82,user_0313,3
82,user_0326,3
82,user_0323,3
82,user_0319,3
82,user_0304,3
82,user_0327,3
82,user_0309,3
82,user_0311,3
82,user_0324,3
82,user_0310,3
82,user_0301,3
82,user_0317,3
82,user_0322,3
82,user_0320,3
82,user_0300,3
82,user_0325,3
82,user_0307,3
82,user_0308,3
82,user_0321,3
82,user_0314,3
83,user_0263,5
83,user_0032,5
83,user_0274,5
83,user_0262,5
83,user_0187,5
83,user_0281,5
83,user_0194,5
83,user_0181,5
83,user_0200,5
83,user_0280,5
83,user_0265,5
83,user_0228,5
83,user_0249,5
83,user_0288,5
83,user_0272,5
83,user_0188,5
83,user_0255,5
83,user_0279,5
83,user_0252,5
83,user_0296,5
83,user_0216,5
83,user_0299,5
83,user_0190,5
83,user_0185,5
83,user_0206,5
83,user_0268,5
83,user_0286,5
83,user_0273,5
83,user_0270,5
83,user_0246,5
83,user_0236,5
83,user_0282,5
83,user_0232,5
83,user_0266,5
83,user_0276,5
83,user_0283,5
83,user_0245,5
83,user_0215,5
83,user_0294,5
83,user_0226,5
83,user_0250,5
83,user_0253,5
83,user_0198,5
83,user_0184,5
83,user_0292,5
83,user_0193,5
83,user_0242,5
83,user_0214,5
83,user_0210,5
83,user_0199,5
83,user_0260,5
83,user_0264,5
83,user_0259,5
83,user_0201,5
83,user_0225,5
83,user_0298,5
83,user_0207,5
83,user_0209,5
83,user_0221,5
83,user_0202,5
83,user_0219,5
83,user_0278,5
83,user_0230,5
83,user_0251,5
83,user_0275,5
83,user_0257,5
83,user_0222,5
83,user_0247,5
83,user_0180,5
83,user_0291,5
83,user_0267,5
83,user_0223,5
83,user_0205,5
83,user_0213,5
83,user_0234,5
83,user_0189,5
83,user_0229,5
83,user_0203,5
83,user_0287,5
83,user_0224,5
83,user_0218,5
83,user_0220,5
83,user_0297,5
83,user_0244,5
83,user_0269,5
83,user_0241,5
83,user_0197,5
83,user_0191,5
83,user_0239,5
83,user_0192,5
83,user_0277,5
83,user_0183,5
83,user_0233,5
83,user_0211,5
83,user_0258,5
83,user_0295,5
83,user_0186,5
83,user_0231,5
83,user_0208,5
83,user_0248,5
83,user_0217,5
83,user_0243,5
83,user_0212,5
83,user_0237,5
83,user_0254,5
83,user_0290,5
83,user_0261,5
83,user_0196,5
83,user_0285,5
83,user_0240,5
83,user_0227,5
83,user_0293,5
83,user_0195,5
83,user_0271,5
83,user_0204,5
83,user_0235,5
83,user_0182,5
83,user_0256,5
83,user_0284,5
83,user_0289,5
83,user_0238,5
83,user_0141,2
83,user_0128,2
83,user_0162,2
83,user_0134,2
83,user_0177,2
83,user_0174,2
83,user_0157,2
83,user_0158,2
83,user_0176,2
83,user_0147,2
83,user_0122,2
83,user_0124,2
83,user_0168,2
83,user_0175,2
83,user_0145,2
83,user_0164,2
83,user_0065,2
83,user_0172,2
83,user_0062,2
83,user_0129,2
83,user_0133,2
83,user_0150,2
83,user_0142,2
83,user_0153,2
83,user_0130,2
83,user_0169,2
83,user_0123,2
83,user_0120,2
83,user_0136,2
83,user_0138,2
83,user_0137,2
83,user_0178,2
83,user_0132,2
83,user_0171,2
83,user_0139,2
83,user_0121,2
83,user_0149,2
83,user_0155,2
83,user_0148,2
83,user_0151,2
83,user_0163,2
83,user_0152,2
83,user_0064,2
83,user_0144,2
83,user_0143,2
83,user_0159,2
83,user_0160,2
83,user_0131,2
83,user_0067,2
83,user_0146,2
83,user_0166,2
83,user_0170,2
83,user_0063,2
83,user_0165,2
83,user_0135,2
83,user_0126,2
83,user_0156,2
83,user_0125,2
83,user_0061,2
83,user_0167,2
83,user_0060,2
83,user_0154,2
83,user_0173,2
83,user_0127,2
83,user_0161,2
83,user_0066,2
83,user_0140,2
83,user_0018,0
83,user_0010,0
83,user_0041,0
83,user_0030,0
83,user_0031,0
83,user_0059,0
83,user_0003,0
83,user_0025,0
83,user_0054,0
83,user_0014,0
83,user_0023,0
83,user_0007,0
83,user_0039,0
83,user_0057,0
83,user_0021,0
83,user_0020,0
83,user_0001,0
83,user_0011,0
83,user_0034,0
83,user_0016,0
83,user_0040,0
83,user_0005,0
83,user_0017,0
83,user_0048,0
83,user_0008,0
83,user_0029,0
83,user_0046,0
83,user_0044,0
83,user_0028,0
83,user_0038,0
83,user_0019,0
83,user_0055,0
83,user_0009,0
83,user_0047,0
83,user_0050,0
83,user_0058,0
83,user_0036,0
83,user_0015,0
83,user_0037,0
83,user_0004,0
83,user_0052,0
83,user_0049,0
83,user_0026,0
83,user_0027,0
83,user_0035,0
83,user_0006,0
83,user_0012,0
83,user_0043,0
83,user_0013,0
83,user_0053,0
83,user_0033,0
83,user_0002,0
83,user_0045,0
83,user_0056,0
83,user_0051,0
83,user_0022,0
83,user_0000,0
83,user_0074,1
83,user_0096,1
83,user_0077,1
83,user_0087,1
83,user_0069,1
83,user_0094,1
83,user_0109,1
83,user_0073,1
83,user_0092,1
83,user_0086,1
83,user_0076,1
83,user_0088,1
83,user_0111,1
83,user_0081,1
83,user_0118,1
83,user_0102,1
83,user_0104,1
83,user_0079,1
83,user_0103,1
83,user_0091,1
83,user_0083,1
83,user_0116,1
83,user_0098,1
83,user_0072,1
83,user_0113,1
83,user_0075,1
83,user_0068,1
83,user_0090,1
83,user_0117,1
83,user_0093,1
83,user_0089,1
83,user_0115,1
83,user_0100,1
83,user_0114,1
83,user_0110,1
83,user_0078,1
83,user_0084,1
83,user_0107,1
83,user_0106,1
83,user_0080,1
83,user_0099,1
83,user_0071,1
83,user_0095,1
83,user_0070,1
83,user_0082,1
83,user_0108,1
83,user_0105,1
83,user_0112,1
83,user_0119,1
83,user_0085,1
83,user_0097,1
83,user_0101,1
83,user_0179,3
83,user_0306,3
83,user_0316,3
83,user_0302,3
83,user_0329,3
83,user_0312,3
83,user_0315,3
83,user_0313,3
83,user_0323,3
83,user_0319,3
83,user_0304,3
83,user_0327,3
83,user_0311,3
83,user_0310,3
83,user_0300,3
83,user_0325,3
83,user_0307,3
83,user_0321,3
83,user_0318,3
83,user_0328,3
83,user_0303,3
83,user_0305,3
83,user_0326,3
83,user_0024,3
83,user_0324,3
83,user_0309,3
83,user_0322,3
83,user_0301,3
83,user_0317,3
83,user_0320,3
83,user_0308,3
83,user_0314,3
83,user_0335,6
83,user_0340,6
83,user_0347,6
83,user_0349,6
83,user_0353,6
83,user_0357,6
83,user_0042,6
83,user_0354,6
83,user_0330,6
83,user_0348,6
83,user_0332,6
83,user_0338,6
83,user_0341,6
83,user_0358,6
83,user_0346,6
83,user_0356,6
83,user_0355,6
83,user_0345,6
83,user_0350,6
83,user_0343,6
83,user_0342,6
83,user_0331,6
83,user_0337,6
83,user_0339,6
83,user_0336,6
83,user_0359,6
83,user_0334,6
83,user_0344,6
83,user_0333,6
83,user_0351,6
83,user_0352,6
84,user_0263,5
84,user_0179,5
84,user_0274,5
84,user_0262,5
84,user_0194,5
84,user_0281,5
84,user_0187,5
84,user_0181,5
84,user_0200,5
84,user_0228,5
84,user_0265,5
84,user_0249,5
84,user_0280,5
84,user_0288,5
84,user_0272,5
84,user_0255,5
84,user_0188,5
84,user_0279,5
84,user_0252,5
84,user_0296,5
84,user_0216,5
84,user_0299,5
84,user_0190,5
84,user_0206,5
84,user_0185,5
84,user_0268,5
84,user_0273,5
84,user_0286,5
84,user_0270,5
84,user_0246,5
84,user_0236,5
84,user_0282,5
84,user_0344,5
84,user_0232,5
84,user_0266,5
84,user_0276,5
84,user_0009,5
84,user_0245,5
84,user_0283,5
84,user_0250,5
84,user_0226,5
84,user_0215,5
84,user_0294,5
84,user_0253,5
84,user_0198,5
84,user_0184,5
84,user_0292,5
84,user_0193,5
84,user_0242,5
84,user_0214,5
84,user_0210,5
84,user_0199,5
84,user_0260,5
84,user_0264,5
84,user_0105,5
84,user_0201,5
84,user_0225,5
84,user_0298,5
84,user_0207,5
84,user_0209,5
84,user_0221,5
84,user_0202,5
84,user_0219,5
84,user_0275,5
84,user_0257,5
84,user_0222,5
84,user_0251,5
84,user_0247,5
84,user_0278,5
84,user_0230,5
84,user_0180,5
84,user_0291,5
84,user_0267,5
84,user_0223,5
84,user_0205,5
84,user_0213,5
84,user_0234,5
84,user_0189,5
84,user_0203,5
84,user_0229,5
84,user_0287,5
84,user_0224,5
84,user_0218,5
84,user_0220,5
84,user_0297,5
84,user_0244,5
84,user_0269,5
84,user_0241,5
84,user_0191,5
84,user_0197,5
84,user_0239,5
84,user_0192,5
84,user_0277,5
84,user_0233,5
84,user_0183,5
84,user_0211,5
84,user_0258,5
84,user_0295,5
84,user_0186,5
84,user_0231,5
84,user_0208,5
84,user_0248,5
84,user_0217,5
84,user_0243,5
84,user_0212,5
84,user_0237,5
84,user_0290,5
84,user_0254,5
84,user_0261,5
84,user_0196,5
84,user_0285,5
84,user_0240,5
84,user_0195,5
84,user_0227,5
84,user_0271,5
84,user_0204,5
84,user_0235,5
84,user_0182,5
84,user_0256,5
84,user_0284,5
84,user_0289,5
84,user_0238,5
84,user_0141,2
84,user_0128,2
84,user_0162,2
84,user_0134,2
84,user_0177,2
84,user_0174,2
84,user_0157,2
84,user_0158,2
84,user_0176,2
84,user_0122,2
84,user_0147,2
84,user_0124,2
84,user_0168,2
84,user_0175,2
84,user_0145,2
84,user_0164,2
84,user_0065,2
84,user_0172,2
84,user_0062,2
84,user_0129,2
84,user_0133,2
84,user_0150,2
84,user_0142,2
84,user_0153,2
84,user_0130,2
84,user_0169,2
84,user_0138,2
84,user_0136,2
84,user_0120,2
84,user_0123,2
84,user_0137,2
84,user_0178,2
84,user_0132,2
84,user_0171,2
84,user_0139,2
84,user_0121,2
84,user_0149,2
84,user_0155,2
84,user_0148,2
84,user_0151,2
84,user_0163,2
84,user_0152,2
84,user_0144,2
84,user_0064,2
84,user_0143,2
84,user_0159,2
84,user_0160,2
84,user_0131,2
84,user_0067,2
84,user_0146,2
84,user_0166,2
84,user_0170,2
84,user_0063,2
84,user_0165,2
84,user_0135,2
84,user_0126,2
84,user_0156,2
84,user_0125,2
84,user_0060,2
84,user_0061,2
84,user_0167,2
84,user_0154,2
84,user_0173,2
84,user_0127,2
84,user_0161,2
84,user_0066,2
84,user_0140,2
84,user_0018,0
84,user_0010,0
84,user_0041,0
84,user_0030,0
84,user_0031,0
84,user_0059,0
84,user_0003,0
84,user_0025,0
84,user_0054,0
84,user_0014,0
84,user_0023,0
84,user_0007,0
84,user_0039,0
84,user_0057,0
84,user_0000,0
84,user_0021,0
84,user_0020,0
84,user_0001,0
84,user_0011,0
84,user_0034,0
84,user_0016,0
84,user_0040,0
84,user_0005,0
84,user_0017,0
84,user_0048,0
84,user_0008,0
84,user_0029,0
84,user_0044,0
84,user_0028,0
84,user_0038,0
84,user_0019,0
84,user_0055,0
84,user_0047,0
84,user_0050,0
84,user_0058,0
84,user_0036,0
84,user_0015,0
84,user_0004,0
84,user_0052,0
84,user_0049,0
84,user_0026,0
84,user_0027,0
84,user_0035,0
84,user_0006,0
84,user_0012,0
84,user_0024,0
84,user_0033,0
84,user_0043,0
84,user_0053,0
84,user_0013,0
84,user_0002,0
84,user_0045,0
84,user_0331,0
84,user_0037,0
84,user_0056,0
84,user_0051,0
84,user_0022,0
84,user_0046,0
84,user_0074,1
84,user_0096,1
84,user_0077,1
84,user_0087,1
84,user_0069,1
84,user_0094,1
84,user_0109,1
84,user_0073,1
84,user_0092,1
84,user_0086,1
84,user_0111,1
84,user_0081,1
84,user_0083,1
84,user_0118,1
84,user_0088,1
84,user_0102,1
84,user_0103,1
84,user_0104,1
84,user_0079,1
84,user_0091,1
84,user_0116,1
84,user_0098,1
84,user_0072,1
84,user_0113,1
84,user_0075,1
84,user_0068,1
84,user_0090,1
84,user_0117,1
84,user_0093,1
84,user_0089,1
84,user_0076,1
84,user_0115,1
84,user_0100,1
84,user_0114,1
84,user_0107,1
84,user_0110,1
84,user_0078,1
84,user_0084,1
84,user_0106,1
84,user_0080,1
84,user_0099,1
84,user_0071,1
84,user_0095,1
84,user_0293,1
84,user_0346,1
84,user_0108,1
84,user_0082,1
84,user_0070,1
84,user_0112,1
84,user_0119,1
84,user_0085,1
84,user_0097,1
84,user_0101,1
84,user_0032,6
84,user_0335,6
84,user_0349,6
84,user_0340,6
84,user_0347,6
84,user_0353,6
84,user_0357,6
84,user_0042,6
84,user_0354,6
84,user_0330,6
84,user_0348,6
84,user_0332,6
84,user_0338,6
84,user_0341,6
84,user_0259,6
84,user_0358,6
84,user_0356,6
84,user_0355,6
84,user_0345,6
84,user_0343,6
84,user_0350,6
84,user_0342,6
84,user_0339,6
84,user_0337,6
84,user_0336,6
84,user_0359,6
84,user_0334,6
84,user_0333,6
84,user_0351,6
84,user_0352,6
84,user_0318,3
84,user_0328,3
84,user_0306,3
84,user_0316,3
84,user_0302,3
84,user_0329,3
84,user_0312,3
84,user_0303,3
84,user_0305,3
84,user_0315,3
84,user_0313,3
84,user_0323,3
84,user_0326,3
84,user_0319,3
84,user_0304,3
84,user_0327,3
84,user_0309,3
84,user_0311,3
84,user_0324,3
84,user_0310,3
84,user_0322,3
84,user_0301,3
84,user_0317,3
84,user_0320,3
84,user_0300,3
84,user_0325,3
84,user_0307,3
84,user_0308,3
84,user_0321,3
84,user_0314,3
85,user_0263,5
85,user_0274,5
85,user_0262,5
85,user_0187,5
85,user_0281,5
85,user_0194,5
85,user_0249,5
85,user_0280,5
85,user_0200,5
85,user_0265,5
85,user_0228,5
85,user_0181,5
85,user_0288,5
85,user_0188,5
85,user_0255,5
85,user_0279,5
85,user_0252,5
85,user_0296,5
85,user_0216,5
85,user_0268,5
85,user_0190,5
85,user_0185,5
85,user_0206,5
85,user_0299,5
85,user_0273,5
85,user_0286,5
85,user_0270,5
85,user_0246,5
85,user_0236,5
85,user_0282,5
85,user_0232,5
85,user_0266,5
85,user_0276,5
85,user_0283,5
85,user_0245,5
85,user_0215,5
85,user_0294,5
85,user_0226,5
85,user_0250,5
85,user_0253,5
85,user_0198,5
85,user_0184,5
85,user_0292,5
85,user_0193,5
85,user_0242,5
85,user_0214,5
85,user_0210,5
85,user_0199,5
85,user_0259,5
85,user_0264,5
85,user_0260,5
85,user_0356,5
85,user_0201,5
85,user_0225,5
85,user_0298,5
85,user_0207,5
85,user_0209,5
85,user_0221,5
85,user_0219,5
85,user_0202,5
85,user_0278,5
85,user_0275,5
85,user_0230,5
85,user_0251,5
85,user_0247,5
85,user_0257,5
85,user_0222,5
85,user_0180,5
85,user_0291,5
85,user_0267,5
85,user_0213,5
85,user_0205,5
85,user_0223,5
85,user_0234,5
85,user_0189,5
85,user_0203,5
85,user_0287,5
85,user_0224,5
85,user_0218,5
85,user_0220,5
85,user_0297,5
85,user_0244,5
85,user_0269,5
85,user_0241,5
85,user_0197,5
85,user_0191,5
85,user_0239,5
85,user_0192,5
85,user_0277,5
85,user_0233,5
85,user_0183,5
85,user_0211,5
85,user_0258,5
85,user_0295,5
85,user_0231,5
85,user_0208,5
85,user_0186,5
85,user_0248,5
85,user_0217,5
85,user_0243,5
85,user_0212,5
85,user_0237,5
85,user_0290,5
85,user_0254,5
85,user_0261,5
85,user_0196,5
85,user_0285,5
85,user_0227,5
85,user_0240,5
85,user_0293,5
85,user_0195,5
85,user_0271,5
85,user_0204,5
85,user_0235,5
85,user_0182,5
85,user_0256,5
85,user_0284,5
85,user_0289,5
85,user_0238,5
85,user_0179,2
85,user_0141,2
85,user_0128,2
85,user_0162,2
85,user_0134,2
85,user_0177,2
85,user_0174,2
85,user_0157,2
85,user_0158,2
85,user_0176,2
85,user_0122,2
85,user_0147,2
85,user_0124,2
85,user_0168,2
85,user_0175,2
85,user_0145,2
85,user_0164,2
85,user_0065,2
85,user_0172,2
85,user_0062,2
85,user_0129,2
85,user_0133,2
85,user_0150,2
85,user_0142,2
85,user_0153,2
85,user_0130,2
85,user_0169,2
85,user_0123,2
85,user_0120,2
85,user_0136,2
85,user_0138,2
85,user_0137,2
85,user_0178,2
85,user_0132,2
85,user_0171,2
85,user_0139,2
85,user_0121,2
85,user_0149,2
85,user_0155,2
85,user_0148,2
85,user_0151,2
85,user_0163,2
85,user_0152,2
85,user_0144,2
85,user_0064,2
85,user_0143,2
85,user_0159,2
85,user_0160,2
85,user_0131,2
85,user_0067,2
85,user_0146,2
85,user_0166,2
85,user_0170,2
85,user_0063,2
85,user_0165,2
85,user_0135,2
85,user_0126,2
85,user_0156,2
85,user_0125,2
85,user_0061,2
85,user_0060,2
85,user_0167,2
85,user_0154,2
85,user_0173,2
85,user_0127,2
85,user_0161,2
85,user_0066,2
85,user_0140,2
85,user_0018,0
85,user_0010,0
85,user_0041,0
85,user_0030,0
85,user_0031,0
85,user_0059,0
85,user_0042,0
85,user_0003,0
85,user_0025,0
85,user_0054,0
85,user_0014,0
85,user_0023,0
85,user_0007,0
85,user_0039,0
85,user_0057,0
85,user_0000,0
85,user_0021,0
85,user_0020,0
85,user_0001,0
85,user_0011,0
85,user_0034,0
85,user_0016,0
85,user_0040,0
85,user_0005,0
85,user_0017,0
85,user_0048,0
85,user_0008,0
85,user_0029,0
85,user_0344,0
85,user_0044,0
85,user_0028,0
85,user_0038,0
85,user_0019,0
85,user_0055,0
85,user_0009,0
85,user_0050,0
85,user_0058,0
85,user_0036,0
85,user_0015,0
85,user_0037,0
85,user_0004,0
85,user_0052,0
85,user_0049,0
85,user_0026,0
85,user_0027,0
85,user_0035,0
85,user_0006,0
85,user_0012,0
85,user_0024,0
85,user_0043,0
85,user_0013,0
85,user_0053,0
85,user_0033,0
85,user_0002,0
85,user_0045,0
85,user_0056,0
85,user_0051,0
85,user_0022,0
85,user_0046,0
85,user_0074,1
85,user_0096,1
85,user_0077,1
85,user_0087,1
85,user_0069,1
85,user_0094,1
85,user_0109,1
85,user_0073,1
85,user_0092,1
85,user_0086,1
85,user_0111,1
85,user_0081,1
85,user_0083,1
85,user_0088,1
85,user_0076,1
85,user_0102,1
85,user_0103,1
85,user_0079,1
85,user_0104,1
85,user_0091,1
85,user_0118,1
85,user_0116,1
85,user_0098,1
85,user_0072,1
85,user_0113,1
85,user_0075,1
85,user_0068,1
85,user_0117,1
85,user_0090,1
85,user_0093,1
85,user_0089,1
85,user_0115,1
85,user_0100,1
85,user_0107,1
85,user_0084,1
85,user_0110,1
85,user_0078,1
85,user_0114,1
85,user_0106,1
85,user_0080,1
85,user_0099,1
85,user_0071,1
85,user_0095,1
85,user_0070,1
85,user_0108,1
85,user_0105,1
85,user_0082,1
85,user_0119,1
85,user_0112,1
85,user_0085,1
85,user_0097,1
85,user_0101,1
85,user_0318,3
85,user_0047,3
85,user_0328,3
85,user_0306,3
85,user_0316,3
85,user_0302,3
85,user_0329,3
85,user_0312,3
85,user_0303,3
85,user_0305,3
85,user_0315,3
85,user_0313,3
85,user_0323,3
85,user_0326,3
85,user_0319,3
85,user_0304,3
85,user_0327,3
85,user_0309,3
85,user_0311,3
85,user_0324,3
85,user_0310,3
85,user_0322,3
85,user_0301,3
85,user_0317,3
85,user_0320,3
85,user_0300,3
85,user_0325,3
85,user_0307,3
85,user_0308,3
85,user_0321,3
85,user_0314,3
85,user_0032,6
85,user_0335,6
85,user_0349,6
85,user_0347,6
85,user_0340,6
85,user_0353,6
85,user_0357,6
85,user_0354,6
85,user_0330,6
85,user_0348,6
85,user_0332,6
85,user_0272,6
85,user_0229,6
85,user_0338,6
85,user_0341,6
85,user_0358,6
85,user_0346,6
85,user_0355,6
85,user_0345,6
85,user_0343,6
85,user_0334,6
85,user_0342,6
85,user_0350,6
85,user_0337,6
85,user_0339,6
85,user_0336,6
85,user_0359,6
85,user_0331,6
85,user_0333,6
85,user_0351,6
85,user_0352,6
86,user_0263,5
86,user_0274,5
86,user_0262,5
86,user_0194,5
86,user_0281,5
86,user_0187,5
86,user_0280,5
86,user_0181,5
86,user_0200,5
86,user_0265,5
86,user_0249,5
86,user_0228,5
86,user_0288,5
86,user_0272,5
86,user_0188,5
86,user_0255,5
86,user_0279,5
86,user_0252,5
86,user_0296,5
86,user_0216,5
86,user_0299,5
86,user_0190,5
86,user_0268,5
86,user_0206,5
86,user_0185,5
86,user_0273,5
86,user_0282,5
86,user_0270,5
86,user_0246,5
86,user_0236,5
86,user_0232,5
86,user_0266,5
86,user_0276,5
86,user_0245,5
86,user_0283,5
86,user_0250,5
86,user_0226,5
86,user_0294,5
86,user_0215,5
86,user_0253,5
86,user_0198,5
86,user_0184,5
86,user_0292,5
86,user_0193,5
86,user_0242,5
86,user_0214,5
86,user_0210,5
86,user_0199,5
86,user_0260,5
86,user_0264,5
86,user_0259,5
86,user_0201,5
86,user_0225,5
86,user_0298,5
86,user_0207,5
86,user_0221,5
86,user_0219,5
86,user_0209,5
86,user_0202,5
86,user_0275,5
86,user_0230,5
86,user_0278,5
86,user_0257,5
86,user_0247,5
86,user_0251,5
86,user_0222,5
86,user_0180,5
86,user_0291,5
86,user_0267,5
86,user_0223,5
86,user_0205,5
86,user_0213,5
86,user_0234,5
86,user_0189,5
86,user_0229,5
86,user_0287,5
86,user_0203,5
86,user_0224,5
86,user_0218,5
86,user_0220,5
86,user_0297,5
86,user_0269,5
86,user_0244,5
86,user_0241,5
86,user_0191,5
86,user_0197,5
86,user_0239,5
86,user_0192,5
86,user_0277,5
86,user_0233,5
86,user_0183,5
86,user_0211,5
86,user_0258,5
86,user_0295,5
86,user_0231,5
86,user_0208,5
86,user_0186,5
86,user_0248,5
86,user_0217,5
86,user_0243,5
86,user_0212,5
86,user_0237,5
86,user_0290,5
86,user_0261,5
86,user_0196,5
86,user_0285,5
86,user_0227,5
86,user_0195,5
86,user_0293,5
86,user_0240,5
86,user_0271,5
86,user_0204,5
86,user_0235,5
86,user_0182,5
86,user_0256,5
86,user_0284,5
86,user_0289,5
86,user_0238,5
86,user_0179,2
86,user_0141,2
86,user_0128,2
86,user_0162,2
86,user_0134,2
86,user_0177,2
86,user_0174,2
86,user_0157,2
86,user_0158,2
86,user_0176,2
86,user_0122,2
86,user_0147,2
86,user_0124,2
86,user_0168,2
86,user_0175,2
86,user_0145,2
86,user_0286,2
86,user_0164,2
86,user_0065,2
86,user_0172,2
86,user_0062,2
86,user_0129,2
86,user_0133,2
86,user_0150,2
86,user_0142,2
86,user_0153,2
86,user_0130,2
86,user_0169,2
86,user_0138,2
86,user_0120,2
86,user_0123,2
86,user_0136,2
86,user_0137,2
86,user_0178,2
86,user_0132,2
86,user_0171,2
86,user_0139,2
86,user_0121,2
86,user_0149,2
86,user_0155,2
86,user_0148,2
86,user_0151,2
86,user_0163,2
86,user_0152,2
86,user_0144,2
86,user_0064,2
86,user_0143,2
86,user_0159,2
86,user_0160,2
86,user_0131,2
86,user_0067,2
86,user_0146,2
86,user_0166,2
86,user_0170,2
86,user_0063,2
86,user_0165,2
86,user_0135,2
86,user_0126,2
86,user_0156,2
86,user_0125,2
86,user_0061,2
86,user_0060,2
86,user_0167,2
86,user_0154,2
86,user_0173,2
86,user_0127,2
86,user_0161,2
86,user_0066,2
86,user_0140,2
86,user_0018,0
86,user_0032,0
86,user_0010,0
86,user_0041,0
86,user_0030,0
86,user_0031,0
86,user_0059,0
86,user_0042,0
86,user_0003,0
86,user_0025,0
86,user_0054,0
86,user_0014,0
86,user_0023,0
86,user_0007,0
86,user_0039,0
86,user_0057,0
86,user_0021,0
86,user_0020,0
86,user_0001,0
86,user_0011,0
86,user_0034,0
86,user_0016,0
86,user_0017,0
86,user_0005,0
86,user_0040,0
86,user_0048,0
86,user_0008,0
86,user_0029,0
86,user_0046,0
86,user_0044,0
86,user_0028,0
86,user_0038,0
86,user_0019,0
86,user_0009,0
86,user_0055,0
86,user_0047,0
86,user_0050,0
86,user_0058,0
86,user_0036,0
86,user_0015,0
86,user_0254,0
86,user_0004,0
86,user_0052,0
86,user_0049,0
86,user_0026,0
86,user_0027,0
86,user_0035,0
86,user_0006,0
86,user_0012,0
86,user_0024,0
86,user_0043,0
86,user_0013,0
86,user_0033,0
86,user_0053,0
86,user_0002,0
86,user_0045,0
86,user_0037,0
86,user_0056,0
86,user_0051,0
86,user_0022,0
86,user_0000,0
86,user_0074,1
86,user_0096,1
86,user_0077,1
86,user_0087,1
86,user_0069,1
86,user_0094,1
86,user_0109,1
86,user_0073,1
86,user_0092,1
86,user_0086,1
86,user_0111,1
86,user_0081,1
86,user_0118,1
86,user_0083,1
86,user_0076,1
86,user_0102,1
86,user_0104,1
86,user_0103,1
86,user_0079,1
86,user_0088,1
86,user_0116,1
86,user_0098,1
86,user_0072,1
86,user_0113,1
86,user_0075,1
86,user_0117,1
86,user_0068,1
86,user_0090,1
86,user_0093,1
86,user_0089,1
86,user_0115,1
86,user_0100,1
86,user_0107,1
86,user_0114,1
86,user_0084,1
86,user_0110,1
86,user_0078,1
86,user_0106,1
86,user_0080,1
86,user_0099,1
86,user_0071,1
86,user_0095,1
86,user_0070,1
86,user_0082,1
86,user_0108,1
86,user_0105,1
86,user_0112,1
86,user_0119,1
86,user_0085,1
86,user_0097,1
86,user_0101,1
86,user_0335,6
86,user_0340,6
86,user_0347,6
86,user_0349,6
86,user_0353,6
86,user_0357,6
86,user_0091,6
86,user_0354,6
86,user_0330,6
86,user_0348,6
86,user_0332,6
86,user_0338,6
86,user_0341,6
86,user_0358,6
86,user_0346,6
86,user_0356,6
86,user_0355,6
86,user_0345,6
86,user_0350,6
86,user_0334,6
86,user_0342,6
86,user_0339,6
86,user_0337,6
86,user_0343,6
86,user_0336,6
86,user_0359,6
86,user_0331,6
86,user_0344,6
86,user_0333,6
86,user_0351,6
86,user_0352,6
86,user_0318,3
86,user_0328,3
86,user_0306,3
86,user_0316,3
86,user_0302,3
86,user_0329,3
86,user_0303,3
86,user_0312,3
86,user_0305,3
86,user_0315,3
86,user_0313,3
86,user_0326,3
86,user_0323,3
86,user_0319,3
86,user_0304,3
86,user_0327,3
86,user_0324,3
86,user_0309,3
86,user_0311,3
86,user_0310,3
86,user_0301,3
86,user_0317,3
86,user_0322,3
86,user_0320,3
86,user_0300,3
86,user_0325,3
86,user_0307,3
86,user_0308,3
86,user_0321,3
86,user_0314,3
87,user_0263,5
87,user_0274,5
87,user_0262,5
87,user_0194,5
87,user_0281,5
87,user_0187,5
87,user_0181,5
87,user_0200,5
87,user_0228,5
87,user_0249,5
87,user_0280,5
87,user_0265,5
87,user_0288,5
87,user_0272,5
87,user_0255,5
87,user_0188,5
87,user_0279,5
87,user_0252,5
87,user_0296,5
87,user_0216,5
87,user_0190,5
87,user_0268,5
87,user_0206,5
87,user_0185,5
87,user_0299,5
87,user_0273,5
87,user_0286,5
87,user_0282,5
87,user_0270,5
87,user_0236,5
87,user_0246,5
87,user_0232,5
87,user_0266,5
87,user_0276,5
87,user_0245,5
87,user_0215,5
87,user_0250,5
87,user_0294,5
87,user_0226,5
87,user_0253,5
87,user_0198,5
87,user_0184,5
87,user_0292,5
87,user_0193,5
87,user_0242,5
87,user_0214,5
87,user_0210,5
87,user_0199,5
87,user_0260,5
87,user_0264,5
87,user_0259,5
87,user_0201,5
87,user_0225,5
87,user_0298,5
87,user_0207,5
87,user_0209,5
87,user_0219,5
87,user_0202,5
87,user_0221,5
87,user_0278,5
87,user_0230,5
87,user_0257,5
87,user_0222,5
87,user_0247,5
87,user_0251,5
87,user_0275,5
87,user_0180,5
87,user_0291,5
87,user_0267,5
87,user_0223,5
87,user_0205,5
87,user_0213,5
87,user_0234,5
87,user_0189,5
87,user_0203,5
87,user_0229,5
87,user_0287,5
87,user_0224,5
87,user_0218,5
87,user_0220,5
87,user_0297,5
87,user_0269,5
87,user_0244,5
87,user_0241,5
87,user_0197,5
87,user_0191,5
87,user_0239,5
87,user_0192,5
87,user_0277,5
87,user_0233,5
87,user_0183,5
87,user_0211,5
87,user_0258,5
87,user_0295,5
87,user_0231,5
87,user_0208,5
87,user_0186,5
87,user_0248,5
87,user_0217,5
87,user_0243,5
87,user_0212,5
87,user_0237,5
87,user_0290,5
87,user_0254,5
87,user_0261,5
87,user_0196,5
87,user_0285,5
87,user_0240,5
87,user_0195,5
87,user_0293,5
87,user_0227,5
87,user_0271,5
87,user_0204,5
87,user_0235,5
87,user_0182,5
87,user_0256,5
87,user_0284,5
87,user_0289,5
87,user_0238,5
87,user_0179,2
87,user_0141,2
87,user_0128,2
87,user_0162,2
87,user_0134,2
87,user_0177,2
87,user_0174,2
87,user_0157,2
87,user_0158,2
87,user_0176,2
87,user_0122,2
87,user_0147,2
87,user_0124,2
87,user_0168,2
87,user_0175,2
87,user_0145,2
87,user_0164,2
87,user_0065,2
87,user_0172,2
87,user_0062,2
87,user_0129,2
87,user_0133,2
87,user_0150,2
87,user_0142,2
87,user_0153,2
87,user_0130,2
87,user_0169,2
87,user_0138,2
87,user_0136,2
87,user_0120,2
87,user_0123,2
87,user_0137,2
87,user_0178,2
87,user_0132,2
87,user_0171,2
87,user_0139,2
87,user_0121,2
87,user_0149,2
87,user_0155,2
87,user_0148,2
87,user_0151,2
87,user_0163,2
87,user_0152,2
87,user_0144,2
87,user_0064,2
87,user_0143,2
87,user_0159,2
87,user_0160,2
87,user_0131,2
87,user_0067,2
87,user_0146,2
87,user_0166,2
87,user_0170,2
87,user_0063,2
87,user_0165,2
87,user_0135,2
87,user_0126,2
87,user_0156,2
87,user_0125,2
87,user_0060,2
87,user_0061,2
87,user_0167,2
87,user_0154,2
87,user_0173,2
87,user_0127,2
87,user_0161,2
87,user_0066,2
87,user_0140,2
87,user_0018,0
87,user_0032,0
87,user_0010,0
87,user_0041,0
87,user_0030,0
87,user_0031,0
87,user_0059,0
87,user_0042,0
87,user_0003,0
87,user_0025,0
87,user_0054,0
87,user_0014,0
87,user_0023,0
87,user_0007,0
87,user_0039,0
87,user_0000,0
87,user_0057,0
87,user_0021,0
87,user_0020,0
87,user_0001,0
87,user_0011,0
87,user_0034,0
87,user_0017,0
87,user_0040,0
87,user_0016,0
87,user_0005,0
87,user_0048,0
87,user_0008,0
87,user_0029,0
87,user_0044,0
87,user_0028,0
87,user_0038,0
87,user_0009,0
87,user_0055,0
87,user_0019,0
87,user_0047,0
87,user_0050,0
87,user_0058,0
87,user_0036,0
87,user_0015,0
87,user_0052,0
87,user_0004,0
87,user_0049,0
87,user_0026,0
87,user_0027,0
87,user_0035,0
87,user_0006,0
87,user_0012,0
87,user_0024,0
87,user_0043,0
87,user_0013,0
87,user_0033,0
87,user_0053,0
87,user_0002,0
87,user_0045,0
87,user_0037,0
87,user_0056,0
87,user_0051,0
87,user_0022,0
87,user_0046,0
87,user_0074,1
87,user_0096,1
87,user_0077,1
87,user_0087,1
87,user_0069,1
87,user_0094,1
87,user_0109,1
87,user_0073,1
87,user_0092,1
87,user_0086,1
87,user_0076,1
87,user_0088,1
87,user_0083,1
87,user_0118,1
87,user_0081,1
87,user_0111,1
87,user_0079,1
87,user_0103,1
87,user_0104,1
87,user_0102,1
87,user_0091,1
87,user_0116,1
87,user_0098,1
87,user_0072,1
87,user_0283,1
87,user_0113,1
87,user_0075,1
87,user_0068,1
87,user_0117,1
87,user_0090,1
87,user_0093,1
87,user_0089,1
87,user_0115,1
87,user_0100,1
87,user_0114,1
87,user_0110,1
87,user_0107,1
87,user_0084,1
87,user_0078,1
87,user_0106,1
87,user_0080,1
87,user_0099,1
87,user_0071,1
87,user_0095,1
87,user_0108,1
87,user_0082,1
87,user_0105,1
87,user_0070,1
87,user_0119,1
87,user_0112,1
87,user_0085,1
87,user_0097,1
87,user_0101,1
87,user_0318,3
87,user_0328,3
87,user_0306,3
87,user_0316,3
87,user_0302,3
87,user_0329,3
87,user_0312,3
87,user_0303,3
87,user_0305,3
87,user_0315,3
87,user_0313,3
87,user_0323,3
87,user_0326,3
87,user_0319,3
87,user_0304,3
87,user_0327,3
87,user_0309,3
87,user_0311,3
87,user_0322,3
87,user_0310,3
87,user_0301,3
87,user_0317,3
87,user_0324,3
87,user_0320,3
87,user_0300,3
87,user_0325,3
87,user_0307,3
87,user_0308,3
87,user_0321,3
87,user_0314,3
87,user_0335,6
87,user_0349,6
87,user_0347,6
87,user_0340,6
87,user_0353,6
87,user_0357,6
87,user_0354,6
87,user_0330,6
87,user_0348,6
87,user_0332,6
87,user_0338,6
87,user_0341,6
87,user_0358,6
87,user_0346,6
87,user_0356,6
87,user_0355,6
87,user_0345,6
87,user_0343,6
87,user_0350,6
87,user_0342,6
87,user_0331,6
87,user_0339,6
87,user_0337,6
87,user_0336,6
87,user_0359,6
87,user_0334,6
87,user_0344,6
87,user_0333,6
87,user_0351,6
87,user_0352,6
88,user_0263,5
88,user_0274,5
88,user_0187,5
88,user_0281,5
88,user_0194,5
88,user_0280,5
88,user_0249,5
88,user_0228,5
88,user_0265,5
88,user_0200,5
88,user_0181,5
88,user_0288,5
88,user_0272,5
88,user_0188,5
88,user_0255,5
88,user_0279,5
88,user_0073,5
88,user_0252,5
88,user_0296,5
88,user_0216,5
88,user_0299,5
88,user_0268,5
88,user_0190,5
88,user_0185,5
88,user_0206,5
88,user_0273,5
88,user_0286,5
88,user_0270,5
88,user_0282,5
88,user_0246,5
88,user_0236,5
88,user_0232,5
88,user_0266,5
88,user_0276,5
88,user_0283,5
88,user_0245,5
88,user_0250,5
88,user_0226,5
88,user_0294,5
88,user_0215,5
88,user_0253,5
88,user_0198,5
88,user_0184,5
88,user_0292,5
88,user_0193,5
88,user_0214,5
88,user_0199,5
88,user_0210,5
88,user_0260,5
88,user_0259,5
88,user_0264,5
88,user_0201,5
88,user_0225,5
88,user_0298,5
88,user_0207,5
88,user_0221,5
88,user_0209,5
88,user_0202,5
88,user_0219,5
88,user_0278,5
88,user_0275,5
88,user_0230,5
88,user_0251,5
88,user_0222,5
88,user_0257,5
88,user_0247,5
88,user_0180,5
88,user_0291,5
88,user_0267,5
88,user_0213,5
88,user_0223,5
88,user_0205,5
88,user_0234,5
88,user_0189,5
88,user_0229,5
88,user_0287,5
88,user_0203,5
88,user_0224,5
88,user_0218,5
88,user_0220,5
88,user_0297,5
88,user_0269,5
88,user_0244,5
88,user_0241,5
88,user_0191,5
88,user_0197,5
88,user_0239,5
88,user_0192,5
88,user_0277,5
88,user_0233,5
88,user_0091,5
88,user_0211,5
88,user_0258,5
88,user_0295,5
88,user_0231,5
88,user_0186,5
88,user_0208,5
88,user_0248,5
88,user_0217,5
88,user_0243,5
88,user_0212,5
88,user_0237,5
88,user_0254,5
88,user_0290,5
88,user_0110,5
88,user_0261,5
88,user_0196,5
88,user_0285,5
88,user_0240,5
88,user_0195,5
88,user_0227,5
88,user_0271,5
88,user_0204,5
88,user_0235,5
88,user_0182,5
88,user_0256,5
88,user_0284,5
88,user_0289,5
88,user_0238,5
88,user_0179,2
88,user_0141,2
88,user_0128,2
88,user_0162,2
88,user_0134,2
88,user_0177,2
88,user_0174,2
88,user_0157,2
88,user_0158,2
88,user_0176,2
88,user_0122,2
88,user_0147,2
88,user_0124,2
88,user_0168,2
88,user_0175,2
88,user_0145,2
88,user_0164,2
88,user_0065,2
88,user_0172,2
88,user_0062,2
88,user_0129,2
88,user_0133,2
88,user_0150,2
88,user_0142,2
88,user_0153,2
88,user_0130,2
88,user_0169,2
88,user_0123,2
88,user_0138,2
88,user_0136,2
88,user_0120,2
88,user_0137,2
88,user_0178,2
88,user_0132,2
88,user_0171,2
88,user_0139,2
88,user_0121,2
88,user_0149,2
88,user_0155,2
88,user_0148,2
88,user_0151,2
88,user_0163,2
88,user_0152,2
88,user_0064,2
88,user_0144,2
88,user_0143,2
88,user_0159,2
88,user_0160,2
88,user_0131,2
88,user_0067,2
88,user_0146,2
88,user_0166,2
88,user_0170,2
88,user_0063,2
88,user_0165,2
88,user_0135,2
88,user_0126,2
88,user_0156,2
88,user_0125,2
88,user_0293,2
88,user_0167,2
88,user_0060,2
88,user_0061,2
88,user_0154,2
88,user_0173,2
88,user_0127,2
88,user_0161,2
88,user_0066,2
88,user_0140,2
88,user_0018,0
88,user_0032,0
88,user_0010,0
88,user_0041,0
88,user_0030,0
88,user_0031,0
88,user_0059,0
88,user_0042,0
88,user_0003,0
88,user_0025,0
88,user_0054,0
88,user_0014,0
88,user_0007,0
88,user_0023,0
88,user_0039,0
88,user_0057,0
88,user_0021,0
88,user_0020,0
88,user_0001,0
88,user_0011,0
88,user_0034,0
88,user_0016,0
88,user_0017,0
88,user_0005,0
88,user_0040,0
88,user_0048,0
88,user_0008,0
88,user_0029,0
88,user_0046,0
88,user_0044,0
88,user_0028,0
88,user_0038,0
88,user_0019,0
88,user_0009,0
88,user_0055,0
88,user_0047,0
88,user_0050,0
88,user_0058,0
88,user_0036,0
88,user_0015,0
88,user_0037,0
88,user_0004,0
88,user_0052,0
88,user_0049,0
88,user_0026,0
88,user_0027,0
88,user_0035,0
88,user_0012,0
88,user_0006,0
88,user_0024,0
88,user_0043,0
88,user_0013,0
88,user_0053,0
88,user_0033,0
88,user_0002,0
88,user_0045,0
88,user_0056,0
88,user_0051,0
88,user_0022,0
88,user_0000,0
88,user_0074,1
88,user_0096,1
88,user_0077,1
88,user_0087,1
88,user_0069,1
88,user_0094,1
88,user_0109,1
88,user_0092,1
88,user_0086,1
88,user_0111,1
88,user_0081,1
88,user_0083,1
88,user_0088,1
88,user_0076,1
88,user_0102,1
88,user_0079,1
88,user_0118,1
88,user_0104,1
88,user_0116,1
88,user_0098,1
88,user_0072,1
88,user_0113,1
88,user_0075,1
88,user_0068,1
88,user_0090,1
88,user_0117,1
88,user_0093,1
88,user_0089,1
88,user_0115,1
88,user_0100,1
88,user_0114,1
88,user_0084,1
88,user_0107,1
88,user_0078,1
88,user_0106,1
88,user_0080,1
88,user_0099,1
88,user_0071,1
88,user_0095,1
88,user_0108,1
88,user_0105,1
88,user_0070,1
88,user_0082,1
88,user_0112,1
88,user_0119,1
88,user_0085,1
88,user_0097,1
88,user_0101,1
88,user_0335,6
88,user_0262,6
88,user_0349,6
88,user_0340,6
88,user_0330,6
88,user_0332,6
88,user_0338,6
88,user_0358,6
88,user_0355,6
88,user_0345,6
88,user_0343,6
88,user_0350,6
88,user_0342,6
88,user_0339,6
88,user_0336,6
88,user_0359,6
88,user_0183,6
88,user_0344,6
88,user_0351,6
88,user_0352,6
88,user_0347,6
88,user_0353,6
88,user_0357,6
88,user_0354,6
88,user_0348,6
88,user_0341,6
88,user_0346,6
88,user_0356,6
88,user_0334,6
88,user_0337,6
88,user_0331,6
88,user_0333,6
88,user_0306,3
88,user_0316,3
88,user_0302,3
88,user_0329,3
88,user_0312,3
88,user_0315,3
88,user_0313,3
88,user_0323,3
88,user_0319,3
88,user_0304,3
88,user_0327,3
88,user_0311,3
88,user_0310,3
88,user_0300,3
88,user_0103,3
88,user_0325,3
88,user_0307,3
88,user_0321,3
88,user_0318,3
88,user_0328,3
88,user_0303,3
88,user_0305,3
88,user_0242,3
88,user_0326,3
88,user_0324,3
88,user_0309,3
88,user_0322,3
88,user_0301,3
88,user_0317,3
88,user_0320,3
88,user_0308,3
88,user_0314,3
89,user_0263,5
89,user_0274,5
89,user_0262,5
89,user_0194,5
89,user_0281,5
89,user_0187,5
89,user_0249,5
89,user_0181,5
89,user_0228,5
89,user_0200,5
89,user_0265,5
89,user_0280,5
89,user_0288,5
89,user_0272,5
89,user_0255,5
89,user_0188,5
89,user_0279,5
89,user_0252,5
89,user_0296,5
89,user_0216,5
89,user_0190,5
89,user_0299,5
89,user_0185,5
89,user_0206,5
89,user_0273,5
89,user_0282,5
89,user_0270,5
89,user_0246,5
89,user_0236,5
89,user_0286,5
89,user_0232,5
89,user_0266,5
89,user_0276,5
89,user_0245,5
89,user_0283,5
89,user_0215,5
89,user_0226,5
89,user_0294,5
89,user_0250,5
89,user_0253,5
89,user_0198,5
89,user_0184,5
89,user_0292,5
89,user_0193,5
89,user_0242,5
89,user_0214,5
89,user_0199,5
89,user_0210,5
89,user_0260,5
89,user_0264,5
89,user_0259,5
89,user_0201,5
89,user_0225,5
89,user_0298,5
89,user_0207,5
89,user_0209,5
89,user_0219,5
89,user_0202,5
89,user_0221,5
89,user_0275,5
89,user_0230,5
89,user_0257,5
89,user_0222,5
89,user_0247,5
89,user_0251,5
89,user_0278,5
89,user_0180,5
89,user_0291,5
89,user_0267,5
89,user_0213,5
89,user_0205,5
89,user_0223,5
89,user_0234,5
89,user_0189,5
89,user_0287,5
89,user_0203,5
89,user_0229,5
89,user_0224,5
89,user_0218,5
89,user_0220,5
89,user_0297,5
89,user_0244,5
89,user_0269,5
89,user_0241,5
89,user_0191,5
89,user_0197,5
89,user_0239,5
89,user_0192,5
89,user_0277,5
89,user_0183,5
89,user_0233,5
89,user_0211,5
89,user_0258,5
89,user_0295,5
89,user_0186,5
89,user_0208,5
89,user_0231,5
89,user_0248,5
89,user_0217,5
89,user_0243,5
89,user_0212,5
89,user_0237,5
89,user_0290,5
89,user_0254,5
89,user_0110,5
89,user_0261,5
89,user_0196,5
89,user_0285,5
89,user_0227,5
89,user_0195,5
89,user_0240,5
89,user_0271,5
89,user_0204,5
89,user_0235,5
89,user_0182,5
89,user_0256,5
89,user_0284,5
89,user_0289,5
89,user_0238,5
89,user_0179,2
89,user_0141,2
89,user_0128,2
89,user_0162,2
89,user_0134,2
89,user_0177,2
89,user_0174,2
89,user_0157,2
89,user_0158,2
89,user_0176,2
89,user_0122,2
89,user_0147,2
89,user_0124,2
89,user_0168,2
89,user_0175,2
89,user_0145,2
89,user_0164,2
89,user_0065,2
89,user_0172,2
89,user_0062,2
89,user_0129,2
89,user_0133,2
89,user_0150,2
89,user_0142,2
89,user_0153,2
89,user_0130,2
89,user_0169,2
89,user_0138,2
89,user_0136,2
89,user_0120,2
89,user_0123,2
89,user_0137,2
89,user_0178,2
89,user_0132,2
89,user_0171,2
89,user_0139,2
89,user_0121,2
89,user_0149,2
89,user_0155,2
89,user_0148,2
89,user_0151,2
89,user_0163,2
89,user_0152,2
89,user_0144,2
89,user_0064,2
89,user_0143,2
89,user_0159,2
89,user_0160,2
89,user_0131,2
89,user_0067,2
89,user_0146,2
89,user_0166,2
89,user_0170,2
89,user_0063,2
89,user_0165,2
89,user_0135,2
89,user_0126,2
89,user_0156,2
89,user_0125,2
89,user_0293,2
89,user_0061,2
89,user_0060,2
89,user_0167,2
89,user_0154,2
89,user_0173,2
89,user_0127,2
89,user_0161,2
89,user_0066,2
89,user_0140,2
89,user_0018,0
89,user_0032,0
89,user_0010,0
89,user_0041,0
89,user_0030,0
89,user_0031,0
89,user_0059,0
89,user_0042,0
89,user_0003,0
89,user_0025,0
89,user_0054,0
89,user_0014,0
89,user_0023,0
89,user_0007,0
89,user_0039,0
89,user_0000,0
89,user_0057,0
89,user_0021,0
89,user_0020,0
89,user_0001,0
89,user_0011,0
89,user_0034,0
89,user_0017,0
89,user_0040,0
89,user_0016,0
89,user_0005,0
89,user_0048,0
89,user_0008,0
89,user_0029,0
89,user_0044,0
89,user_0028,0
89,user_0038,0
89,user_0019,0
89,user_0055,0
89,user_0009,0
89,user_0047,0
89,user_0050,0
89,user_0058,0
89,user_0036,0
89,user_0015,0
89,user_0037,0
89,user_0052,0
89,user_0004,0
89,user_0049,0
89,user_0026,0
89,user_0027,0
89,user_0035,0
89,user_0012,0
89,user_0006,0
89,user_0024,0
89,user_0043,0
89,user_0013,0
89,user_0033,0
89,user_0053,0
89,user_0002,0
89,user_0045,0
89,user_0056,0
89,user_0051,0
89,user_0022,0
89,user_0046,0
89,user_0074,1
89,user_0096,1
89,user_0077,1
89,user_0087,1
89,user_0069,1
89,user_0094,1
89,user_0073,1
89,user_0092,1
89,user_0086,1
89,user_0268,1
89,user_0076,1
89,user_0081,1
89,user_0118,1
89,user_0083,1
89,user_0088,1
89,user_0102,1
89,user_0104,1
89,user_0079,1
89,user_0103,1
89,user_0091,1
89,user_0116,1
89,user_0098,1
89,user_0072,1
89,user_0113,1
89,user_0075,1
89,user_0117,1
89,user_0090,1
89,user_0068,1
89,user_0093,1
89,user_0111,1
89,user_0089,1
89,user_0115,1
89,user_0100,1
89,user_0114,1
89,user_0078,1
89,user_0084,1
89,user_0107,1
89,user_0106,1
89,user_0080,1
89,user_0099,1
89,user_0071,1
89,user_0095,1
89,user_0070,1
89,user_0082,1
89,user_0105,1
89,user_0108,1
89,user_0112,1
89,user_0119,1
89,user_0085,1
89,user_0097,1
89,user_0101,1
89,user_0318,3
89,user_0328,3
89,user_0306,3
89,user_0316,3
89,user_0302,3
89,user_0329,3
89,user_0312,3
89,user_0303,3
89,user_0305,3
89,user_0315,3
89,user_0313,3
89,user_0323,3
89,user_0326,3
89,user_0319,3
89,user_0304,3
89,user_0327,3
89,user_0324,3
89,user_0311,3
89,user_0309,3
89,user_0310,3
89,user_0322,3
89,user_0301,3
89,user_0317,3
89,user_0320,3
89,user_0300,3
89,user_0325,3
89,user_0307,3
89,user_0308,3
89,user_0321,3
89,user_0314,3
89,user_0335,6
89,user_0349,6
89,user_0340,6
89,user_0347,6
89,user_0353,6
89,user_0357,6
89,user_0354,6
89,user_0330,6
89,user_0348,6
89,user_0332,6
89,user_0338,6
89,user_0341,6
89,user_0358,6
89,user_0346,6
89,user_0356,6
89,user_0355,6
89,user_0345,6
89,user_0350,6
89,user_0343,6
89,user_0342,6
89,user_0339,6
89,user_0337,6
89,user_0334,6
89,user_0336,6
89,user_0359,6
89,user_0331,6
89,user_0344,6
89,user_0333,6
89,user_0351,6
89,user_0352,6
90,user_0263,5
90,user_0274,5
90,user_0262,5
90,user_0187,5
90,user_0281,5
90,user_0194,5
90,user_0249,5
90,user_0200,5
90,user_0280,5
90,user_0181,5
90,user_0265,5
90,user_0228,5
90,user_0288,5
90,user_0272,5
90,user_0255,5
90,user_0188,5
90,user_0279,5
90,user_0252,5
90,user_0296,5
90,user_0216,5
90,user_0190,5
90,user_0299,5
90,user_0185,5
90,user_0206,5
90,user_0273,5
90,user_0282,5
90,user_0286,5
90,user_0270,5
90,user_0236,5
90,user_0246,5
90,user_0232,5
90,user_0266,5
90,user_0276,5
90,user_0283,5
90,user_0245,5
90,user_0250,5
90,user_0226,5
90,user_0294,5
90,user_0253,5
90,user_0198,5
90,user_0184,5
90,user_0292,5
90,user_0193,5
90,user_0242,5
90,user_0214,5
90,user_0199,5
90,user_0210,5
90,user_0260,5
90,user_0259,5
90,user_0264,5
90,user_0201,5
90,user_0225,5
90,user_0298,5
90,user_0207,5
90,user_0209,5
90,user_0219,5
90,user_0221,5
90,user_0202,5
90,user_0275,5
90,user_0230,5
90,user_0251,5
90,user_0278,5
90,user_0247,5
90,user_0257,5
90,user_0222,5
90,user_0180,5
90,user_0291,5
90,user_0267,5
90,user_0213,5
90,user_0223,5
90,user_0205,5
90,user_0234,5
90,user_0189,5
90,user_0203,5
90,user_0287,5
90,user_0229,5
90,user_0224,5
90,user_0218,5
90,user_0220,5
90,user_0297,5
90,user_0269,5
90,user_0244,5
90,user_0241,5
90,user_0197,5
90,user_0191,5
90,user_0239,5
90,user_0192,5
90,user_0277,5
90,user_0183,5
90,user_0233,5
90,user_0211,5
90,user_0258,5
90,user_0295,5
90,user_0186,5
90,user_0231,5
90,user_0208,5
90,user_0248,5
90,user_0217,5
90,user_0243,5
90,user_0212,5
90,user_0237,5
90,user_0254,5
90,user_0290,5
90,user_0261,5
90,user_0196,5
90,user_0285,5
90,user_0227,5
90,user_0195,5
90,user_0293,5
90,user_0240,5
90,user_0271,5
90,user_0204,5
90,user_0235,5
90,user_0182,5
90,user_0256,5
90,user_0284,5
90,user_0289,5
90,user_0238,5
90,user_0179,2
90,user_0141,2
90,user_0128,2
90,user_0162,2
90,user_0134,2
90,user_0177,2
90,user_0174,2
90,user_0157,2
90,user_0158,2
90,user_0176,2
90,user_0147,2
90,user_0122,2
90,user_0124,2
90,user_0168,2
90,user_0175,2
90,user_0145,2
90,user_0164,2
90,user_0065,2
90,user_0172,2
90,user_0062,2
90,user_0129,2
90,user_0133,2
90,user_0150,2
90,user_0142,2
90,user_0153,2
90,user_0130,2
90,user_0169,2
90,user_0123,2
90,user_0120,2
90,user_0136,2
90,user_0138,2
90,user_0137,2
90,user_0178,2
90,user_0132,2
90,user_0171,2
90,user_0139,2
90,user_0121,2
90,user_0149,2
90,user_0155,2
90,user_0148,2
90,user_0151,2
90,user_0163,2
90,user_0152,2
90,user_0064,2
90,user_0144,2
90,user_0143,2
90,user_0159,2
90,user_0160,2
90,user_0131,2
90,user_0067,2
90,user_0146,2
90,user_0166,2
90,user_0170,2
90,user_0063,2
90,user_0165,2
90,user_0135,2
90,user_0126,2
90,user_0156,2
90,user_0125,2
90,user_0060,2
90,user_0061,2
90,user_0167,2
90,user_0154,2
90,user_0173,2
90,user_0127,2
90,user_0161,2
90,user_0066,2
90,user_0140,2
90,user_0018,0
90,user_0032,0
90,user_0010,0
90,user_0041,0
90,user_0030,0
90,user_0031,0
90,user_0059,0
90,user_0042,0
90,user_0003,0
90,user_0025,0
90,user_0054,0
90,user_0014,0
90,user_0023,0
90,user_0007,0
90,user_0039,0
90,user_0057,0
90,user_0000,0
90,user_0021,0
90,user_0020,0
90,user_0001,0
90,user_0011,0
90,user_0034,0
90,user_0016,0
90,user_0017,0
90,user_0005,0
90,user_0040,0
90,user_0048,0
90,user_0008,0
90,user_0029,0
90,user_0046,0
90,user_0044,0
90,user_0038,0
90,user_0009,0
90,user_0055,0
90,user_0019,0
90,user_0047,0
90,user_0050,0
90,user_0058,0
90,user_0036,0
90,user_0015,0
90,user_0052,0
90,user_0004,0
90,user_0049,0
90,user_0026,0
90,user_0027,0
90,user_0035,0
90,user_0012,0
90,user_0006,0
90,user_0024,0
90,user_0043,0
90,user_0033,0
90,user_0053,0
90,user_0013,0
90,user_0045,0
90,user_0002,0
90,user_0037,0
90,user_0056,0
90,user_0051,0
90,user_0022,0
90,user_0028,0
90,user_0074,1
90,user_0096,1
90,user_0077,1
90,user_0087,1
90,user_0069,1
90,user_0094,1
90,user_0109,1
90,user_0073,1
90,user_0092,1
90,user_0086,1
90,user_0111,1
90,user_0076,1
90,user_0081,1
90,user_0118,1
90,user_0088,1
90,user_0083,1
90,user_0104,1
90,user_0102,1
90,user_0079,1
90,user_0103,1
90,user_0091,1
90,user_0116,1
90,user_0098,1
90,user_0072,1
90,user_0215,1
90,user_0113,1
90,user_0075,1
90,user_0068,1
90,user_0117,1
90,user_0090,1
90,user_0093,1
90,user_0089,1
90,user_0115,1
90,user_0100,1
90,user_0107,1
90,user_0110,1
90,user_0084,1
90,user_0114,1
90,user_0078,1
90,user_0106,1
90,user_0080,1
90,user_0099,1
90,user_0071,1
90,user_0095,1
90,user_0070,1
90,user_0108,1
90,user_0082,1
90,user_0112,1
90,user_0085,1
90,user_0097,1
90,user_0101,1
90,user_0306,3
90,user_0316,3
90,user_0302,3
90,user_0329,3
90,user_0312,3
90,user_0315,3
90,user_0313,3
90,user_0323,3
90,user_0319,3
90,user_0304,3
90,user_0327,3
90,user_0311,3
90,user_0310,3
90,user_0268,3
90,user_0300,3
90,user_0325,3
90,user_0307,3
90,user_0321,3
90,user_0318,3
90,user_0328,3
90,user_0303,3
90,user_0305,3
90,user_0326,3
90,user_0309,3
90,user_0324,3
90,user_0322,3
90,user_0105,3
90,user_0301,3
90,user_0317,3
90,user_0320,3
90,user_0308,3
90,user_0314,3
90,user_0335,6
90,user_0349,6
90,user_0347,6
90,user_0340,6
90,user_0353,6
90,user_0357,6
90,user_0354,6
90,user_0330,6
90,user_0348,6
90,user_0332,6
90,user_0338,6
90,user_0341,6
90,user_0358,6
90,user_0346,6
90,user_0356,6
90,user_0355,6
90,user_0345,6
90,user_0350,6
90,user_0343,6
90,user_0342,6
90,user_0339,6
90,user_0337,6
90,user_0334,6
90,user_0336,6
90,user_0359,6
90,user_0331,6
90,user_0344,6
90,user_0333,6
90,user_0351,6
90,user_0352,6
91,user_0263,5
91,user_0274,5
91,user_0262,5
91,user_0194,5
91,user_0187,5
91,user_0281,5
91,user_0181,5
91,user_0280,5
91,user_0228,5
91,user_0265,5
91,user_0249,5
91,user_0200,5
91,user_0288,5
91,user_0272,5
91,user_0255,5
91,user_0188,5
91,user_0279,5
91,user_0252,5
91,user_0296,5
91,user_0216,5
91,user_0190,5
91,user_0268,5
91,user_0185,5
91,user_0299,5
91,user_0206,5
91,user_0286,5
91,user_0282,5
91,user_0270,5
91,user_0273,5
91,user_0236,5
91,user_0246,5
91,user_0232,5
91,user_0266,5
91,user_0276,5
91,user_0283,5
91,user_0245,5
91,user_0215,5
91,user_0226,5
91,user_0250,5
91,user_0294,5
91,user_0253,5
91,user_0198,5
91,user_0184,5
91,user_0292,5
91,user_0193,5
91,user_0242,5
91,user_0214,5
91,user_0199,5
91,user_0210,5
91,user_0259,5
91,user_0264,5
91,user_0260,5
91,user_0201,5
91,user_0225,5
91,user_0298,5
91,user_0207,5
91,user_0209,5
91,user_0219,5
91,user_0202,5
91,user_0221,5
91,user_0275,5
91,user_0278,5
91,user_0222,5
91,user_0251,5
91,user_0247,5
91,user_0257,5
91,user_0230,5
91,user_0180,5
91,user_0291,5
91,user_0267,5
91,user_0213,5
91,user_0223,5
91,user_0205,5
91,user_0234,5
91,user_0189,5
91,user_0238,5
91,user_0203,5
91,user_0229,5
91,user_0287,5
91,user_0224,5
91,user_0218,5
91,user_0220,5
91,user_0297,5
91,user_0269,5
91,user_0244,5
91,user_0241,5
91,user_0197,5
91,user_0191,5
91,user_0239,5
91,user_0192,5
91,user_0277,5
91,user_0233,5
91,user_0183,5
91,user_0211,5
91,user_0258,5
91,user_0295,5
91,user_0231,5
91,user_0208,5
91,user_0186,5
91,user_0248,5
91,user_0217,5
91,user_0243,5
91,user_0212,5
91,user_0237,5
91,user_0254,5
91,user_0290,5
91,user_0261,5
91,user_0196,5
91,user_0285,5
91,user_0240,5
91,user_0195,5
91,user_0227,5
91,user_0293,5
91,user_0271,5
91,user_0204,5
91,user_0235,5
91,user_0182,5
91,user_0256,5
91,user_0284,5
91,user_0289,5
91,user_0101,5
91,user_0179,2
91,user_0141,2
91,user_0128,2
91,user_0162,2
91,user_0134,2
91,user_0177,2
91,user_0174,2
91,user_0157,2
91,user_0158,2
91,user_0176,2
91,user_0122,2
91,user_0147,2
91,user_0124,2
91,user_0168,2
91,user_0175,2
91,user_0145,2
91,user_0164,2
91,user_0065,2
91,user_0172,2
91,user_0062,2
91,user_0129,2
91,user_0133,2
91,user_0150,2
91,user_0142,2
91,user_0153,2
91,user_0130,2
91,user_0169,2
91,user_0138,2
91,user_0120,2
91,user_0136,2
91,user_0123,2
91,user_0137,2
91,user_0178,2
91,user_0132,2
91,user_0171,2
91,user_0139,2
91,user_0121,2
91,user_0149,2
91,user_0155,2
91,user_0148,2
91,user_0151,2
91,user_0163,2
91,user_0152,2
91,user_0064,2
91,user_0144,2
91,user_0143,2
91,user_0159,2
91,user_0160,2
91,user_0131,2
91,user_0067,2
91,user_0146,2
91,user_0166,2
91,user_0170,2
91,user_0063,2
91,user_0165,2
91,user_0135,2
91,user_0126,2
91,user_0156,2
91,user_0125,2
91,user_0060,2
91,user_0167,2
91,user_0061,2
91,user_0154,2
91,user_0173,2
91,user_0127,2
91,user_0161,2
91,user_0066,2
91,user_0140,2
91,user_0018,0
91,user_0032,0
91,user_0010,0
91,user_0041,0
91,user_0030,0
91,user_0031,0
91,user_0059,0
91,user_0042,0
91,user_0003,0
91,user_0025,0
91,user_0054,0
91,user_0014,0
91,user_0023,0
91,user_0007,0
91,user_0039,0
91,user_0057,0
91,user_0000,0
91,user_0021,0
91,user_0020,0
91,user_0001,0
91,user_0011,0
91,user_0034,0
91,user_0017,0
91,user_0040,0
91,user_0005,0
91,user_0016,0
91,user_0048,0
91,user_0008,0
91,user_0029,0
91,user_0044,0
91,user_0028,0
91,user_0038,0
91,user_0019,0
91,user_0055,0
91,user_0009,0
91,user_0047,0
91,user_0050,0
91,user_0058,0
91,user_0036,0
91,user_0015,0
91,user_0037,0
91,user_0004,0
91,user_0052,0
91,user_0049,0
91,user_0026,0
91,user_0027,0
91,user_0035,0
91,user_0012,0
91,user_0006,0
91,user_0024,0
91,user_0043,0
91,user_0013,0
91,user_0033,0
91,user_0053,0
91,user_0002,0
91,user_0045,0
91,user_0056,0
91,user_0051,0
91,user_0022,0
91,user_0046,0
91,user_0074,1
91,user_0096,1
91,user_0077,1
91,user_0087,1
91,user_0069,1
91,user_0094,1
91,user_0109,1
91,user_0073,1
91,user_0092,1
91,user_0086,1
91,user_0076,1
91,user_0081,1
91,user_0118,1
91,user_0083,1
91,user_0111,1
91,user_0088,1
91,user_0079,1
91,user_0104,1
91,user_0102,1
91,user_0091,1
91,user_0103,1
91,user_0116,1
91,user_0098,1
91,user_0072,1
91,user_0113,1
91,user_0075,1
91,user_0068,1
91,user_0117,1
91,user_0090,1
91,user_0093,1
91,user_0089,1
91,user_0115,1
91,user_0100,1
91,user_0107,1
91,user_0078,1
91,user_0110,1
91,user_0114,1
91,user_0084,1
91,user_0106,1
91,user_0080,1
91,user_0099,1
91,user_0071,1
91,user_0095,1
91,user_0070,1
91,user_0082,1
91,user_0108,1
91,user_0119,1
91,user_0112,1
91,user_0085,1
91,user_0097,1
91,user_0318,3
91,user_0328,3
91,user_0306,3
91,user_0316,3
91,user_0302,3
91,user_0329,3
91,user_0303,3
91,user_0312,3
91,user_0305,3
91,user_0315,3
91,user_0313,3
91,user_0326,3
91,user_0323,3
91,user_0319,3
91,user_0304,3
91,user_0327,3
91,user_0309,3
91,user_0311,3
91,user_0322,3
91,user_0310,3
91,user_0301,3
91,user_0317,3
91,user_0324,3
91,user_0320,3
91,user_0300,3
91,user_0105,3
91,user_0325,3
91,user_0307,3
91,user_0308,3
91,user_0321,3
91,user_0314,3
91,user_0335,6
91,user_0340,6
91,user_0347,6
91,user_0349,6
91,user_0353,6
91,user_0357,6
91,user_0354,6
91,user_0330,6
91,user_0348,6
91,user_0332,6
91,user_0338,6
91,user_0341,6
91,user_0358,6
91,user_0346,6
91,user_0356,6
91,user_0355,6
91,user_0345,6
91,user_0350,6
91,user_0334,6
91,user_0343,6
91,user_0339,6
91,user_0337,6
91,user_0342,6
91,user_0336,6
91,user_0359,6
91,user_0331,6
91,user_0344,6
91,user_0333,6
91,user_0351,6
91,user_0352,6
92,user_0263,5
92,user_0274,5
92,user_0262,5
92,user_0187,5
92,user_0194,5
92,user_0281,5
92,user_0249,5
92,user_0200,5
92,user_0228,5
92,user_0265,5
92,user_0181,5
92,user_0280,5
92,user_0288,5
92,user_0272,5
92,user_0255,5
92,user_0188,5
92,user_0279,5
92,user_0252,5
92,user_0296,5
92,user_0216,5
92,user_0190,5
92,user_0299,5
92,user_0185,5
92,user_0206,5
92,user_0268,5
92,user_0273,5
92,user_0286,5
92,user_0270,5
92,user_0246,5
92,user_0282,5
92,user_0236,5
92,user_0232,5
92,user_0266,5
92,user_0276,5
92,user_0245,5
92,user_0283,5
92,user_0250,5
92,user_0294,5
92,user_0215,5
92,user_0226,5
92,user_0253,5
92,user_0198,5
92,user_0184,5
92,user_0292,5
92,user_0193,5
92,user_0242,5
92,user_0214,5
92,user_0210,5
92,user_0199,5
92,user_0259,5
92,user_0264,5
92,user_0260,5
92,user_0201,5
92,user_0225,5
92,user_0298,5
92,user_0207,5
92,user_0221,5
92,user_0219,5
92,user_0209,5
92,user_0202,5
92,user_0278,5
92,user_0257,5
92,user_0230,5
92,user_0251,5
92,user_0247,5
92,user_0275,5
92,user_0222,5
92,user_0180,5
92,user_0291,5
92,user_0267,5
92,user_0223,5
92,user_0205,5
92,user_0213,5
92,user_0234,5
92,user_0189,5
92,user_0203,5
92,user_0287,5
92,user_0229,5
92,user_0224,5
92,user_0218,5
92,user_0220,5
92,user_0297,5
92,user_0244,5
92,user_0269,5
92,user_0241,5
92,user_0191,5
92,user_0197,5
92,user_0239,5
92,user_0192,5
92,user_0277,5
92,user_0183,5
92,user_0233,5
92,user_0211,5
92,user_0258,5
92,user_0295,5
92,user_0231,5
92,user_0208,5
92,user_0186,5
92,user_0248,5
92,user_0217,5
92,user_0243,5
92,user_0212,5
92,user_0237,5
92,user_0290,5
92,user_0254,5
92,user_0261,5
92,user_0196,5
92,user_0285,5
92,user_0227,5
92,user_0195,5
92,user_0240,5
92,user_0293,5
92,user_0271,5
92,user_0204,5
92,user_0235,5
92,user_0182,5
92,user_0256,5
92,user_0284,5
92,user_0289,5
92,user_0238,5
92,user_0179,2
92,user_0141,2
92,user_0128,2
92,user_0162,2
92,user_0134,2
92,user_0177,2
92,user_0174,2
92,user_0157,2
92,user_0158,2
92,user_0176,2
92,user_0122,2
92,user_0147,2
92,user_0124,2
92,user_0168,2
92,user_0175,2
92,user_0145,2
92,user_0164,2
92,user_0065,2
92,user_0172,2
92,user_0062,2
92,user_0129,2
92,user_0133,2
92,user_0150,2
92,user_0142,2
92,user_0153,2
92,user_0130,2
92,user_0169,2
92,user_0138,2
92,user_0120,2
92,user_0136,2
92,user_0123,2
92,user_0137,2
92,user_0178,2
92,user_0132,2
92,user_0171,2
92,user_0139,2
92,user_0121,2
92,user_0149,2
92,user_0155,2
92,user_0148,2
92,user_0151,2
92,user_0163,2
92,user_0152,2
92,user_0064,2
92,user_0144,2
92,user_0143,2
92,user_0159,2
92,user_0160,2
92,user_0131,2
92,user_0067,2
92,user_0146,2
92,user_0166,2
92,user_0170,2
92,user_0063,2
92,user_0165,2
92,user_0135,2
92,user_0126,2
92,user_0156,2
92,user_0125,2
92,user_0060,2
92,user_0167,2
92,user_0061,2
92,user_0154,2
92,user_0173,2
92,user_0127,2
92,user_0161,2
92,user_0066,2
92,user_0140,2
92,user_0018,0
92,user_0032,0
92,user_0010,0
92,user_0041,0
92,user_0030,0
92,user_0031,0
92,user_0059,0
92,user_0329,0
92,user_0042,0
92,user_0003,0
92,user_0025,0
92,user_0054,0
92,user_0014,0
92,user_0023,0
92,user_0007,0
92,user_0039,0
92,user_0057,0
92,user_0021,0
92,user_0020,0
92,user_0001,0
92,user_0011,0
92,user_0034,0
92,user_0016,0
92,user_0017,0
92,user_0005,0
92,user_0040,0
92,user_0048,0
92,user_0046,0
92,user_0029,0
92,user_0008,0
92,user_0044,0
92,user_0028,0
92,user_0038,0
92,user_0009,0
92,user_0055,0
92,user_0019,0
92,user_0047,0
92,user_0050,0
92,user_0058,0
92,user_0036,0
92,user_0015,0
92,user_0037,0
92,user_0052,0
92,user_0004,0
92,user_0049,0
92,user_0026,0
92,user_0027,0
92,user_0035,0
92,user_0012,0
92,user_0006,0
92,user_0024,0
92,user_0033,0
92,user_0043,0
92,user_0013,0
92,user_0053,0
92,user_0002,0
92,user_0045,0
92,user_0056,0
92,user_0051,0
92,user_0022,0
92,user_0000,0
92,user_0074,1
92,user_0096,1
92,user_0077,1
92,user_0087,1
92,user_0069,1
92,user_0094,1
92,user_0109,1
92,user_0073,1
92,user_0092,1
92,user_0086,1
92,user_0111,1
92,user_0076,1
92,user_0083,1
92,user_0081,1
92,user_0118,1
92,user_0088,1
92,user_0103,1
92,user_0102,1
92,user_0104,1
92,user_0091,1
92,user_0079,1
92,user_0116,1
92,user_0098,1
92,user_0072,1
92,user_0113,1
92,user_0075,1
92,user_0068,1
92,user_0117,1
92,user_0090,1
92,user_0093,1
92,user_0089,1
92,user_0115,1
92,user_0100,1
92,user_0107,1
92,user_0084,1
92,user_0110,1
92,user_0114,1
92,user_0078,1
92,user_0106,1
92,user_0080,1
92,user_0099,1
92,user_0071,1
92,user_0095,1
92,user_0108,1
92,user_0082,1
92,user_0070,1
92,user_0105,1
92,user_0119,1
92,user_0112,1
92,user_0085,1
92,user_0097,1
92,user_0101,1
92,user_0335,6
92,user_0340,6
92,user_0349,6
92,user_0347,6
92,user_0353,6
92,user_0357,6
92,user_0354,6
92,user_0330,6
92,user_0348,6
92,user_0332,6
92,user_0338,6
92,user_0341,6
92,user_0358,6
92,user_0346,6
92,user_0356,6
92,user_0355,6
92,user_0345,6
92,user_0343,6
92,user_0350,6
92,user_0342,6
92,user_0339,6
92,user_0337,6
92,user_0334,6
92,user_0336,6
92,user_0359,6
92,user_0331,6
92,user_0344,6
92,user_0333,6
92,user_0351,6
92,user_0352,6
92,user_0318,3
92,user_0328,3
92,user_0306,3
92,user_0316,3
92,user_0302,3
92,user_0303,3
92,user_0312,3
92,user_0305,3
92,user_0315,3
92,user_0313,3
92,user_0323,3
92,user_0326,3
92,user_0319,3
92,user_0304,3
92,user_0327,3
92,user_0309,3
92,user_0311,3
92,user_0324,3
92,user_0310,3
92,user_0301,3
92,user_0317,3
92,user_0322,3
92,user_0320,3
92,user_0300,3
92,user_0325,3
92,user_0307,3
92,user_0308,3
92,user_0321,3
92,user_0314,3
93,user_0263,5
93,user_0274,5
93,user_0262,5
93,user_0194,5
93,user_0281,5
93,user_0187,5
93,user_0280,5
93,user_0200,5
93,user_0249,5
93,user_0265,5
93,user_0228,5
93,user_0181,5
93,user_0288,5
93,user_0272,5
93,user_0188,5
93,user_0255,5
93,user_0279,5
93,user_0252,5
93,user_0296,5
93,user_0216,5
93,user_0299,5
93,user_0268,5
93,user_0185,5
93,user_0206,5
93,user_0190,5
93,user_0286,5
93,user_0273,5
93,user_0270,5
93,user_0246,5
93,user_0236,5
93,user_0282,5
93,user_0232,5
93,user_0266,5
93,user_0276,5
93,user_0283,5
93,user_0245,5
93,user_0250,5
93,user_0294,5
93,user_0215,5
93,user_0226,5
93,user_0253,5
93,user_0198,5
93,user_0184,5
93,user_0292,5
93,user_0193,5
93,user_0242,5
93,user_0214,5
93,user_0210,5
93,user_0199,5
93,user_0259,5
93,user_0264,5
93,user_0260,5
93,user_0201,5
93,user_0225,5
93,user_0298,5
93,user_0207,5
93,user_0209,5
93,user_0221,5
93,user_0202,5
93,user_0219,5
93,user_0275,5
93,user_0257,5
93,user_0230,5
93,user_0251,5
93,user_0247,5
93,user_0278,5
93,user_0222,5
93,user_0180,5
93,user_0291,5
93,user_0267,5
93,user_0223,5
93,user_0205,5
93,user_0213,5
93,user_0234,5
93,user_0189,5
93,user_0203,5
93,user_0287,5
93,user_0229,5
93,user_0224,5
93,user_0218,5
93,user_0220,5
93,user_0297,5
93,user_0269,5
93,user_0244,5
93,user_0241,5
93,user_0191,5
93,user_0197,5
93,user_0239,5
93,user_0192,5
93,user_0277,5
93,user_0233,5
93,user_0183,5
93,user_0211,5
93,user_0258,5
93,user_0295,5
93,user_0186,5
93,user_0208,5
93,user_0231,5
93,user_0248,5
93,user_0217,5
93,user_0243,5
93,user_0212,5
93,user_0237,5
93,user_0290,5
93,user_0254,5
93,user_0261,5
93,user_0196,5
93,user_0285,5
93,user_0227,5
93,user_0240,5
93,user_0195,5
93,user_0293,5
93,user_0271,5
93,user_0204,5
93,user_0235,5
93,user_0320,5
93,user_0182,5
93,user_0256,5
93,user_0284,5
93,user_0289,5
93,user_0238,5
93,user_0179,2
93,user_0141,2
93,user_0128,2
93,user_0162,2
93,user_0134,2
93,user_0177,2
93,user_0174,2
93,user_0157,2
93,user_0158,2
93,user_0176,2
93,user_0122,2
93,user_0147,2
93,user_0124,2
93,user_0168,2
93,user_0175,2
93,user_0145,2
93,user_0164,2
93,user_0065,2
93,user_0172,2
93,user_0062,2
93,user_0129,2
93,user_0133,2
93,user_0150,2
93,user_0142,2
93,user_0153,2
93,user_0130,2
93,user_0169,2
93,user_0123,2
93,user_0120,2
93,user_0136,2
93,user_0138,2
93,user_0137,2
93,user_0178,2
93,user_0132,2
93,user_0171,2
93,user_0139,2
93,user_0121,2
93,user_0149,2
93,user_0155,2
93,user_0148,2
93,user_0151,2
93,user_0163,2
93,user_0152,2
93,user_0064,2
93,user_0144,2
93,user_0143,2
93,user_0159,2
93,user_0160,2
93,user_0131,2
93,user_0067,2
93,user_0146,2
93,user_0166,2
93,user_0170,2
93,user_0063,2
93,user_0165,2
93,user_0135,2
93,user_0126,2
93,user_0156,2
93,user_0125,2
93,user_0060,2
93,user_0061,2
93,user_0167,2
93,user_0154,2
93,user_0173,2
93,user_0127,2
93,user_0161,2
93,user_0066,2
93,user_0140,2
93,user_0018,0
93,user_0032,0
93,user_0010,0
93,user_0041,0
93,user_0030,0
93,user_0031,0
93,user_0059,0
93,user_0042,0
93,user_0003,0
93,user_0025,0
93,user_0054,0
93,user_0014,0
93,user_0007,0
93,user_0023,0
93,user_0039,0
93,user_0057,0
93,user_0021,0
93,user_0020,0
93,user_0001,0
93,user_0011,0
93,user_0034,0
93,user_0016,0
93,user_0040,0
93,user_0005,0
93,user_0017,0
93,user_0048,0
93,user_0008,0
93,user_0046,0
93,user_0029,0
93,user_0044,0
93,user_0028,0
93,user_0038,0
93,user_0019,0
93,user_0055,0
93,user_0009,0
93,user_0047,0
93,user_0050,0
93,user_0058,0
93,user_0036,0
93,user_0015,0
93,user_0037,0
93,user_0052,0
93,user_0004,0
93,user_0049,0
93,user_0026,0
93,user_0027,0
93,user_0035,0
93,user_0006,0
93,user_0012,0
93,user_0024,0
93,user_0033,0
93,user_0043,0
93,user_0053,0
93,user_0013,0
93,user_0002,0
93,user_0045,0
93,user_0056,0
93,user_0051,0
93,user_0022,0
93,user_0000,0
93,user_0074,1
93,user_0096,1
93,user_0077,1
93,user_0329,1
93,user_0087,1
93,user_0069,1
93,user_0094,1
93,user_0109,1
93,user_0073,1
93,user_0092,1
93,user_0086,1
93,user_0111,1
93,user_0081,1
93,user_0076,1
93,user_0088,1
93,user_0083,1
93,user_0118,1
93,user_0102,1
93,user_0103,1
93,user_0079,1
93,user_0104,1
93,user_0091,1
93,user_0116,1
93,user_0098,1
93,user_0072,1
93,user_0113,1
93,user_0075,1
93,user_0068,1
93,user_0090,1
93,user_0117,1
93,user_0093,1
93,user_0089,1
93,user_0115,1
93,user_0100,1
93,user_0114,1
93,user_0078,1
93,user_0084,1
93,user_0107,1
93,user_0110,1
93,user_0106,1
93,user_0080,1
93,user_0099,1
93,user_0071,1
93,user_0095,1
93,user_0108,1
93,user_0082,1
93,user_0070,1
93,user_0105,1
93,user_0119,1
93,user_0112,1
93,user_0085,1
93,user_0097,1
93,user_0101,1
93,user_0335,6
93,user_0349,6
93,user_0347,6
93,user_0340,6
93,user_0353,6
93,user_0357,6
93,user_0354,6
93,user_0330,6
93,user_0348,6
93,user_0332,6
93,user_0338,6
93,user_0341,6
93,user_0358,6
93,user_0346,6
93,user_0356,6
93,user_0355,6
93,user_0345,6
93,user_0350,6
93,user_0343,6
93,user_0342,6
93,user_0339,6
93,user_0337,6
93,user_0334,6
93,user_0336,6
93,user_0359,6
93,user_0331,6
93,user_0344,6
93,user_0333,6
93,user_0351,6
93,user_0352,6
93,user_0318,3
93,user_0328,3
93,user_0306,3
93,user_0316,3
93,user_0302,3
93,user_0303,3
93,user_0312,3
93,user_0305,3
93,user_0315,3
93,user_0313,3
93,user_0326,3
93,user_0323,3
93,user_0319,3
93,user_0304,3
93,user_0327,3
93,user_0324,3
93,user_0311,3
93,user_0309,3
93,user_0310,3
93,user_0322,3
93,user_0301,3
93,user_0317,3
93,user_0300,3
93,user_0325,3
93,user_0307,3
93,user_0308,3
93,user_0321,3
93,user_0314,3
94,user_0263,5
94,user_0274,5
94,user_0262,5
94,user_0187,5
94,user_0194,5
94,user_0281,5
94,user_0181,5
94,user_0280,5
94,user_0200,5
94,user_0265,5
94,user_0228,5
94,user_0249,5
94,user_0288,5
94,user_0272,5
94,user_0188,5
94,user_0255,5
94,user_0279,5
94,user_0252,5
94,user_0296,5
94,user_0216,5
94,user_0190,5
94,user_0299,5
94,user_0206,5
94,user_0268,5
94,user_0185,5
94,user_0286,5
94,user_0282,5
94,user_0270,5
94,user_0246,5
94,user_0236,5
94,user_0273,5
94,user_0232,5
94,user_0266,5
94,user_0276,5
94,user_0283,5
94,user_0245,5
94,user_0250,5
94,user_0226,5
94,user_0215,5
94,user_0294,5
94,user_0253,5
94,user_0198,5
94,user_0184,5
94,user_0292,5
94,user_0193,5
94,user_0242,5
94,user_0214,5
94,user_0199,5
94,user_0210,5
94,user_0259,5
94,user_0264,5
94,user_0260,5
94,user_0201,5
94,user_0225,5
94,user_0298,5
94,user_0207,5
94,user_0221,5
94,user_0219,5
94,user_0209,5
94,user_0202,5
94,user_0275,5
94,user_0278,5
94,user_0257,5
94,user_0251,5
94,user_0230,5
94,user_0222,5
94,user_0247,5
94,user_0180,5
94,user_0291,5
94,user_0267,5
94,user_0223,5
94,user_0213,5
94,user_0205,5
94,user_0234,5
94,user_0189,5
94,user_0203,5
94,user_0229,5
94,user_0287,5
94,user_0224,5
94,user_0218,5
94,user_0220,5
94,user_0297,5
94,user_0244,5
94,user_0269,5
94,user_0241,5
94,user_0197,5
94,user_0191,5
94,user_0239,5
94,user_0192,5
94,user_0277,5
94,user_0183,5
94,user_0233,5
94,user_0211,5
94,user_0258,5
94,user_0295,5
94,user_0231,5
94,user_0208,5
94,user_0186,5
94,user_0248,5
94,user_0217,5
94,user_0243,5
94,user_0212,5
94,user_0237,5
94,user_0254,5
94,user_0290,5
94,user_0261,5
94,user_0196,5
94,user_0285,5
94,user_0240,5
94,user_0227,5
94,user_0293,5
94,user_0195,5
94,user_0271,5
94,user_0204,5
94,user_0235,5
94,user_0182,5
94,user_0256,5
94,user_0284,5
94,user_0289,5
94,user_0238,5
94,user_0179,2
94,user_0141,2
94,user_0128,2
94,user_0162,2
94,user_0134,2
94,user_0177,2
94,user_0174,2
94,user_0157,2
94,user_0158,2
94,user_0176,2
94,user_0147,2
94,user_0122,2
94,user_0124,2
94,user_0168,2
94,user_0175,2
94,user_0145,2
94,user_0164,2
94,user_0065,2
94,user_0172,2
94,user_0062,2
94,user_0129,2
94,user_0133,2
94,user_0150,2
94,user_0142,2
94,user_0153,2
94,user_0130,2
94,user_0169,2
94,user_0138,2
94,user_0120,2
94,user_0136,2
94,user_0123,2
94,user_0137,2
94,user_0178,2
94,user_0132,2
94,user_0171,2
94,user_0139,2
94,user_0121,2
94,user_0149,2
94,user_0155,2
94,user_0148,2
94,user_0151,2
94,user_0163,2
94,user_0152,2
94,user_0064,2
94,user_0144,2
94,user_0143,2
94,user_0159,2
94,user_0160,2
94,user_0131,2
94,user_0067,2
94,user_0146,2
94,user_0166,2
94,user_0170,2
94,user_0063,2
94,user_0165,2
94,user_0135,2
94,user_0126,2
94,user_0156,2
94,user_0125,2
94,user_0060,2
94,user_0167,2
94,user_0061,2
94,user_0154,2
94,user_0173,2
94,user_0127,2
94,user_0161,2
94,user_0066,2
94,user_0140,2
94,user_0018,0
94,user_0032,0
94,user_0010,0
94,user_0041,0
94,user_0030,0
94,user_0031,0
94,user_0059,0
94,user_0042,0
94,user_0003,0
94,user_0025,0
94,user_0054,0
94,user_0014,0
94,user_0007,0
94,user_0023,0
94,user_0039,0
94,user_0057,0
94,user_0021,0
94,user_0020,0
94,user_0001,0
94,user_0011,0
94,user_0034,0
94,user_0016,0
94,user_0040,0
94,user_0005,0
94,user_0017,0
94,user_0048,0
94,user_0008,0
94,user_0029,0
94,user_0046,0
94,user_0044,0
94,user_0028,0
94,user_0038,0
94,user_0009,0
94,user_0055,0
94,user_0019,0
94,user_0047,0
94,user_0050,0
94,user_0058,0
94,user_0036,0
94,user_0015,0
94,user_0037,0
94,user_0052,0
94,user_0004,0
94,user_0049,0
94,user_0026,0
94,user_0027,0
94,user_0035,0
94,user_0006,0
94,user_0012,0
94,user_0024,0
94,user_0043,0
94,user_0013,0
94,user_0053,0
94,user_0033,0
94,user_0002,0
94,user_0045,0
94,user_0056,0
94,user_0051,0
94,user_0022,0
94,user_0000,0
94,user_0074,1
94,user_0096,1
94,user_0077,1
94,user_0087,1
94,user_0069,1
94,user_0094,1
94,user_0109,1
94,user_0073,1
94,user_0092,1
94,user_0086,1
94,user_0076,1
94,user_0111,1
94,user_0088,1
94,user_0118,1
94,user_0081,1
94,user_0102,1
94,user_0104,1
94,user_0079,1
94,user_0083,1
94,user_0091,1
94,user_0103,1
94,user_0116,1
94,user_0098,1
94,user_0072,1
94,user_0113,1
94,user_0075,1
94,user_0117,1
94,user_0068,1
94,user_0090,1
94,user_0093,1
94,user_0089,1
94,user_0115,1
94,user_0100,1
94,user_0114,1
94,user_0078,1
94,user_0107,1
94,user_0084,1
94,user_0110,1
94,user_0106,1
94,user_0080,1
94,user_0099,1
94,user_0071,1
94,user_0095,1
94,user_0070,1
94,user_0105,1
94,user_0108,1
94,user_0082,1
94,user_0119,1
94,user_0112,1
94,user_0085,1
94,user_0097,1
94,user_0101,1
94,user_0335,6
94,user_0340,6
94,user_0347,6
94,user_0349,6
94,user_0353,6
94,user_0357,6
94,user_0354,6
94,user_0330,6
94,user_0348,6
94,user_0332,6
94,user_0338,6
94,user_0341,6
94,user_0358,6
94,user_0346,6
94,user_0356,6
94,user_0355,6
94,user_0310,6
94,user_0343,6
94,user_0334,6
94,user_0342,6
94,user_0339,6
94,user_0337,6
94,user_0350,6
94,user_0336,6
94,user_0359,6
94,user_0345,6
94,user_0331,6
94,user_0344,6
94,user_0333,6
94,user_0351,6
94,user_0352,6
94,user_0318,3
94,user_0328,3
94,user_0306,3
94,user_0316,3
94,user_0302,3
94,user_0329,3
94,user_0312,3
94,user_0303,3
94,user_0305,3
94,user_0315,3
94,user_0313,3
94,user_0323,3
94,user_0326,3
94,user_0319,3
94,user_0304,3
94,user_0327,3
94,user_0324,3
94,user_0311,3
94,user_0309,3
94,user_0322,3
94,user_0301,3
94,user_0317,3
94,user_0320,3
94,user_0300,3
94,user_0325,3
94,user_0307,3
94,user_0308,3
94,user_0321,3
94,user_0314,3
95,user_0263,5
95,user_0274,5
95,user_0262,5
95,user_0187,5
95,user_0194,5
95,user_0281,5
95,user_0280,5
95,user_0200,5
95,user_0181,5
95,user_0249,5
95,user_0265,5
95,user_0228,5
95,user_0288,5
95,user_0272,5
95,user_0255,5
95,user_0188,5
95,user_0279,5
95,user_0252,5
95,user_0296,5
95,user_0216,5
95,user_0190,5
95,user_0268,5
95,user_0299,5
95,user_0185,5
95,user_0206,5
95,user_0286,5
95,user_0282,5
95,user_0270,5
95,user_0246,5
95,user_0236,5
95,user_0273,5
95,user_0232,5
95,user_0266,5
95,user_0276,5
95,user_0245,5
95,user_0283,5
95,user_0250,5
95,user_0215,5
95,user_0226,5
95,user_0294,5
95,user_0253,5
95,user_0198,5
95,user_0184,5
95,user_0292,5
95,user_0193,5
95,user_0242,5
95,user_0214,5
95,user_0210,5
95,user_0199,5
95,user_0260,5
95,user_0264,5
95,user_0259,5
95,user_0201,5
95,user_0225,5
95,user_0298,5
95,user_0207,5
95,user_0221,5
95,user_0209,5
95,user_0219,5
95,user_0202,5
95,user_0275,5
95,user_0230,5
95,user_0278,5
95,user_0222,5
95,user_0247,5
95,user_0251,5
95,user_0257,5
95,user_0180,5
95,user_0291,5
95,user_0267,5
95,user_0213,5
95,user_0205,5
95,user_0223,5
95,user_0234,5
95,user_0189,5
95,user_0229,5
95,user_0287,5
95,user_0203,5
95,user_0224,5
95,user_0218,5
95,user_0220,5
95,user_0297,5
95,user_0244,5
95,user_0269,5
95,user_0241,5
95,user_0197,5
95,user_0191,5
95,user_0239,5
95,user_0192,5
95,user_0277,5
95,user_0233,5
95,user_0183,5
95,user_0211,5
95,user_0258,5
95,user_0295,5
95,user_0186,5
95,user_0231,5
95,user_0208,5
95,user_0248,5
95,user_0217,5
95,user_0243,5
95,user_0212,5
95,user_0237,5
95,user_0290,5
95,user_0254,5
95,user_0261,5
95,user_0196,5
95,user_0285,5
95,user_0240,5
95,user_0195,5
95,user_0227,5
95,user_0293,5
95,user_0271,5
95,user_0204,5
95,user_0235,5
95,user_0182,5
95,user_0256,5
95,user_0284,5
95,user_0289,5
95,user_0238,5
95,user_0179,2
95,user_0141,2
95,user_0128,2
95,user_0162,2
95,user_0134,2
95,user_0177,2
95,user_0174,2
95,user_0157,2
95,user_0158,2
95,user_0176,2
95,user_0122,2
95,user_0147,2
95,user_0124,2
95,user_0168,2
95,user_0175,2
95,user_0145,2
95,user_0164,2
95,user_0065,2
95,user_0172,2
95,user_0062,2
95,user_0129,2
95,user_0133,2
95,user_0150,2
95,user_0142,2
95,user_0153,2
95,user_0130,2
95,user_0169,2
95,user_0123,2
95,user_0136,2
95,user_0138,2
95,user_0120,2
95,user_0137,2
95,user_0178,2
95,user_0132,2
95,user_0171,2
95,user_0139,2
95,user_0121,2
95,user_0149,2
95,user_0155,2
95,user_0148,2
95,user_0151,2
95,user_0163,2
95,user_0152,2
95,user_0064,2
95,user_0144,2
95,user_0143,2
95,user_0159,2
95,user_0160,2
95,user_0131,2
95,user_0067,2
95,user_0146,2
95,user_0166,2
95,user_0170,2
95,user_0063,2
95,user_0165,2
95,user_0135,2
95,user_0126,2
95,user_0156,2
95,user_0125,2
95,user_0061,2
95,user_0167,2
95,user_0060,2
95,user_0154,2
95,user_0173,2
95,user_0127,2
95,user_0161,2
95,user_0066,2
95,user_0140,2
95,user_0018,0
95,user_0032,0
95,user_0010,0
95,user_0041,0
95,user_0030,0
95,user_0031,0
95,user_0059,0
95,user_0042,0
95,user_0003,0
95,user_0025,0
95,user_0054,0
95,user_0014,0
95,user_0023,0
95,user_0007,0
95,user_0039,0
95,user_0057,0
95,user_0000,0
95,user_0021,0
95,user_0020,0
95,user_0001,0
95,user_0011,0
95,user_0034,0
95,user_0016,0
95,user_0040,0
95,user_0005,0
95,user_0017,0
95,user_0048,0
95,user_0008,0
95,user_0029,0
95,user_0044,0
95,user_0028,0
95,user_0038,0
95,user_0009,0
95,user_0055,0
95,user_0019,0
95,user_0047,0
95,user_0050,0
95,user_0058,0
95,user_0036,0
95,user_0015,0
95,user_0052,0
95,user_0004,0
95,user_0049,0
95,user_0026,0
95,user_0027,0
95,user_0035,0
95,user_0006,0
95,user_0012,0
95,user_0024,0
95,user_0043,0
95,user_0013,0
95,user_0033,0
95,user_0053,0
95,user_0002,0
95,user_0045,0
95,user_0037,0
95,user_0056,0
95,user_0051,0
95,user_0022,0
95,user_0046,0
95,user_0074,1
95,user_0096,1
95,user_0077,1
95,user_0329,1
95,user_0087,1
95,user_0069,1
95,user_0094,1
95,user_0109,1
95,user_0073,1
95,user_0092,1
95,user_0086,1
95,user_0111,1
95,user_0081,1
95,user_0083,1
95,user_0088,1
95,user_0118,1
95,user_0102,1
95,user_0104,1
95,user_0079,1
95,user_0103,1
95,user_0076,1
95,user_0091,1
95,user_0116,1
95,user_0098,1
95,user_0072,1
95,user_0113,1
95,user_0075,1
95,user_0068,1
95,user_0117,1
95,user_0090,1
95,user_0093,1
95,user_0089,1
95,user_0115,1
95,user_0100,1
95,user_0107,1
95,user_0084,1
95,user_0078,1
95,user_0114,1
95,user_0110,1
95,user_0106,1
95,user_0080,1
95,user_0099,1
95,user_0071,1
95,user_0095,1
95,user_0070,1
95,user_0105,1
95,user_0108,1
95,user_0082,1
95,user_0119,1
95,user_0112,1
95,user_0085,1
95,user_0097,1
95,user_0101,1
95,user_0335,6
95,user_0340,6
95,user_0347,6
95,user_0349,6
95,user_0353,6
95,user_0357,6
95,user_0354,6
95,user_0330,6
95,user_0348,6
95,user_0332,6
95,user_0338,6
95,user_0341,6
95,user_0358,6
95,user_0346,6
95,user_0356,6
95,user_0355,6
95,user_0345,6
95,user_0350,6
95,user_0334,6
95,user_0342,6
95,user_0339,6
95,user_0337,6
95,user_0343,6
95,user_0336,6
95,user_0359,6
95,user_0331,6
95,user_0344,6
95,user_0333,6
95,user_0351,6
95,user_0352,6
95,user_0318,3
95,user_0328,3
95,user_0306,3
95,user_0316,3
95,user_0302,3
95,user_0303,3
95,user_0312,3
95,user_0305,3
95,user_0315,3
95,user_0313,3
95,user_0323,3
95,user_0326,3
95,user_0319,3
95,user_0304,3
95,user_0327,3
95,user_0324,3
95,user_0311,3
95,user_0309,3
95,user_0310,3
95,user_0301,3
95,user_0317,3
95,user_0322,3
95,user_0320,3
95,user_0300,3
95,user_0325,3
95,user_0307,3
95,user_0308,3
95,user_0321,3
95,user_0314,3
96,user_0263,5
96,user_0274,5
96,user_0262,5
96,user_0187,5
96,user_0194,5
96,user_0281,5
96,user_0181,5
96,user_0200,5
96,user_0280,5
96,user_0249,5
96,user_0228,5
96,user_0265,5
96,user_0288,5
96,user_0272,5
96,user_0188,5
96,user_0255,5
96,user_0279,5
96,user_0252,5
96,user_0296,5
96,user_0216,5
96,user_0190,5
96,user_0268,5
96,user_0185,5
96,user_0206,5
96,user_0299,5
96,user_0273,5
96,user_0286,5
96,user_0282,5
96,user_0246,5
96,user_0236,5
96,user_0270,5
96,user_0232,5
96,user_0266,5
96,user_0276,5
96,user_0245,5
96,user_0283,5
96,user_0215,5
96,user_0250,5
96,user_0294,5
96,user_0226,5
96,user_0253,5
96,user_0198,5
96,user_0184,5
96,user_0292,5
96,user_0193,5
96,user_0242,5
96,user_0214,5
96,user_0210,5
96,user_0199,5
96,user_0260,5
96,user_0259,5
96,user_0264,5
96,user_0201,5
96,user_0225,5
96,user_0298,5
96,user_0207,5
96,user_0221,5
96,user_0209,5
96,user_0219,5
96,user_0202,5
96,user_0275,5
96,user_0257,5
96,user_0222,5
96,user_0278,5
96,user_0247,5
96,user_0230,5
96,user_0251,5
96,user_0180,5
96,user_0291,5
96,user_0267,5
96,user_0213,5
96,user_0205,5
96,user_0223,5
96,user_0234,5
96,user_0189,5
96,user_0287,5
96,user_0203,5
96,user_0229,5
96,user_0224,5
96,user_0218,5
96,user_0220,5
96,user_0297,5
96,user_0244,5
96,user_0269,5
96,user_0241,5
96,user_0191,5
96,user_0197,5
96,user_0239,5
96,user_0192,5
96,user_0277,5
96,user_0183,5
96,user_0233,5
96,user_0211,5
96,user_0258,5
96,user_0295,5
96,user_0186,5
96,user_0231,5
96,user_0208,5
96,user_0248,5
96,user_0217,5
96,user_0243,5
96,user_0212,5
96,user_0237,5
96,user_0290,5
96,user_0254,5
96,user_0261,5
96,user_0196,5
96,user_0285,5
96,user_0240,5
96,user_0227,5
96,user_0293,5
96,user_0195,5
96,user_0271,5
96,user_0204,5
96,user_0235,5
96,user_0182,5
96,user_0256,5
96,user_0284,5
96,user_0289,5
96,user_0238,5
96,user_0179,2
96,user_0141,2
96,user_0128,2
96,user_0162,2
96,user_0134,2
96,user_0177,2
96,user_0174,2
96,user_0157,2
96,user_0158,2
96,user_0176,2
96,user_0147,2
96,user_0122,2
96,user_0124,2
96,user_0168,2
96,user_0175,2
96,user_0145,2
96,user_0164,2
96,user_0065,2
96,user_0172,2
96,user_0062,2
96,user_0129,2
96,user_0133,2
96,user_0150,2
96,user_0142,2
96,user_0153,2
96,user_0130,2
96,user_0169,2
96,user_0138,2
96,user_0120,2
96,user_0136,2
96,user_0123,2
96,user_0137,2
96,user_0178,2
96,user_0132,2
96,user_0171,2
96,user_0139,2
96,user_0121,2
96,user_0149,2
96,user_0155,2
96,user_0148,2
96,user_0151,2
96,user_0163,2
96,user_0152,2
96,user_0144,2
96,user_0064,2
96,user_0143,2
96,user_0159,2
96,user_0160,2
96,user_0131,2
96,user_0067,2
96,user_0146,2
96,user_0166,2
96,user_0170,2
96,user_0063,2
96,user_0165,2
96,user_0135,2
96,user_0126,2
96,user_0156,2
96,user_0125,2
96,user_0060,2
96,user_0061,2
96,user_0167,2
96,user_0154,2
96,user_0173,2
96,user_0127,2
96,user_0161,2
96,user_0066,2
96,user_0140,2
96,user_0018,0
96,user_0032,0
96,user_0010,0
96,user_0041,0
96,user_0030,0
96,user_0031,0
96,user_0059,0
96,user_0042,0
96,user_0003,0
96,user_0025,0
96,user_0054,0
96,user_0014,0
96,user_0023,0
96,user_0007,0
96,user_0039,0
96,user_0057,0
96,user_0000,0
96,user_0021,0
96,user_0020,0
96,user_0001,0
96,user_0011,0
96,user_0034,0
96,user_0017,0
96,user_0040,0
96,user_0005,0
96,user_0016,0
96,user_0048,0
96,user_0008,0
96,user_0029,0
96,user_0044,0
96,user_0028,0
96,user_0038,0
96,user_0019,0
96,user_0055,0
96,user_0009,0
96,user_0047,0
96,user_0050,0
96,user_0058,0
96,user_0036,0
96,user_0015,0
96,user_0037,0
96,user_0004,0
96,user_0052,0
96,user_0049,0
96,user_0026,0
96,user_0027,0
96,user_0035,0
96,user_0006,0
96,user_0012,0
96,user_0024,0
96,user_0033,0
96,user_0013,0
96,user_0053,0
96,user_0043,0
96,user_0002,0
96,user_0045,0
96,user_0056,0
96,user_0051,0
96,user_0022,0
96,user_0046,0
96,user_0074,1
96,user_0096,1
96,user_0077,1
96,user_0087,1
96,user_0069,1
96,user_0094,1
96,user_0109,1
96,user_0073,1
96,user_0092,1
96,user_0086,1
96,user_0076,1
96,user_0081,1
96,user_0118,1
96,user_0088,1
96,user_0083,1
96,user_0102,1
96,user_0103,1
96,user_0079,1
96,user_0104,1
96,user_0091,1
96,user_0116,1
96,user_0098,1
96,user_0072,1
96,user_0113,1
96,user_0075,1
96,user_0068,1
96,user_0090,1
96,user_0117,1
96,user_0093,1
96,user_0111,1
96,user_0089,1
96,user_0115,1
96,user_0100,1
96,user_0107,1
96,user_0110,1
96,user_0084,1
96,user_0078,1
96,user_0114,1
96,user_0106,1
96,user_0080,1
96,user_0099,1
96,user_0071,1
96,user_0095,1
96,user_0070,1
96,user_0082,1
96,user_0108,1
96,user_0105,1
96,user_0112,1
96,user_0119,1
96,user_0085,1
96,user_0097,1
96,user_0101,1
96,user_0318,3
96,user_0328,3
96,user_0306,3
96,user_0316,3
96,user_0302,3
96,user_0329,3
96,user_0312,3
96,user_0303,3
96,user_0305,3
96,user_0315,3
96,user_0313,3
96,user_0323,3
96,user_0326,3
96,user_0319,3
96,user_0304,3
96,user_0327,3
96,user_0324,3
96,user_0311,3
96,user_0309,3
96,user_0310,3
96,user_0322,3
96,user_0301,3
96,user_0317,3
96,user_0320,3
96,user_0300,3
96,user_0325,3
96,user_0307,3
96,user_0308,3
96,user_0321,3
96,user_0314,3
96,user_0335,6
96,user_0349,6
96,user_0340,6
96,user_0347,6
96,user_0353,6
96,user_0357,6
96,user_0354,6
96,user_0330,6
96,user_0348,6
96,user_0332,6
96,user_0338,6
96,user_0341,6
96,user_0358,6
96,user_0346,6
96,user_0356,6
96,user_0355,6
96,user_0345,6
96,user_0343,6
96,user_0350,6
96,user_0342,6
96,user_0339,6
96,user_0337,6
96,user_0334,6
96,user_0336,6
96,user_0359,6
96,user_0331,6
96,user_0344,6
96,user_0333,6
96,user_0351,6
96,user_0352,6
97,user_0263,5
97,user_0274,5
97,user_0262,5
97,user_0187,5
97,user_0281,5
97,user_0194,5
97,user_0181,5
97,user_0200,5
97,user_0228,5
97,user_0265,5
97,user_0249,5
97,user_0280,5
97,user_0288,5
97,user_0272,5
97,user_0188,5
97,user_0255,5
97,user_0279,5
97,user_0252,5
97,user_0296,5
97,user_0216,5
97,user_0190,5
97,user_0299,5
97,user_0185,5
97,user_0206,5
97,user_0268,5
97,user_0273,5
97,user_0282,5
97,user_0270,5
97,user_0246,5
97,user_0236,5
97,user_0286,5
97,user_0232,5
97,user_0266,5
97,user_0276,5
97,user_0283,5
97,user_0245,5
97,user_0215,5
97,user_0226,5
97,user_0294,5
97,user_0250,5
97,user_0253,5
97,user_0198,5
97,user_0184,5
97,user_0292,5
97,user_0193,5
97,user_0242,5
97,user_0214,5
97,user_0210,5
97,user_0199,5
97,user_0259,5
97,user_0260,5
97,user_0264,5
97,user_0201,5
97,user_0225,5
97,user_0298,5
97,user_0207,5
97,user_0221,5
97,user_0209,5
97,user_0219,5
97,user_0202,5
97,user_0275,5
97,user_0278,5
97,user_0257,5
97,user_0230,5
97,user_0247,5
97,user_0222,5
97,user_0251,5
97,user_0180,5
97,user_0291,5
97,user_0267,5
97,user_0223,5
97,user_0213,5
97,user_0205,5
97,user_0234,5
97,user_0189,5
97,user_0287,5
97,user_0229,5
97,user_0203,5
97,user_0224,5
97,user_0218,5
97,user_0220,5
97,user_0297,5
97,user_0244,5
97,user_0269,5
97,user_0241,5
97,user_0197,5
97,user_0191,5
97,user_0239,5
97,user_0192,5
97,user_0277,5
97,user_0183,5
97,user_0233,5
97,user_0211,5
97,user_0258,5
97,user_0295,5
97,user_0231,5
97,user_0186,5
97,user_0208,5
97,user_0248,5
97,user_0217,5
97,user_0243,5
97,user_0212,5
97,user_0237,5
97,user_0290,5
97,user_0254,5
97,user_0261,5
97,user_0196,5
97,user_0285,5
97,user_0227,5
97,user_0240,5
97,user_0293,5
97,user_0195,5
97,user_0271,5
97,user_0204,5
97,user_0235,5
97,user_0182,5
97,user_0256,5
97,user_0284,5
97,user_0289,5
97,user_0238,5
97,user_0179,2
97,user_0141,2
97,user_0128,2
97,user_0162,2
97,user_0134,2
97,user_0177,2
97,user_0174,2
97,user_0157,2
97,user_0158,2
97,user_0176,2
97,user_0147,2
97,user_0122,2
97,user_0124,2
97,user_0168,2
97,user_0175,2
97,user_0342,2
97,user_0145,2
97,user_0164,2
97,user_0065,2
97,user_0172,2
97,user_0062,2
97,user_0129,2
97,user_0133,2
97,user_0150,2
97,user_0142,2
97,user_0153,2
97,user_0130,2
97,user_0169,2
97,user_0123,2
97,user_0120,2
97,user_0136,2
97,user_0138,2
97,user_0137,2
97,user_0178,2
97,user_0132,2
97,user_0171,2
97,user_0139,2
97,user_0121,2
97,user_0149,2
97,user_0155,2
97,user_0148,2
97,user_0151,2
97,user_0163,2
97,user_0152,2
97,user_0064,2
97,user_0144,2
97,user_0143,2
97,user_0159,2
97,user_0160,2
97,user_0131,2
97,user_0067,2
97,user_0146,2
97,user_0166,2
97,user_0170,2
97,user_0063,2
97,user_0165,2
97,user_0135,2
97,user_0126,2
97,user_0156,2
97,user_0125,2
97,user_0060,2
97,user_0061,2
97,user_0167,2
97,user_0154,2
97,user_0173,2
97,user_0127,2
97,user_0161,2
97,user_0066,2
97,user_0140,2
97,user_0018,0
97,user_0032,0
97,user_0010,0
97,user_0041,0
97,user_0030,0
97,user_0031,0
97,user_0059,0
97,user_0042,0
97,user_0003,0
97,user_0025,0
97,user_0054,0
97,user_0014,0
97,user_0007,0
97,user_0023,0
97,user_0039,0
97,user_0057,0
97,user_0021,0
97,user_0020,0
97,user_0001,0
97,user_0011,0
97,user_0034,0
97,user_0016,0
97,user_0040,0
97,user_0005,0
97,user_0017,0
97,user_0048,0
97,user_0008,0
97,user_0029,0
97,user_0046,0
97,user_0044,0
97,user_0028,0
97,user_0038,0
97,user_0019,0
97,user_0055,0
97,user_0009,0
97,user_0047,0
97,user_0050,0
97,user_0058,0
97,user_0036,0
97,user_0015,0
97,user_0037,0
97,user_0004,0
97,user_0052,0
97,user_0049,0
97,user_0026,0
97,user_0027,0
97,user_0035,0
97,user_0006,0
97,user_0012,0
97,user_0024,0
97,user_0033,0
97,user_0013,0
97,user_0053,0
97,user_0043,0
97,user_0002,0
97,user_0045,0
97,user_0056,0
97,user_0051,0
97,user_0022,0
97,user_0000,0
97,user_0074,1
97,user_0096,1
97,user_0077,1
97,user_0087,1
97,user_0069,1
97,user_0094,1
97,user_0109,1
97,user_0073,1
97,user_0092,1
97,user_0086,1
97,user_0076,1
97,user_0081,1
97,user_0083,1
97,user_0118,1
97,user_0111,1
97,user_0088,1
97,user_0104,1
97,user_0103,1
97,user_0102,1
97,user_0091,1
97,user_0079,1
97,user_0116,1
97,user_0098,1
97,user_0072,1
97,user_0113,1
97,user_0075,1
97,user_0068,1
97,user_0117,1
97,user_0090,1
97,user_0093,1
97,user_0089,1
97,user_0115,1
97,user_0100,1
97,user_0107,1
97,user_0078,1
97,user_0084,1
97,user_0114,1
97,user_0110,1
97,user_0106,1
97,user_0080,1
97,user_0099,1
97,user_0071,1
97,user_0095,1
97,user_0105,1
97,user_0082,1
97,user_0070,1
97,user_0108,1
97,user_0112,1
97,user_0119,1
97,user_0085,1
97,user_0097,1
97,user_0101,1
97,user_0318,3
97,user_0328,3
97,user_0306,3
97,user_0316,3
97,user_0302,3
97,user_0329,3
97,user_0303,3
97,user_0312,3
97,user_0305,3
97,user_0315,3
97,user_0313,3
97,user_0326,3
97,user_0323,3
97,user_0319,3
97,user_0304,3
97,user_0327,3
97,user_0324,3
97,user_0311,3
97,user_0322,3
97,user_0309,3
97,user_0301,3
97,user_0317,3
97,user_0310,3
97,user_0320,3
97,user_0300,3
97,user_0325,3
97,user_0307,3
97,user_0308,3
97,user_0321,3
97,user_0314,3
97,user_0335,6
97,user_0340,6
97,user_0347,6
97,user_0349,6
97,user_0353,6
97,user_0357,6
97,user_0354,6
97,user_0330,6
97,user_0348,6
97,user_0332,6
97,user_0338,6
97,user_0341,6
97,user_0358,6
97,user_0346,6
97,user_0356,6
97,user_0355,6
97,user_0345,6
97,user_0343,6
97,user_0350,6
97,user_0334,6
97,user_0339,6
97,user_0337,6
97,user_0336,6
97,user_0359,6
97,user_0331,6
97,user_0344,6
97,user_0333,6
97,user_0351,6
97,user_0352,6
98,user_0263,5
98,user_0274,5
98,user_0262,5
98,user_0194,5
98,user_0187,5
98,user_0281,5
98,user_0249,5
98,user_0181,5
98,user_0228,5
98,user_0265,5
98,user_0280,5
98,user_0200,5
98,user_0288,5
98,user_0272,5
98,user_0255,5
98,user_0188,5
98,user_0279,5
98,user_0252,5
98,user_0296,5
98,user_0216,5
98,user_0190,5
98,user_0299,5
98,user_0206,5
98,user_0185,5
98,user_0268,5
98,user_0273,5
98,user_0286,5
98,user_0270,5
98,user_0246,5
98,user_0236,5
98,user_0282,5
98,user_0232,5
98,user_0266,5
98,user_0276,5
98,user_0245,5
98,user_0283,5
98,user_0215,5
98,user_0294,5
98,user_0226,5
98,user_0250,5
98,user_0253,5
98,user_0198,5
98,user_0184,5
98,user_0292,5
98,user_0193,5
98,user_0242,5
98,user_0214,5
98,user_0210,5
98,user_0199,5
98,user_0260,5
98,user_0264,5
98,user_0259,5
98,user_0201,5
98,user_0225,5
98,user_0298,5
98,user_0207,5
98,user_0221,5
98,user_0209,5
98,user_0202,5
98,user_0219,5
98,user_0278,5
98,user_0257,5
98,user_0222,5
98,user_0251,5
98,user_0247,5
98,user_0230,5
98,user_0275,5
98,user_0180,5
98,user_0291,5
98,user_0267,5
98,user_0213,5
98,user_0205,5
98,user_0223,5
98,user_0234,5
98,user_0189,5
98,user_0287,5
98,user_0229,5
98,user_0203,5
98,user_0224,5
98,user_0218,5
98,user_0220,5
98,user_0297,5
98,user_0269,5
98,user_0244,5
98,user_0241,5
98,user_0197,5
98,user_0191,5
98,user_0239,5
98,user_0192,5
98,user_0277,5
98,user_0233,5
98,user_0183,5
98,user_0211,5
98,user_0258,5
98,user_0295,5
98,user_0231,5
98,user_0208,5
98,user_0186,5
98,user_0248,5
98,user_0217,5
98,user_0243,5
98,user_0212,5
98,user_0237,5
98,user_0290,5
98,user_0254,5
98,user_0261,5
98,user_0196,5
98,user_0285,5
98,user_0240,5
98,user_0195,5
98,user_0293,5
98,user_0227,5
98,user_0271,5
98,user_0204,5
98,user_0235,5
98,user_0182,5
98,user_0256,5
98,user_0284,5
98,user_0289,5
98,user_0238,5
98,user_0179,2
98,user_0141,2
98,user_0128,2
98,user_0162,2
98,user_0134,2
98,user_0177,2
98,user_0174,2
98,user_0157,2
98,user_0158,2
98,user_0176,2
98,user_0122,2
98,user_0147,2
98,user_0124,2
98,user_0168,2
98,user_0175,2
98,user_0145,2
98,user_0164,2
98,user_0065,2
98,user_0172,2
98,user_0062,2
98,user_0129,2
98,user_0133,2
98,user_0150,2
98,user_0142,2
98,user_0153,2
98,user_0130,2
98,user_0169,2
98,user_0138,2
98,user_0120,2
98,user_0136,2
98,user_0123,2
98,user_0137,2
98,user_0178,2
98,user_0132,2
98,user_0171,2
98,user_0139,2
98,user_0121,2
98,user_0149,2
98,user_0155,2
98,user_0148,2
98,user_0151,2
98,user_0163,2
98,user_0152,2
98,user_0144,2
98,user_0064,2
98,user_0143,2
98,user_0159,2
98,user_0160,2
98,user_0131,2
98,user_0067,2
98,user_0146,2
98,user_0166,2
98,user_0170,2
98,user_0063,2
98,user_0165,2
98,user_0135,2
98,user_0126,2
98,user_0156,2
98,user_0125,2
98,user_0060,2
98,user_0061,2
98,user_0167,2
98,user_0154,2
98,user_0173,2
98,user_0127,2
98,user_0161,2
98,user_0066,2
98,user_0140,2
98,user_0018,0
98,user_0032,0
98,user_0010,0
98,user_0041,0
98,user_0030,0
98,user_0031,0
98,user_0059,0
98,user_0042,0
98,user_0003,0
98,user_0025,0
98,user_0054,0
98,user_0014,0
98,user_0023,0
98,user_0007,0
98,user_0039,0
98,user_0057,0
98,user_0000,0
98,user_0021,0
98,user_0020,0
98,user_0001,0
98,user_0011,0
98,user_0034,0
98,user_0016,0
98,user_0040,0
98,user_0005,0
98,user_0017,0
98,user_0048,0
98,user_0008,0
98,user_0029,0
98,user_0046,0
98,user_0044,0
98,user_0038,0
98,user_0009,0
98,user_0055,0
98,user_0019,0
98,user_0047,0
98,user_0050,0
98,user_0058,0
98,user_0036,0
98,user_0015,0
98,user_0052,0
98,user_0004,0
98,user_0049,0
98,user_0026,0
98,user_0027,0
98,user_0035,0
98,user_0006,0
98,user_0012,0
98,user_0024,0
98,user_0033,0
98,user_0043,0
98,user_0053,0
98,user_0013,0
98,user_0002,0
98,user_0045,0
98,user_0037,0
98,user_0056,0
98,user_0051,0
98,user_0022,0
98,user_0028,0
98,user_0074,1
98,user_0096,1
98,user_0077,1
98,user_0087,1
98,user_0069,1
98,user_0094,1
98,user_0109,1
98,user_0073,1
98,user_0092,1
98,user_0086,1
98,user_0111,1
98,user_0081,1
98,user_0083,1
98,user_0118,1
98,user_0076,1
98,user_0102,1
98,user_0104,1
98,user_0088,1
98,user_0079,1
98,user_0103,1
98,user_0091,1
98,user_0116,1
98,user_0098,1
98,user_0072,1
98,user_0113,1
98,user_0075,1
98,user_0068,1
98,user_0090,1
98,user_0117,1
98,user_0093,1
98,user_0089,1
98,user_0115,1
98,user_0100,1
98,user_0107,1
98,user_0110,1
98,user_0084,1
98,user_0078,1
98,user_0114,1
98,user_0106,1
98,user_0080,1
98,user_0099,1
98,user_0071,1
98,user_0095,1
98,user_0105,1
98,user_0082,1
98,user_0108,1
98,user_0070,1
98,user_0112,1
98,user_0119,1
98,user_0085,1
98,user_0097,1
98,user_0101,1
98,user_0318,3
98,user_0328,3
98,user_0306,3
98,user_0316,3
98,user_0302,3
98,user_0329,3
98,user_0312,3
98,user_0303,3
98,user_0305,3
98,user_0315,3
98,user_0313,3
98,user_0326,3
98,user_0323,3
98,user_0319,3
98,user_0304,3
98,user_0327,3
98,user_0324,3
98,user_0311,3
98,user_0322,3
98,user_0310,3
98,user_0301,3
98,user_0317,3
98,user_0309,3
98,user_0320,3
98,user_0300,3
98,user_0325,3
98,user_0307,3
98,user_0308,3
98,user_0321,3
98,user_0314,3
98,user_0335,6
98,user_0349,6
98,user_0347,6
98,user_0340,6
98,user_0353,6
98,user_0357,6
98,user_0354,6
98,user_0330,6
98,user_0348,6
98,user_0332,6
98,user_0338,6
98,user_0341,6
98,user_0358,6
98,user_0346,6
98,user_0355,6
98,user_0345,6
98,user_0350,6
98,user_0343,6
98,user_0342,6
98,user_0339,6
98,user_0337,6
98,user_0334,6
98,user_0336,6
98,user_0359,6
98,user_0331,6
98,user_0344,6
98,user_0333,6
98,user_0351,6
98,user_0352,6
99,user_0263,5
99,user_0274,5
99,user_0262,5
99,user_0194,5
99,user_0281,5
99,user_0187,5
99,user_0280,5
99,user_0249,5
99,user_0200,5
99,user_0228,5
99,user_0265,5
99,user_0181,5
99,user_0288,5
99,user_0272,5
99,user_0255,5
99,user_0188,5
99,user_0279,5
99,user_0252,5
99,user_0296,5
99,user_0216,5
99,user_0268,5
99,user_0299,5
99,user_0206,5
99,user_0185,5
99,user_0190,5
99,user_0273,5
99,user_0282,5
99,user_0270,5
99,user_0246,5
99,user_0236,5
99,user_0286,5
99,user_0232,5
99,user_0266,5
99,user_0276,5
99,user_0245,5
99,user_0283,5
99,user_0250,5
99,user_0226,5
99,user_0294,5
99,user_0215,5
99,user_0253,5
99,user_0198,5
99,user_0184,5
99,user_0292,5
99,user_0193,5
99,user_0242,5
99,user_0214,5
99,user_0199,5
99,user_0210,5
99,user_0260,5
99,user_0259,5
99,user_0264,5
99,user_0201,5
99,user_0225,5
99,user_0298,5
99,user_0207,5
99,user_0221,5
99,user_0219,5
99,user_0202,5
99,user_0209,5
99,user_0275,5
99,user_0257,5
99,user_0251,5
99,user_0222,5
99,user_0247,5
99,user_0230,5
99,user_0278,5
99,user_0180,5
99,user_0291,5
99,user_0267,5
99,user_0213,5
99,user_0205,5
99,user_0223,5
99,user_0234,5
99,user_0189,5
99,user_0287,5
99,user_0203,5
99,user_0229,5
99,user_0224,5
99,user_0218,5
99,user_0220,5
99,user_0297,5
99,user_0244,5
99,user_0269,5
99,user_0241,5
99,user_0197,5
99,user_0191,5
99,user_0239,5
99,user_0192,5
99,user_0277,5
99,user_0183,5
99,user_0233,5
99,user_0211,5
99,user_0258,5
99,user_0295,5
99,user_0231,5
99,user_0208,5
99,user_0186,5
99,user_0248,5
99,user_0217,5
99,user_0243,5
99,user_0212,5
99,user_0237,5
99,user_0254,5
99,user_0290,5
99,user_0261,5
99,user_0196,5
99,user_0285,5
99,user_0240,5
99,user_0195,5
99,user_0293,5
99,user_0227,5
99,user_0271,5
99,user_0204,5
99,user_0235,5
99,user_0182,5
99,user_0256,5
99,user_0284,5
99,user_0289,5
99,user_0238,5
99,user_0179,2
99,user_0141,2
99,user_0128,2
99,user_0162,2
99,user_0134,2
99,user_0177,2
99,user_0174,2
99,user_0157,2
99,user_0158,2
99,user_0176,2
99,user_0122,2
99,user_0147,2
99,user_0124,2
99,user_0168,2
99,user_0175,2
99,user_0350,2
99,user_0145,2
99,user_0164,2
99,user_0065,2
99,user_0172,2
99,user_0062,2
99,user_0129,2
99,user_0133,2
99,user_0150,2
99,user_0142,2
99,user_0153,2
99,user_0130,2
99,user_0169,2
99,user_0138,2
99,user_0120,2
99,user_0136,2
99,user_0123,2
99,user_0137,2
99,user_0178,2
99,user_0132,2
99,user_0171,2
99,user_0139,2
99,user_0121,2
99,user_0149,2
99,user_0155,2
99,user_0148,2
99,user_0151,2
99,user_0163,2
99,user_0152,2
99,user_0144,2
99,user_0064,2
99,user_0143,2
99,user_0159,2
99,user_0160,2
99,user_0131,2
99,user_0067,2
99,user_0146,2
99,user_0166,2
99,user_0170,2
99,user_0063,2
99,user_0165,2
99,user_0135,2
99,user_0126,2
99,user_0156,2
99,user_0125,2
99,user_0060,2
99,user_0061,2
99,user_0167,2
99,user_0154,2
99,user_0173,2
99,user_0127,2
99,user_0161,2
99,user_0066,2
99,user_0140,2
99,user_0018,0
99,user_0032,0
99,user_0010,0
99,user_0041,0
99,user_0030,0
99,user_0031,0
99,user_0059,0
99,user_0042,0
99,user_0003,0
99,user_0025,0
99,user_0054,0
99,user_0014,0
99,user_0007,0
99,user_0023,0
99,user_0039,0
99,user_0057,0
99,user_0000,0
99,user_0021,0
99,user_0020,0
99,user_0001,0
99,user_0011,0
99,user_0034,0
99,user_0017,0
99,user_0016,0
99,user_0005,0
99,user_0040,0
99,user_0048,0
99,user_0008,0
99,user_0029,0
99,user_0044,0
99,user_0028,0
99,user_0038,0
99,user_0019,0
99,user_0009,0
99,user_0055,0
99,user_0047,0
99,user_0050,0
99,user_0058,0
99,user_0036,0
99,user_0015,0
99,user_0037,0
99,user_0052,0
99,user_0004,0
99,user_0049,0
99,user_0026,0
99,user_0027,0
99,user_0035,0
99,user_0006,0
99,user_0012,0
99,user_0024,0
99,user_0033,0
99,user_0043,0
99,user_0053,0
99,user_0013,0
99,user_0002,0
99,user_0045,0
99,user_0056,0
99,user_0051,0
99,user_0022,0
99,user_0046,0
99,user_0074,1
99,user_0096,1
99,user_0077,1
99,user_0087,1
99,user_0069,1
99,user_0094,1
99,user_0109,1
99,user_0073,1
99,user_0092,1
99,user_0086,1
99,user_0076,1
99,user_0081,1
99,user_0083,1
99,user_0088,1
99,user_0111,1
99,user_0102,1
99,user_0079,1
99,user_0104,1
99,user_0103,1
99,user_0091,1
99,user_0118,1
99,user_0116,1
99,user_0098,1
99,user_0072,1
99,user_0113,1
99,user_0075,1
99,user_0068,1
99,user_0090,1
99,user_0117,1
99,user_0093,1
99,user_0089,1
99,user_0115,1
99,user_0100,1
99,user_0107,1
99,user_0110,1
99,user_0084,1
99,user_0078,1
99,user_0114,1
99,user_0106,1
99,user_0080,1
99,user_0099,1
99,user_0071,1
99,user_0095,1
99,user_0105,1
99,user_0108,1
99,user_0082,1
99,user_0070,1
99,user_0119,1
99,user_0112,1
99,user_0085,1
99,user_0097,1
99,user_0101,1
99,user_0335,6
99,user_0349,6
99,user_0347,6
99,user_0340,6
99,user_0353,6
99,user_0357,6
99,user_0354,6
99,user_0330,6
99,user_0348,6
99,user_0332,6
99,user_0338,6
99,user_0341,6
99,user_0358,6
99,user_0346,6
99,user_0356,6
99,user_0324,6
99,user_0355,6
99,user_0345,6
99,user_0343,6
99,user_0331,6
99,user_0342,6
99,user_0339,6
99,user_0337,6
99,user_0336,6
99,user_0359,6
99,user_0334,6
99,user_0344,6
99,user_0333,6
99,user_0351,6
99,user_0352,6
99,user_0318,3
99,user_0328,3
99,user_0306,3
99,user_0316,3
99,user_0302,3
99,user_0329,3
99,user_0312,3
99,user_0303,3
99,user_0305,3
99,user_0315,3
99,user_0313,3
99,user_0323,3
99,user_0326,3
99,user_0319,3
99,user_0304,3
99,user_0327,3
99,user_0309,3
99,user_0311,3
99,user_0322,3
99,user_0310,3
99,user_0301,3
99,user_0317,3
99,user_0320,3
99,user_0300,3
99,user_0325,3
99,user_0307,3
99,user_0308,3
99,user_0321,3
99,user_0314,3
100,user_0263,5
100,user_0274,5
100,user_0262,5
100,user_0187,5
100,user_0281,5
100,user_0194,5
100,user_0181,5
100,user_0280,5
100,user_0200,5
100,user_0249,5
100,user_0228,5
100,user_0265,5
100,user_0288,5
100,user_0272,5
100,user_0255,5
100,user_0188,5
100,user_0279,5
100,user_0252,5
100,user_0296,5
100,user_0216,5
100,user_0299,5
100,user_0268,5
100,user_0190,5
100,user_0206,5
100,user_0185,5
100,user_0286,5
100,user_0273,5
100,user_0270,5
100,user_0282,5
100,user_0236,5
100,user_0246,5
100,user_0232,5
100,user_0266,5
100,user_0276,5
100,user_0245,5
100,user_0283,5
100,user_0215,5
100,user_0226,5
100,user_0250,5
100,user_0294,5
100,user_0253,5
100,user_0198,5
100,user_0184,5
100,user_0292,5
100,user_0193,5
100,user_0242,5
100,user_0214,5
100,user_0210,5
100,user_0199,5
100,user_0260,5
100,user_0264,5
100,user_0259,5
100,user_0201,5
100,user_0225,5
100,user_0298,5
100,user_0207,5
100,user_0221,5
100,user_0219,5
100,user_0209,5
100,user_0202,5
100,user_0278,5
100,user_0257,5
100,user_0251,5
100,user_0222,5
100,user_0247,5
100,user_0275,5
100,user_0230,5
100,user_0180,5
100,user_0291,5
100,user_0267,5
100,user_0223,5
100,user_0205,5
100,user_0213,5
100,user_0234,5
100,user_0189,5
100,user_0287,5
100,user_0229,5
100,user_0203,5
100,user_0224,5
100,user_0218,5
100,user_0220,5
100,user_0297,5
100,user_0269,5
100,user_0244,5
100,user_0241,5
100,user_0197,5
100,user_0191,5
100,user_0239,5
100,user_0192,5
100,user_0277,5
100,user_0233,5
100,user_0183,5
100,user_0211,5
100,user_0258,5
100,user_0295,5
100,user_0231,5
100,user_0208,5
100,user_0186,5
100,user_0248,5
100,user_0217,5
100,user_0243,5
100,user_0212,5
100,user_0237,5
100,user_0290,5
100,user_0254,5
100,user_0261,5
100,user_0196,5
100,user_0285,5
100,user_0240,5
100,user_0227,5
100,user_0293,5
100,user_0195,5
100,user_0271,5
100,user_0204,5
100,user_0235,5
100,user_0182,5
100,user_0256,5
100,user_0284,5
100,user_0289,5
100,user_0238,5
100,user_0179,2
100,user_0141,2
100,user_0128,2
100,user_0162,2
100,user_0134,2
100,user_0177,2
100,user_0174,2
100,user_0157,2
100,user_0158,2
100,user_0176,2
100,user_0147,2
100,user_0122,2
100,user_0124,2
100,user_0168,2
100,user_0175,2
100,user_0145,2
100,user_0164,2
100,user_0065,2
100,user_0172,2
100,user_0062,2
100,user_0129,2
100,user_0133,2
100,user_0150,2
100,user_0142,2
100,user_0153,2
100,user_0130,2
100,user_0169,2
100,user_0138,2
100,user_0120,2
100,user_0136,2
100,user_0123,2
100,user_0137,2
100,user_0178,2
100,user_0132,2
100,user_0171,2
100,user_0139,2
100,user_0121,2
100,user_0149,2
100,user_0155,2
100,user_0148,2
100,user_0151,2
100,user_0163,2
100,user_0152,2
100,user_0064,2
100,user_0144,2
100,user_0143,2
100,user_0159,2
100,user_0160,2
100,user_0131,2
100,user_0067,2
100,user_0146,2
100,user_0166,2
100,user_0170,2
100,user_0063,2
100,user_0165,2
100,user_0135,2
100,user_0126,2
100,user_0156,2
100,user_0125,2
100,user_0060,2
100,user_0167,2
100,user_0061,2
100,user_0154,2
100,user_0173,2
100,user_0127,2
100,user_0161,2
100,user_0066,2
100,user_0140,2
100,user_0018,0
100,user_0032,0
100,user_0010,0
100,user_0041,0
100,user_0030,0
100,user_0031,0
100,user_0059,0
100,user_0042,0
100,user_0003,0
100,user_0025,0
100,user_0054,0
100,user_0014,0
100,user_0007,0
100,user_0023,0
100,user_0039,0
100,user_0057,0
100,user_0021,0
100,user_0020,0
100,user_0001,0
100,user_0011,0
100,user_0034,0
100,user_0017,0
100,user_0040,0
100,user_0005,0
100,user_0016,0
100,user_0048,0
100,user_0008,0
100,user_0029,0
100,user_0046,0
100,user_0044,0
100,user_0028,0
100,user_0038,0
100,user_0009,0
100,user_0019,0
100,user_0055,0
100,user_0047,0
100,user_0050,0
100,user_0058,0
100,user_0036,0
100,user_0015,0
100,user_0037,0
100,user_0004,0
100,user_0052,0
100,user_0049,0
100,user_0026,0
100,user_0027,0
100,user_0035,0
100,user_0006,0
100,user_0012,0
100,user_0024,0
100,user_0043,0
100,user_0013,0
100,user_0053,0
100,user_0033,0
100,user_0002,0
100,user_0045,0
100,user_0056,0
100,user_0051,0
100,user_0022,0
100,user_0000,0
100,user_0074,1
100,user_0096,1
100,user_0077,1
100,user_0087,1
100,user_0069,1
100,user_0094,1
100,user_0109,1
100,user_0073,1
100,user_0092,1
100,user_0086,1
100,user_0076,1
100,user_0088,1
100,user_0083,1
100,user_0118,1
100,user_0081,1
100,user_0102,1
100,user_0079,1
100,user_0103,1
100,user_0104,1
100,user_0091,1
100,user_0116,1
100,user_0098,1
100,user_0072,1
100,user_0113,1
100,user_0075,1
100,user_0117,1
100,user_0090,1
100,user_0068,1
100,user_0093,1
100,user_0111,1
100,user_0089,1
100,user_0115,1
100,user_0100,1
100,user_0114,1
100,user_0110,1
100,user_0078,1
100,user_0107,1
100,user_0084,1
100,user_0106,1
100,user_0080,1
100,user_0099,1
100,user_0071,1
100,user_0095,1
100,user_0070,1
100,user_0082,1
100,user_0105,1
100,user_0108,1
100,user_0119,1
100,user_0112,1
100,user_0085,1
100,user_0097,1
100,user_0101,1
100,user_0318,3
100,user_0328,3
100,user_0306,3
100,user_0316,3
100,user_0302,3
100,user_0329,3
100,user_0303,3
100,user_0312,3
100,user_0305,3
100,user_0315,3
100,user_0313,3
100,user_0323,3
100,user_0326,3
100,user_0319,3
100,user_0304,3
100,user_0327,3
100,user_0309,3
100,user_0311,3
100,user_0324,3
100,user_0310,3
100,user_0301,3
100,user_0317,3
100,user_0322,3
100,user_0320,3
100,user_0300,3
100,user_0325,3
100,user_0307,3
100,user_0308,3
100,user_0321,3
100,user_0314,3
100,user_0335,6
100,user_0340,6
100,user_0347,6
100,user_0349,6
100,user_0353,6
100,user_0357,6
100,user_0354,6
100,user_0330,6
100,user_0348,6
100,user_0332,6
100,user_0338,6
100,user_0341,6
100,user_0358,6
100,user_0346,6
100,user_0356,6
100,user_0355,6
100,user_0345,6
100,user_0350,6
100,user_0343,6
100,user_0342,6
100,user_0339,6
100,user_0337,6
100,user_0331,6
100,user_0336,6
100,user_0359,6
100,user_0334,6
100,user_0344,6
100,user_0333,6
100,user_0351,6
100,user_0352,6
101,user_0263,5
101,user_0274,5
101,user_0262,5
101,user_0187,5
101,user_0281,5
101,user_0194,5
101,user_0181,5
101,user_0280,5
101,user_0249,5
101,user_0200,5
101,user_0265,5
101,user_0228,5
101,user_0288,5
101,user_0272,5
101,user_0255,5
101,user_0188,5
101,user_0279,5
101,user_0252,5
101,user_0296,5
101,user_0216,5
101,user_0190,5
101,user_0299,5
101,user_0185,5
101,user_0268,5
101,user_0206,5
101,user_0286,5
101,user_0273,5
101,user_0270,5
101,user_0282,5
101,user_0236,5
101,user_0246,5
101,user_0232,5
101,user_0266,5
101,user_0276,5
101,user_0245,5
101,user_0283,5
101,user_0250,5
101,user_0215,5
101,user_0226,5
101,user_0294,5
101,user_0253,5
101,user_0198,5
101,user_0184,5
101,user_0292,5
101,user_0193,5
101,user_0242,5
101,user_0214,5
101,user_0210,5
101,user_0199,5
101,user_0260,5
101,user_0264,5
101,user_0259,5
101,user_0201,5
101,user_0225,5
101,user_0298,5
101,user_0207,5
101,user_0221,5
101,user_0209,5
101,user_0219,5
101,user_0202,5
101,user_0278,5
101,user_0230,5
101,user_0275,5
101,user_0257,5
101,user_0222,5
101,user_0247,5
101,user_0251,5
101,user_0180,5
101,user_0291,5
101,user_0267,5
101,user_0213,5
101,user_0205,5
101,user_0223,5
101,user_0234,5
101,user_0189,5
101,user_0229,5
101,user_0287,5
101,user_0203,5
101,user_0224,5
101,user_0218,5
101,user_0220,5
101,user_0297,5
101,user_0269,5
101,user_0244,5
101,user_0241,5
101,user_0197,5
101,user_0191,5
101,user_0239,5
101,user_0192,5
101,user_0277,5
101,user_0183,5
101,user_0233,5
101,user_0211,5
101,user_0258,5
101,user_0295,5
101,user_0186,5
101,user_0208,5
101,user_0231,5
101,user_0248,5
101,user_0217,5
101,user_0243,5
101,user_0212,5
101,user_0237,5
101,user_0290,5
101,user_0254,5
101,user_0261,5
101,user_0196,5
101,user_0285,5
101,user_0240,5
101,user_0227,5
101,user_0293,5
101,user_0195,5
101,user_0271,5
101,user_0204,5
101,user_0235,5
101,user_0182,5
101,user_0256,5
101,user_0284,5
101,user_0238,5
101,user_0179,2
101,user_0141,2
101,user_0128,2
101,user_0162,2
101,user_0134,2
101,user_0177,2
101,user_0174,2
101,user_0157,2
101,user_0158,2
101,user_0176,2
101,user_0122,2
101,user_0147,2
101,user_0124,2
101,user_0168,2
101,user_0175,2
101,user_0145,2
101,user_0164,2
101,user_0065,2
101,user_0172,2
101,user_0062,2
101,user_0129,2
101,user_0133,2
101,user_0150,2
101,user_0142,2
101,user_0153,2
101,user_0130,2
101,user_0169,2
101,user_0138,2
101,user_0120,2
101,user_0123,2
101,user_0136,2
101,user_0137,2
101,user_0178,2
101,user_0132,2
101,user_0171,2
101,user_0139,2
101,user_0121,2
101,user_0149,2
101,user_0155,2
101,user_0148,2
101,user_0151,2
101,user_0163,2
101,user_0152,2
101,user_0144,2
101,user_0064,2
101,user_0143,2
101,user_0159,2
101,user_0160,2
101,user_0131,2
101,user_0067,2
101,user_0146,2
101,user_0166,2
101,user_0170,2
101,user_0063,2
101,user_0165,2
101,user_0135,2
101,user_0126,2
101,user_0156,2
101,user_0125,2
101,user_0060,2
101,user_0167,2
101,user_0061,2
101,user_0154,2
101,user_0173,2
101,user_0127,2
101,user_0161,2
101,user_0066,2
101,user_0140,2
101,user_0018,0
101,user_0032,0
101,user_0010,0
101,user_0041,0
101,user_0030,0
101,user_0031,0
101,user_0059,0
101,user_0042,0
101,user_0003,0
101,user_0025,0
101,user_0054,0
101,user_0014,0
101,user_0007,0
101,user_0023,0
101,user_0039,0
101,user_0057,0
101,user_0021,0
101,user_0020,0
101,user_0001,0
101,user_0011,0
101,user_0034,0
101,user_0017,0
101,user_0040,0
101,user_0016,0
101,user_0005,0
101,user_0048,0
101,user_0008,0
101,user_0046,0
101,user_0029,0
101,user_0044,0
101,user_0028,0
101,user_0038,0
101,user_0019,0
101,user_0009,0
101,user_0055,0
101,user_0047,0
101,user_0050,0
101,user_0058,0
101,user_0036,0
101,user_0015,0
101,user_0037,0
101,user_0004,0
101,user_0052,0
101,user_0049,0
101,user_0026,0
101,user_0027,0
101,user_0035,0
101,user_0012,0
101,user_0006,0
101,user_0024,0
101,user_0043,0
101,user_0013,0
101,user_0053,0
101,user_0033,0
101,user_0002,0
101,user_0289,0
101,user_0045,0
101,user_0056,0
101,user_0051,0
101,user_0022,0
101,user_0000,0
101,user_0074,1
101,user_0096,1
101,user_0077,1
101,user_0087,1
101,user_0069,1
101,user_0094,1
101,user_0109,1
101,user_0073,1
101,user_0092,1
101,user_0086,1
101,user_0111,1
101,user_0076,1
101,user_0088,1
101,user_0083,1
101,user_0118,1
101,user_0102,1
101,user_0104,1
101,user_0079,1
101,user_0103,1
101,user_0081,1
101,user_0091,1
101,user_0116,1
101,user_0098,1
101,user_0072,1
101,user_0113,1
101,user_0075,1
101,user_0117,1
101,user_0068,1
101,user_0090,1
101,user_0093,1
101,user_0089,1
101,user_0115,1
101,user_0100,1
101,user_0107,1
101,user_0110,1
101,user_0084,1
101,user_0078,1
101,user_0114,1
101,user_0106,1
101,user_0080,1
101,user_0099,1
101,user_0071,1
101,user_0095,1
101,user_0070,1
101,user_0082,1
101,user_0105,1
101,user_0108,1
101,user_0119,1
101,user_0112,1
101,user_0085,1
101,user_0097,1
101,user_0101,1
101,user_0318,3
101,user_0328,3
101,user_0306,3
101,user_0316,3
101,user_0302,3
101,user_0329,3
101,user_0303,3
101,user_0312,3
101,user_0305,3
101,user_0315,3
101,user_0313,3
101,user_0323,3
101,user_0326,3
101,user_0319,3
101,user_0304,3
101,user_0327,3
101,user_0309,3
101,user_0311,3
101,user_0324,3
101,user_0310,3
101,user_0301,3
101,user_0317,3
101,user_0322,3
101,user_0320,3
101,user_0300,3
101,user_0325,3
101,user_0307,3
101,user_0308,3
101,user_0321,3
101,user_0314,3
101,user_0335,6
101,user_0349,6
101,user_0347,6
101,user_0340,6
101,user_0353,6
101,user_0357,6
101,user_0354,6
101,user_0330,6
101,user_0348,6
101,user_0332,6
101,user_0338,6
101,user_0341,6
101,user_0358,6
101,user_0346,6
101,user_0356,6
101,user_0355,6
101,user_0345,6
101,user_0350,6
101,user_0331,6
101,user_0342,6
101,user_0339,6
101,user_0337,6
101,user_0343,6
101,user_0336,6
101,user_0359,6
101,user_0334,6
101,user_0344,6
101,user_0333,6
101,user_0351,6
101,user_0352,6
102,user_0263,5
102,user_0274,5
102,user_0262,5
102,user_0194,5
102,user_0187,5
102,user_0281,5
102,user_0181,5
102,user_0280,5
102,user_0249,5
102,user_0265,5
102,user_0200,5
102,user_0228,5
102,user_0288,5
102,user_0272,5
102,user_0255,5
102,user_0188,5
102,user_0279,5
102,user_0252,5
102,user_0296,5
102,user_0216,5
102,user_0268,5
102,user_0190,5
102,user_0185,5
102,user_0299,5
102,user_0206,5
102,user_0273,5
102,user_0286,5
102,user_0270,5
102,user_0246,5
102,user_0282,5
102,user_0236,5
102,user_0232,5
102,user_0266,5
102,user_0276,5
102,user_0245,5
102,user_0283,5
102,user_0250,5
102,user_0294,5
102,user_0226,5
102,user_0215,5
102,user_0253,5
102,user_0198,5
102,user_0184,5
102,user_0292,5
102,user_0193,5
102,user_0242,5
102,user_0214,5
102,user_0210,5
102,user_0199,5
102,user_0259,5
102,user_0260,5
102,user_0264,5
102,user_0201,5
102,user_0225,5
102,user_0298,5
102,user_0207,5
102,user_0209,5
102,user_0221,5
102,user_0202,5
102,user_0219,5
102,user_0275,5
102,user_0230,5
102,user_0278,5
102,user_0257,5
102,user_0222,5
102,user_0247,5
102,user_0251,5
102,user_0180,5
102,user_0291,5
102,user_0267,5
102,user_0213,5
102,user_0223,5
102,user_0205,5
102,user_0234,5
102,user_0189,5
102,user_0203,5
102,user_0287,5
102,user_0229,5
102,user_0224,5
102,user_0218,5
102,user_0220,5
102,user_0297,5
102,user_0244,5
102,user_0269,5
102,user_0241,5
102,user_0191,5
102,user_0197,5
102,user_0239,5
102,user_0192,5
102,user_0277,5
102,user_0183,5
102,user_0233,5
102,user_0211,5
102,user_0258,5
102,user_0295,5
102,user_0186,5
102,user_0208,5
102,user_0231,5
102,user_0248,5
102,user_0217,5
102,user_0243,5
102,user_0212,5
102,user_0237,5
102,user_0254,5
102,user_0290,5
102,user_0261,5
102,user_0196,5
102,user_0285,5
102,user_0240,5
102,user_0195,5
102,user_0227,5
102,user_0293,5
102,user_0271,5
102,user_0204,5
102,user_0235,5
102,user_0182,5
102,user_0256,5
102,user_0284,5
102,user_0289,5
102,user_0238,5
102,user_0179,2
102,user_0141,2
102,user_0128,2
102,user_0162,2
102,user_0134,2
102,user_0177,2
102,user_0174,2
102,user_0157,2
102,user_0158,2
102,user_0176,2
102,user_0147,2
102,user_0122,2
102,user_0124,2
102,user_0168,2
102,user_0175,2
102,user_0145,2
102,user_0164,2
102,user_0065,2
102,user_0172,2
102,user_0062,2
102,user_0129,2
102,user_0133,2
102,user_0150,2
102,user_0142,2
102,user_0153,2
102,user_0130,2
102,user_0169,2
102,user_0123,2
102,user_0136,2
102,user_0120,2
102,user_0138,2
102,user_0137,2
102,user_0178,2
102,user_0132,2
102,user_0171,2
102,user_0139,2
102,user_0121,2
102,user_0149,2
102,user_0155,2
102,user_0148,2
102,user_0151,2
102,user_0163,2
102,user_0152,2
102,user_0064,2
102,user_0144,2
102,user_0143,2
102,user_0159,2
102,user_0160,2
102,user_0131,2
102,user_0067,2
102,user_0146,2
102,user_0166,2
102,user_0170,2
102,user_0063,2
102,user_0165,2
102,user_0135,2
102,user_0126,2
102,user_0156,2
102,user_0125,2
102,user_0061,2
102,user_0060,2
102,user_0167,2
102,user_0154,2
102,user_0173,2
102,user_0127,2
102,user_0161,2
102,user_0066,2
102,user_0140,2
102,user_0018,0
102,user_0032,0
102,user_0010,0
102,user_0041,0
102,user_0030,0
102,user_0031,0
102,user_0059,0
102,user_0042,0
102,user_0003,0
102,user_0025,0
102,user_0054,0
102,user_0014,0
102,user_0007,0
102,user_0023,0
102,user_0039,0
102,user_0000,0
102,user_0057,0
102,user_0021,0
102,user_0020,0
102,user_0001,0
102,user_0011,0
102,user_0034,0
102,user_0016,0
102,user_0040,0
102,user_0017,0
102,user_0005,0
102,user_0048,0
102,user_0008,0
102,user_0029,0
102,user_0044,0
102,user_0028,0
102,user_0038,0
102,user_0009,0
102,user_0055,0
102,user_0019,0
102,user_0047,0
102,user_0050,0
102,user_0058,0
102,user_0036,0
102,user_0015,0
102,user_0004,0
102,user_0052,0
102,user_0049,0
102,user_0026,0
102,user_0027,0
102,user_0035,0
102,user_0012,0
102,user_0006,0
102,user_0024,0
102,user_0033,0
102,user_0013,0
102,user_0053,0
102,user_0043,0
102,user_0002,0
102,user_0045,0
102,user_0037,0
102,user_0056,0
102,user_0051,0
102,user_0022,0
102,user_0046,0
102,user_0074,1
102,user_0096,1
102,user_0077,1
102,user_0087,1
102,user_0069,1
102,user_0094,1
102,user_0109,1
102,user_0073,1
102,user_0092,1
102,user_0086,1
102,user_0076,1
102,user_0088,1
102,user_0083,1
102,user_0118,1
102,user_0111,1
102,user_0102,1
102,user_0103,1
102,user_0079,1
102,user_0104,1
102,user_0091,1
102,user_0081,1
102,user_0116,1
102,user_0098,1
102,user_0072,1
102,user_0113,1
102,user_0075,1
102,user_0117,1
102,user_0090,1
102,user_0068,1
102,user_0093,1
102,user_0089,1
102,user_0115,1
102,user_0100,1
102,user_0114,1
102,user_0110,1
102,user_0078,1
102,user_0084,1
102,user_0107,1
102,user_0106,1
102,user_0080,1
102,user_0099,1
102,user_0071,1
102,user_0095,1
102,user_0356,1
102,user_0070,1
102,user_0105,1
102,user_0108,1
102,user_0082,1
102,user_0119,1
102,user_0112,1
102,user_0085,1
102,user_0097,1
102,user_0101,1
102,user_0318,3
102,user_0328,3
102,user_0306,3
102,user_0316,3
102,user_0302,3
102,user_0329,3
102,user_0303,3
102,user_0312,3
102,user_0305,3
102,user_0315,3
102,user_0313,3
102,user_0323,3
102,user_0326,3
102,user_0319,3
102,user_0304,3
102,user_0327,3
102,user_0324,3
102,user_0309,3
102,user_0322,3
102,user_0310,3
102,user_0301,3
102,user_0317,3
102,user_0311,3
102,user_0320,3
102,user_0300,3
102,user_0325,3
102,user_0307,3
102,user_0308,3
102,user_0321,3
102,user_0314,3
102,user_0335,6
102,user_0340,6
102,user_0349,6
102,user_0347,6
102,user_0353,6
102,user_0357,6
102,user_0354,6
102,user_0330,6
102,user_0348,6
102,user_0332,6
102,user_0338,6
102,user_0341,6
102,user_0358,6
102,user_0346,6
102,user_0355,6
102,user_0345,6
102,user_0343,6
102,user_0350,6
102,user_0342,6
102,user_0339,6
102,user_0337,6
102,user_0334,6
102,user_0336,6
102,user_0359,6
102,user_0331,6
102,user_0344,6
102,user_0333,6
102,user_0351,6
102,user_0352,6
103,user_0263,5
103,user_0274,5
103,user_0262,5
103,user_0194,5
103,user_0187,5
103,user_0281,5
103,user_0181,5
103,user_0249,5
103,user_0228,5
103,user_0280,5
103,user_0200,5
103,user_0265,5
103,user_0288,5
103,user_0272,5
103,user_0255,5
103,user_0188,5
103,user_0279,5
103,user_0252,5
103,user_0296,5
103,user_0216,5
103,user_0190,5
103,user_0268,5
103,user_0299,5
103,user_0206,5
103,user_0185,5
103,user_0273,5
103,user_0282,5
103,user_0270,5
103,user_0246,5
103,user_0236,5
103,user_0286,5
103,user_0232,5
103,user_0266,5
103,user_0276,5
103,user_0245,5
103,user_0283,5
103,user_0215,5
103,user_0226,5
103,user_0250,5
103,user_0294,5
103,user_0253,5
103,user_0198,5
103,user_0184,5
103,user_0292,5
103,user_0193,5
103,user_0242,5
103,user_0214,5
103,user_0210,5
103,user_0199,5
103,user_0259,5
103,user_0260,5
103,user_0264,5
103,user_0201,5
103,user_0225,5
103,user_0298,5
103,user_0207,5
103,user_0209,5
103,user_0219,5
103,user_0221,5
103,user_0202,5
103,user_0275,5
103,user_0257,5
103,user_0278,5
103,user_0230,5
103,user_0251,5
103,user_0247,5
103,user_0222,5
103,user_0180,5
103,user_0291,5
103,user_0267,5
103,user_0213,5
103,user_0223,5
103,user_0205,5
103,user_0234,5
103,user_0189,5
103,user_0203,5
103,user_0229,5
103,user_0287,5
103,user_0224,5
103,user_0218,5
103,user_0220,5
103,user_0297,5
103,user_0244,5
103,user_0269,5
103,user_0241,5
103,user_0191,5
103,user_0197,5
103,user_0239,5
103,user_0192,5
103,user_0277,5
103,user_0183,5
103,user_0233,5
103,user_0211,5
103,user_0258,5
103,user_0295,5
103,user_0186,5
103,user_0208,5
103,user_0231,5
103,user_0248,5
103,user_0217,5
103,user_0243,5
103,user_0212,5
103,user_0237,5
103,user_0254,5
103,user_0290,5
103,user_0261,5
103,user_0196,5
103,user_0285,5
103,user_0227,5
103,user_0195,5
103,user_0240,5
103,user_0293,5
103,user_0271,5
103,user_0204,5
103,user_0235,5
103,user_0182,5
103,user_0256,5
103,user_0284,5
103,user_0289,5
103,user_0238,5
103,user_0179,2
103,user_0141,2
103,user_0128,2
103,user_0162,2
103,user_0134,2
103,user_0177,2
103,user_0174,2
103,user_0157,2
103,user_0158,2
103,user_0176,2
103,user_0147,2
103,user_0122,2
103,user_0124,2
103,user_0168,2
103,user_0175,2
103,user_0145,2
103,user_0164,2
103,user_0065,2
103,user_0172,2
103,user_0062,2
103,user_0129,2
103,user_0133,2
103,user_0150,2
103,user_0142,2
103,user_0153,2
103,user_0130,2
103,user_0169,2
103,user_0123,2
103,user_0136,2
103,user_0120,2
103,user_0138,2
103,user_0137,2
103,user_0178,2
103,user_0132,2
103,user_0171,2
103,user_0139,2
103,user_0121,2
103,user_0149,2
103,user_0155,2
103,user_0148,2
103,user_0151,2
103,user_0163,2
103,user_0152,2
103,user_0144,2
103,user_0064,2
103,user_0143,2
103,user_0159,2
103,user_0160,2
103,user_0131,2
103,user_0067,2
103,user_0146,2
103,user_0166,2
103,user_0170,2
103,user_0063,2
103,user_0165,2
103,user_0135,2
103,user_0126,2
103,user_0156,2
103,user_0125,2
103,user_0061,2
103,user_0060,2
103,user_0167,2
103,user_0154,2
103,user_0173,2
103,user_0127,2
103,user_0161,2
103,user_0066,2
103,user_0140,2
103,user_0018,0
103,user_0032,0
103,user_0010,0
103,user_0041,0
103,user_0030,0
103,user_0031,0
103,user_0059,0
103,user_0042,0
103,user_0003,0
103,user_0025,0
103,user_0054,0
103,user_0014,0
103,user_0007,0
103,user_0023,0
103,user_0039,0
103,user_0057,0
103,user_0021,0
103,user_0020,0
103,user_0001,0
103,user_0011,0
103,user_0034,0
103,user_0017,0
103,user_0040,0
103,user_0005,0
103,user_0016,0
103,user_0048,0
103,user_0008,0
103,user_0029,0
103,user_0046,0
103,user_0044,0
103,user_0028,0
103,user_0038,0
103,user_0019,0
103,user_0009,0
103,user_0055,0
103,user_0047,0
103,user_0050,0
103,user_0058,0
103,user_0036,0
103,user_0015,0
103,user_0037,0
103,user_0052,0
103,user_0004,0
103,user_0049,0
103,user_0026,0
103,user_0027,0
103,user_0035,0
103,user_0006,0
103,user_0012,0
103,user_0024,0
103,user_0033,0
103,user_0013,0
103,user_0053,0
103,user_0043,0
103,user_0002,0
103,user_0045,0
103,user_0056,0
103,user_0051,0
103,user_0022,0
103,user_0000,0
103,user_0074,1
103,user_0096,1
103,user_0077,1
103,user_0087,1
103,user_0069,1
103,user_0094,1
103,user_0109,1
103,user_0073,1
103,user_0092,1
103,user_0086,1
103,user_0076,1
103,user_0081,1
103,user_0088,1
103,user_0111,1
103,user_0083,1
103,user_0102,1
103,user_0079,1
103,user_0104,1
103,user_0103,1
103,user_0091,1
103,user_0118,1
103,user_0116,1
103,user_0098,1
103,user_0072,1
103,user_0113,1
103,user_0075,1
103,user_0117,1
103,user_0068,1
103,user_0090,1
103,user_0093,1
103,user_0089,1
103,user_0115,1
103,user_0100,1
103,user_0107,1
103,user_0078,1
103,user_0084,1
103,user_0114,1
103,user_0110,1
103,user_0106,1
103,user_0080,1
103,user_0099,1
103,user_0071,1
103,user_0095,1
103,user_0108,1
103,user_0082,1
103,user_0070,1
103,user_0105,1
103,user_0112,1
103,user_0119,1
103,user_0085,1
103,user_0097,1
103,user_0101,1
103,user_0318,3
103,user_0328,3
103,user_0306,3
103,user_0316,3
103,user_0302,3
103,user_0329,3
103,user_0312,3
103,user_0303,3
103,user_0305,3
103,user_0315,3
103,user_0313,3
103,user_0326,3
103,user_0323,3
103,user_0319,3
103,user_0304,3
103,user_0327,3
103,user_0309,3
103,user_0324,3
103,user_0311,3
103,user_0310,3
103,user_0301,3
103,user_0317,3
103,user_0322,3
103,user_0320,3
103,user_0300,3
103,user_0325,3
103,user_0307,3
103,user_0308,3
103,user_0321,3
103,user_0314,3
103,user_0335,6
103,user_0340,6
103,user_0349,6
103,user_0347,6
103,user_0353,6
103,user_0357,6
103,user_0354,6
103,user_0330,6
103,user_0348,6
103,user_0332,6
103,user_0338,6
103,user_0341,6
103,user_0358,6
103,user_0346,6
103,user_0356,6
103,user_0355,6
103,user_0345,6
103,user_0343,6
103,user_0350,6
103,user_0334,6
103,user_0339,6
103,user_0337,6
103,user_0342,6
103,user_0336,6
103,user_0359,6
103,user_0331,6
103,user_0344,6
103,user_0333,6
103,user_0351,6
103,user_0352,6
104,user_0263,5
104,user_0274,5
104,user_0262,5
104,user_0187,5
104,user_0194,5
104,user_0281,5
104,user_0249,5
104,user_0280,5
104,user_0228,5
104,user_0265,5
104,user_0181,5
104,user_0200,5
104,user_0288,5
104,user_0272,5
104,user_0255,5
104,user_0188,5
104,user_0279,5
104,user_0252,5
104,user_0296,5
104,user_0216,5
104,user_0268,5
104,user_0299,5
104,user_0206,5
104,user_0190,5
104,user_0185,5
104,user_0286,5
104,user_0273,5
104,user_0270,5
104,user_0246,5
104,user_0236,5
104,user_0282,5
104,user_0232,5
104,user_0266,5
104,user_0276,5
104,user_0283,5
104,user_0245,5
104,user_0215,5
104,user_0226,5
104,user_0294,5
104,user_0253,5
104,user_0198,5
104,user_0184,5
104,user_0292,5
104,user_0193,5
104,user_0242,5
104,user_0214,5
104,user_0199,5
104,user_0210,5
104,user_0260,5
104,user_0264,5
104,user_0259,5
104,user_0201,5
104,user_0225,5
104,user_0298,5
104,user_0207,5
104,user_0209,5
104,user_0219,5
104,user_0202,5
104,user_0221,5
104,user_0278,5
104,user_0230,5
104,user_0257,5
104,user_0222,5
104,user_0247,5
104,user_0251,5
104,user_0275,5
104,user_0180,5
104,user_0291,5
104,user_0267,5
104,user_0213,5
104,user_0205,5
104,user_0223,5
104,user_0234,5
104,user_0189,5
104,user_0203,5
104,user_0229,5
104,user_0287,5
104,user_0224,5
104,user_0218,5
104,user_0220,5
104,user_0297,5
104,user_0269,5
104,user_0244,5
104,user_0241,5
104,user_0197,5
104,user_0191,5
104,user_0239,5
104,user_0192,5
104,user_0277,5
104,user_0183,5
104,user_0233,5
104,user_0211,5
104,user_0258,5
104,user_0295,5
104,user_0231,5
104,user_0186,5
104,user_0208,5
104,user_0248,5
104,user_0217,5
104,user_0243,5
104,user_0212,5
104,user_0237,5
104,user_0290,5
104,user_0254,5
104,user_0261,5
104,user_0196,5
104,user_0285,5
104,user_0227,5
104,user_0240,5
104,user_0293,5
104,user_0195,5
104,user_0271,5
104,user_0204,5
104,user_0235,5
104,user_0182,5
104,user_0256,5
104,user_0284,5
104,user_0289,5
104,user_0238,5
104,user_0179,2
104,user_0141,2
104,user_0128,2
104,user_0162,2
104,user_0134,2
104,user_0177,2
104,user_0174,2
104,user_0157,2
104,user_0158,2
104,user_0176,2
104,user_0147,2
104,user_0122,2
104,user_0124,2
104,user_0168,2
104,user_0175,2
104,user_0145,2
104,user_0164,2
104,user_0065,2
104,user_0172,2
104,user_0062,2
104,user_0129,2
104,user_0133,2
104,user_0150,2
104,user_0142,2
104,user_0153,2
104,user_0130,2
104,user_0169,2
104,user_0123,2
104,user_0120,2
104,user_0138,2
104,user_0136,2
104,user_0137,2
104,user_0178,2
104,user_0132,2
104,user_0171,2
104,user_0139,2
104,user_0121,2
104,user_0149,2
104,user_0155,2
104,user_0148,2
104,user_0151,2
104,user_0163,2
104,user_0152,2
104,user_0064,2
104,user_0144,2
104,user_0143,2
104,user_0159,2
104,user_0160,2
104,user_0131,2
104,user_0067,2
104,user_0146,2
104,user_0166,2
104,user_0170,2
104,user_0063,2
104,user_0165,2
104,user_0135,2
104,user_0126,2
104,user_0156,2
104,user_0125,2
104,user_0061,2
104,user_0060,2
104,user_0167,2
104,user_0154,2
104,user_0173,2
104,user_0127,2
104,user_0161,2
104,user_0066,2
104,user_0140,2
104,user_0018,0
104,user_0032,0
104,user_0010,0
104,user_0041,0
104,user_0030,0
104,user_0031,0
104,user_0059,0
104,user_0042,0
104,user_0003,0
104,user_0025,0
104,user_0054,0
104,user_0014,0
104,user_0007,0
104,user_0023,0
104,user_0039,0
104,user_0057,0
104,user_0000,0
104,user_0021,0
104,user_0020,0
104,user_0001,0
104,user_0011,0
104,user_0034,0
104,user_0016,0
104,user_0040,0
104,user_0017,0
104,user_0005,0
104,user_0048,0
104,user_0008,0
104,user_0046,0
104,user_0029,0
104,user_0044,0
104,user_0038,0
104,user_0019,0
104,user_0009,0
104,user_0055,0
104,user_0047,0
104,user_0050,0
104,user_0058,0
104,user_0036,0
104,user_0015,0
104,user_0037,0
104,user_0004,0
104,user_0052,0
104,user_0049,0
104,user_0026,0
104,user_0027,0
104,user_0035,0
104,user_0006,0
104,user_0012,0
104,user_0024,0
104,user_0033,0
104,user_0013,0
104,user_0053,0
104,user_0043,0
104,user_0002,0
104,user_0045,0
104,user_0056,0
104,user_0051,0
104,user_0022,0
104,user_0028,0
104,user_0074,1
104,user_0096,1
104,user_0077,1
104,user_0087,1
104,user_0069,1
104,user_0094,1
104,user_0109,1
104,user_0073,1
104,user_0092,1
104,user_0086,1
104,user_0076,1
104,user_0081,1
104,user_0083,1
104,user_0118,1
104,user_0088,1
104,user_0102,1
104,user_0103,1
104,user_0111,1
104,user_0079,1
104,user_0091,1
104,user_0104,1
104,user_0116,1
104,user_0098,1
104,user_0072,1
104,user_0113,1
104,user_0075,1
104,user_0068,1
104,user_0117,1
104,user_0090,1
104,user_0093,1
104,user_0089,1
104,user_0115,1
104,user_0100,1
104,user_0114,1
104,user_0078,1
104,user_0110,1
104,user_0084,1
104,user_0107,1
104,user_0106,1
104,user_0080,1
104,user_0099,1
104,user_0071,1
104,user_0095,1
104,user_0105,1
104,user_0082,1
104,user_0070,1
104,user_0108,1
104,user_0112,1
104,user_0119,1
104,user_0085,1
104,user_0097,1
104,user_0101,1
104,user_0318,3
104,user_0250,3
104,user_0328,3
104,user_0306,3
104,user_0316,3
104,user_0302,3
104,user_0329,3
104,user_0312,3
104,user_0303,3
104,user_0305,3
104,user_0315,3
104,user_0313,3
104,user_0326,3
104,user_0323,3
104,user_0319,3
104,user_0304,3
104,user_0327,3
104,user_0309,3
104,user_0311,3
104,user_0322,3
104,user_0310,3
104,user_0301,3
104,user_0317,3
104,user_0324,3
104,user_0320,3
104,user_0300,3
104,user_0325,3
104,user_0307,3
104,user_0308,3
104,user_0321,3
104,user_0314,3
104,user_0335,6
104,user_0340,6
104,user_0347,6
104,user_0349,6
104,user_0353,6
104,user_0357,6
104,user_0354,6
104,user_0330,6
104,user_0348,6
104,user_0332,6
104,user_0338,6
104,user_0341,6
104,user_0358,6
104,user_0346,6
104,user_0356,6
104,user_0355,6
104,user_0345,6
104,user_0343,6
104,user_0350,6
104,user_0342,6
104,user_0331,6
104,user_0337,6
104,user_0339,6
104,user_0336,6
104,user_0359,6
104,user_0334,6
104,user_0344,6
104,user_0333,6
104,user_0351,6
104,user_0352,6
105,user_0263,5
105,user_0274,5
105,user_0262,5
105,user_0194,5
105,user_0281,5
105,user_0187,5
105,user_0181,5
105,user_0200,5
105,user_0280,5
105,user_0265,5
105,user_0249,5
105,user_0228,5
105,user_0288,5
105,user_0272,5
105,user_0255,5
105,user_0188,5
105,user_0279,5
105,user_0252,5
105,user_0296,5
105,user_0216,5
105,user_0299,5
105,user_0268,5
105,user_0206,5
105,user_0185,5
105,user_0190,5
105,user_0273,5
105,user_0282,5
105,user_0286,5
105,user_0270,5
105,user_0236,5
105,user_0246,5
105,user_0232,5
105,user_0266,5
105,user_0276,5
105,user_0245,5
105,user_0283,5
105,user_0215,5
105,user_0250,5
105,user_0294,5
105,user_0226,5
105,user_0253,5
105,user_0198,5
105,user_0184,5
105,user_0292,5
105,user_0193,5
105,user_0242,5
105,user_0214,5
105,user_0199,5
105,user_0210,5
105,user_0260,5
105,user_0264,5
105,user_0259,5
105,user_0201,5
105,user_0225,5
105,user_0298,5
105,user_0207,5
105,user_0209,5
105,user_0219,5
105,user_0202,5
105,user_0221,5
105,user_0278,5
105,user_0230,5
105,user_0222,5
105,user_0275,5
105,user_0257,5
105,user_0251,5
105,user_0247,5
105,user_0180,5
105,user_0291,5
105,user_0267,5
105,user_0213,5
105,user_0223,5
105,user_0205,5
105,user_0234,5
105,user_0189,5
105,user_0287,5
105,user_0229,5
105,user_0203,5
105,user_0224,5
105,user_0218,5
105,user_0220,5
105,user_0297,5
105,user_0269,5
105,user_0244,5
105,user_0241,5
105,user_0191,5
105,user_0197,5
105,user_0239,5
105,user_0192,5
105,user_0277,5
105,user_0183,5
105,user_0233,5
105,user_0211,5
105,user_0258,5
105,user_0295,5
105,user_0231,5
105,user_0208,5
105,user_0186,5
105,user_0248,5
105,user_0217,5
105,user_0243,5
105,user_0212,5
105,user_0237,5
105,user_0254,5
105,user_0290,5
105,user_0261,5
105,user_0196,5
105,user_0285,5
105,user_0227,5
105,user_0195,5
105,user_0240,5
105,user_0293,5
105,user_0271,5
105,user_0204,5
105,user_0235,5
105,user_0182,5
105,user_0256,5
105,user_0284,5
105,user_0289,5
105,user_0238,5
105,user_0179,2
105,user_0141,2
105,user_0128,2
105,user_0162,2
105,user_0134,2
105,user_0177,2
105,user_0174,2
105,user_0157,2
105,user_0158,2
105,user_0176,2
105,user_0147,2
105,user_0122,2
105,user_0124,2
105,user_0168,2
105,user_0175,2
105,user_0145,2
105,user_0164,2
105,user_0065,2
105,user_0172,2
105,user_0062,2
105,user_0129,2
105,user_0133,2
105,user_0150,2
105,user_0142,2
105,user_0153,2
105,user_0130,2
105,user_0169,2
105,user_0035,2
105,user_0123,2
105,user_0136,2
105,user_0120,2
105,user_0138,2
105,user_0137,2
105,user_0178,2
105,user_0132,2
105,user_0171,2
105,user_0139,2
105,user_0121,2
105,user_0149,2
105,user_0155,2
105,user_0148,2
105,user_0151,2
105,user_0163,2
105,user_0152,2
105,user_0064,2
105,user_0144,2
105,user_0143,2
105,user_0159,2
105,user_0160,2
105,user_0131,2
105,user_0067,2
105,user_0146,2
105,user_0166,2
105,user_0170,2
105,user_0063,2
105,user_0165,2
105,user_0135,2
105,user_0126,2
105,user_0156,2
105,user_0125,2
105,user_0060,2
105,user_0167,2
105,user_0061,2
105,user_0154,2
105,user_0173,2
105,user_0127,2
105,user_0161,2
105,user_0066,2
105,user_0140,2
105,user_0018,0
105,user_0032,0
105,user_0010,0
105,user_0041,0
105,user_0030,0
105,user_0031,0
105,user_0059,0
105,user_0042,0
105,user_0003,0
105,user_0025,0
105,user_0054,0
105,user_0014,0
105,user_0007,0
105,user_0023,0
105,user_0039,0
105,user_0000,0
105,user_0057,0
105,user_0021,0
105,user_0020,0
105,user_0001,0
105,user_0011,0
105,user_0034,0
105,user_0017,0
105,user_0040,0
105,user_0005,0
105,user_0016,0
105,user_0048,0
105,user_0008,0
105,user_0029,0
105,user_0044,0
105,user_0028,0
105,user_0038,0
105,user_0019,0
105,user_0055,0
105,user_0009,0
105,user_0047,0
105,user_0050,0
105,user_0058,0
105,user_0036,0
105,user_0015,0
105,user_0037,0
105,user_0004,0
105,user_0052,0
105,user_0049,0
105,user_0026,0
105,user_0027,0
105,user_0012,0
105,user_0006,0
105,user_0024,0
105,user_0033,0
105,user_0013,0
105,user_0053,0
105,user_0043,0
105,user_0002,0
105,user_0045,0
105,user_0056,0
105,user_0051,0
105,user_0022,0
105,user_0046,0
105,user_0074,1
105,user_0096,1
105,user_0077,1
105,user_0087,1
105,user_0069,1
105,user_0094,1
105,user_0109,1
105,user_0073,1
105,user_0092,1
105,user_0086,1
105,user_0111,1
105,user_0088,1
105,user_0076,1
105,user_0081,1
105,user_0083,1
105,user_0102,1
105,user_0079,1
105,user_0103,1
105,user_0118,1
105,user_0091,1
105,user_0104,1
105,user_0116,1
105,user_0098,1
105,user_0072,1
105,user_0113,1
105,user_0075,1
105,user_0117,1
105,user_0068,1
105,user_0090,1
105,user_0093,1
105,user_0089,1
105,user_0115,1
105,user_0100,1
105,user_0107,1
105,user_0114,1
105,user_0110,1
105,user_0084,1
105,user_0078,1
105,user_0106,1
105,user_0080,1
105,user_0099,1
105,user_0071,1
105,user_0095,1
105,user_0105,1
105,user_0082,1
105,user_0070,1
105,user_0108,1
105,user_0119,1
105,user_0112,1
105,user_0085,1
105,user_0097,1
105,user_0101,1
105,user_0318,3
105,user_0328,3
105,user_0306,3
105,user_0316,3
105,user_0302,3
105,user_0329,3
105,user_0303,3
105,user_0312,3
105,user_0305,3
105,user_0315,3
105,user_0313,3
105,user_0326,3
105,user_0323,3
105,user_0319,3
105,user_0304,3
105,user_0327,3
105,user_0309,3
105,user_0324,3
105,user_0322,3
105,user_0310,3
105,user_0301,3
105,user_0317,3
105,user_0311,3
105,user_0320,3
105,user_0300,3
105,user_0325,3
105,user_0307,3
105,user_0308,3
105,user_0321,3
105,user_0314,3
105,user_0335,6
105,user_0340,6
105,user_0347,6
105,user_0349,6
105,user_0353,6
105,user_0357,6
105,user_0354,6
105,user_0330,6
105,user_0348,6
105,user_0332,6
105,user_0338,6
105,user_0341,6
105,user_0358,6
105,user_0346,6
105,user_0356,6
105,user_0355,6
105,user_0345,6
105,user_0350,6
105,user_0343,6
105,user_0342,6
105,user_0339,6
105,user_0334,6
105,user_0337,6
105,user_0336,6
105,user_0359,6
105,user_0331,6
105,user_0344,6
105,user_0333,6
105,user_0351,6
105,user_0352,6
106,user_0263,5
106,user_0274,5
106,user_0262,5
106,user_0187,5
106,user_0281,5
106,user_0194,5
106,user_0181,5
106,user_0200,5
106,user_0249,5
106,user_0280,5
106,user_0228,5
106,user_0265,5
106,user_0288,5
106,user_0272,5
106,user_0188,5
106,user_0255,5
106,user_0279,5
106,user_0252,5
106,user_0296,5
106,user_0216,5
106,user_0190,5
106,user_0299,5
106,user_0206,5
106,user_0268,5
106,user_0185,5
106,user_0273,5
106,user_0286,5
106,user_0270,5
106,user_0246,5
106,user_0236,5
106,user_0282,5
106,user_0232,5
106,user_0266,5
106,user_0276,5
106,user_0245,5
106,user_0283,5
106,user_0215,5
106,user_0226,5
106,user_0294,5
106,user_0250,5
106,user_0253,5
106,user_0198,5
106,user_0184,5
106,user_0292,5
106,user_0193,5
106,user_0242,5
106,user_0214,5
106,user_0210,5
106,user_0199,5
106,user_0259,5
106,user_0264,5
106,user_0260,5
106,user_0201,5
106,user_0225,5
106,user_0298,5
106,user_0207,5
106,user_0221,5
106,user_0209,5
106,user_0202,5
106,user_0219,5
106,user_0275,5
106,user_0230,5
106,user_0278,5
106,user_0257,5
106,user_0247,5
106,user_0222,5
106,user_0251,5
106,user_0180,5
106,user_0291,5
106,user_0267,5
106,user_0213,5
106,user_0223,5
106,user_0205,5
106,user_0234,5
106,user_0189,5
106,user_0229,5
106,user_0287,5
106,user_0203,5
106,user_0224,5
106,user_0218,5
106,user_0220,5
106,user_0297,5
106,user_0244,5
106,user_0269,5
106,user_0241,5
106,user_0197,5
106,user_0191,5
106,user_0239,5
106,user_0192,5
106,user_0277,5
106,user_0233,5
106,user_0183,5
106,user_0211,5
106,user_0258,5
106,user_0295,5
106,user_0231,5
106,user_0186,5
106,user_0208,5
106,user_0248,5
106,user_0217,5
106,user_0243,5
106,user_0212,5
106,user_0237,5
106,user_0290,5
106,user_0254,5
106,user_0261,5
106,user_0196,5
106,user_0285,5
106,user_0240,5
106,user_0195,5
106,user_0293,5
106,user_0227,5
106,user_0271,5
106,user_0204,5
106,user_0235,5
106,user_0182,5
106,user_0256,5
106,user_0284,5
106,user_0289,5
106,user_0238,5
106,user_0179,2
106,user_0141,2
106,user_0128,2
106,user_0162,2
106,user_0134,2
106,user_0177,2
106,user_0174,2
106,user_0157,2
106,user_0158,2
106,user_0176,2
106,user_0122,2
106,user_0147,2
106,user_0124,2
106,user_0168,2
106,user_0175,2
106,user_0145,2
106,user_0164,2
106,user_0065,2
106,user_0172,2
106,user_0062,2
106,user_0129,2
106,user_0133,2
106,user_0150,2
106,user_0142,2
106,user_0153,2
106,user_0130,2
106,user_0169,2
106,user_0123,2
106,user_0138,2
106,user_0136,2
106,user_0120,2
106,user_0137,2
106,user_0178,2
106,user_0132,2
106,user_0171,2
106,user_0139,2
106,user_0121,2
106,user_0149,2
106,user_0155,2
106,user_0148,2
106,user_0151,2
106,user_0163,2
106,user_0152,2
106,user_0144,2
106,user_0064,2
106,user_0143,2
106,user_0159,2
106,user_0160,2
106,user_0131,2
106,user_0067,2
106,user_0146,2
106,user_0166,2
106,user_0170,2
106,user_0063,2
106,user_0165,2
106,user_0135,2
106,user_0126,2
106,user_0156,2
106,user_0125,2
106,user_0060,2
106,user_0061,2
106,user_0167,2
106,user_0154,2
106,user_0173,2
106,user_0127,2
106,user_0161,2
106,user_0066,2
106,user_0140,2
106,user_0018,0
106,user_0032,0
106,user_0010,0
106,user_0041,0
106,user_0030,0
106,user_0031,0
106,user_0059,0
106,user_0042,0
106,user_0003,0
106,user_0025,0
106,user_0054,0
106,user_0014,0
106,user_0023,0
106,user_0007,0
106,user_0039,0
106,user_0057,0
106,user_0000,0
106,user_0021,0
106,user_0020,0
106,user_0001,0
106,user_0011,0
106,user_0034,0
106,user_0016,0
106,user_0040,0
106,user_0005,0
106,user_0017,0
106,user_0048,0
106,user_0008,0
106,user_0029,0
106,user_0044,0
106,user_0028,0
106,user_0038,0
106,user_0009,0
106,user_0019,0
106,user_0055,0
106,user_0047,0
106,user_0050,0
106,user_0058,0
106,user_0036,0
106,user_0015,0
106,user_0052,0
106,user_0004,0
106,user_0049,0
106,user_0026,0
106,user_0027,0
106,user_0035,0
106,user_0012,0
106,user_0006,0
106,user_0024,0
106,user_0043,0
106,user_0013,0
106,user_0033,0
106,user_0053,0
106,user_0002,0
106,user_0045,0
106,user_0037,0
106,user_0056,0
106,user_0051,0
106,user_0022,0
106,user_0046,0
106,user_0074,1
106,user_0096,1
106,user_0077,1
106,user_0087,1
106,user_0069,1
106,user_0094,1
106,user_0109,1
106,user_0073,1
106,user_0092,1
106,user_0086,1
106,user_0111,1
106,user_0088,1
106,user_0083,1
106,user_0118,1
106,user_0076,1
106,user_0102,1
106,user_0104,1
106,user_0103,1
106,user_0079,1
106,user_0091,1
106,user_0081,1
106,user_0116,1
106,user_0098,1
106,user_0072,1
106,user_0113,1
106,user_0075,1
106,user_0068,1
106,user_0090,1
106,user_0117,1
106,user_0093,1
106,user_0089,1
106,user_0115,1
106,user_0100,1
106,user_0107,1
106,user_0110,1
106,user_0084,1
106,user_0114,1
106,user_0078,1
106,user_0106,1
106,user_0080,1
106,user_0099,1
106,user_0071,1
106,user_0095,1
106,user_0070,1
106,user_0108,1
106,user_0105,1
106,user_0082,1
106,user_0119,1
106,user_0112,1
106,user_0085,1
106,user_0097,1
106,user_0101,1
106,user_0335,6
106,user_0349,6
106,user_0340,6
106,user_0347,6
106,user_0353,6
106,user_0357,6
106,user_0354,6
106,user_0330,6
106,user_0348,6
106,user_0332,6
106,user_0338,6
106,user_0341,6
106,user_0358,6
106,user_0346,6
106,user_0356,6
106,user_0355,6
106,user_0345,6
106,user_0343,6
106,user_0350,6
106,user_0342,6
106,user_0339,6
106,user_0337,6
106,user_0331,6
106,user_0336,6
106,user_0359,6
106,user_0334,6
106,user_0344,6
106,user_0333,6
106,user_0351,6
106,user_0352,6
106,user_0318,3
106,user_0328,3
106,user_0306,3
106,user_0316,3
106,user_0302,3
106,user_0329,3
106,user_0303,3
106,user_0312,3
106,user_0305,3
106,user_0315,3
106,user_0313,3
106,user_0323,3
106,user_0326,3
106,user_0319,3
106,user_0304,3
106,user_0327,3
106,user_0309,3
106,user_0311,3
106,user_0322,3
106,user_0310,3
106,user_0301,3
106,user_0317,3
106,user_0324,3
106,user_0320,3
106,user_0300,3
106,user_0325,3
106,user_0307,3
106,user_0308,3
106,user_0321,3
106,user_0314,3
107,user_0263,5
107,user_0274,5
107,user_0262,5
107,user_0194,5
107,user_0281,5
107,user_0187,5
107,user_0280,5
107,user_0249,5
107,user_0228,5
107,user_0265,5
107,user_0181,5
107,user_0200,5
107,user_0288,5
107,user_0272,5
107,user_0255,5
107,user_0188,5
107,user_0279,5
107,user_0252,5
107,user_0296,5
107,user_0216,5
107,user_0268,5
107,user_0190,5
107,user_0185,5
107,user_0206,5
107,user_0299,5
107,user_0273,5
107,user_0286,5
107,user_0270,5
107,user_0246,5
107,user_0236,5
107,user_0282,5
107,user_0232,5
107,user_0266,5
107,user_0276,5
107,user_0283,5
107,user_0245,5
107,user_0215,5
107,user_0294,5
107,user_0226,5
107,user_0250,5
107,user_0253,5
107,user_0198,5
107,user_0184,5
107,user_0292,5
107,user_0193,5
107,user_0242,5
107,user_0214,5
107,user_0199,5
107,user_0210,5
107,user_0259,5
107,user_0260,5
107,user_0264,5
107,user_0201,5
107,user_0225,5
107,user_0298,5
107,user_0207,5
107,user_0209,5
107,user_0219,5
107,user_0221,5
107,user_0202,5
107,user_0278,5
107,user_0230,5
107,user_0251,5
107,user_0222,5
107,user_0247,5
107,user_0275,5
107,user_0257,5
107,user_0180,5
107,user_0291,5
107,user_0267,5
107,user_0223,5
107,user_0205,5
107,user_0213,5
107,user_0234,5
107,user_0189,5
107,user_0229,5
107,user_0203,5
107,user_0287,5
107,user_0224,5
107,user_0218,5
107,user_0220,5
107,user_0297,5
107,user_0244,5
107,user_0269,5
107,user_0241,5
107,user_0191,5
107,user_0197,5
107,user_0239,5
107,user_0192,5
107,user_0277,5
107,user_0233,5
107,user_0183,5
107,user_0211,5
107,user_0258,5
107,user_0295,5
107,user_0231,5
107,user_0208,5
107,user_0186,5
107,user_0248,5
107,user_0217,5
107,user_0243,5
107,user_0212,5
107,user_0237,5
107,user_0290,5
107,user_0254,5
107,user_0261,5
107,user_0196,5
107,user_0285,5
107,user_0240,5
107,user_0227,5
107,user_0195,5
107,user_0293,5
107,user_0271,5
107,user_0204,5
107,user_0235,5
107,user_0182,5
107,user_0256,5
107,user_0284,5
107,user_0289,5
107,user_0238,5
107,user_0179,2
107,user_0141,2
107,user_0128,2
107,user_0162,2
107,user_0134,2
107,user_0177,2
107,user_0174,2
107,user_0157,2
107,user_0158,2
107,user_0176,2
107,user_0147,2
107,user_0122,2
107,user_0124,2
107,user_0168,2
107,user_0175,2
107,user_0145,2
107,user_0164,2
107,user_0065,2
107,user_0172,2
107,user_0062,2
107,user_0129,2
107,user_0133,2
107,user_0150,2
107,user_0142,2
107,user_0153,2
107,user_0130,2
107,user_0169,2
107,user_0138,2
107,user_0136,2
107,user_0120,2
107,user_0123,2
107,user_0137,2
107,user_0178,2
107,user_0132,2
107,user_0171,2
107,user_0139,2
107,user_0121,2
107,user_0149,2
107,user_0155,2
107,user_0148,2
107,user_0151,2
107,user_0163,2
107,user_0152,2
107,user_0144,2
107,user_0064,2
107,user_0143,2
107,user_0159,2
107,user_0160,2
107,user_0131,2
107,user_0067,2
107,user_0146,2
107,user_0166,2
107,user_0170,2
107,user_0063,2
107,user_0165,2
107,user_0135,2
107,user_0126,2
107,user_0156,2
107,user_0125,2
107,user_0060,2
107,user_0061,2
107,user_0167,2
107,user_0154,2
107,user_0173,2
107,user_0127,2
107,user_0161,2
107,user_0066,2
107,user_0140,2
107,user_0018,0
107,user_0032,0
107,user_0010,0
107,user_0041,0
107,user_0030,0
107,user_0031,0
107,user_0059,0
107,user_0042,0
107,user_0003,0
107,user_0025,0
107,user_0054,0
107,user_0014,0
107,user_0023,0
107,user_0007,0
107,user_0039,0
107,user_0057,0
107,user_0000,0
107,user_0021,0
107,user_0020,0
107,user_0001,0
107,user_0011,0
107,user_0034,0
107,user_0016,0
107,user_0017,0
107,user_0005,0
107,user_0040,0
107,user_0048,0
107,user_0008,0
107,user_0029,0
107,user_0044,0
107,user_0028,0
107,user_0038,0
107,user_0019,0
107,user_0009,0
107,user_0055,0
107,user_0047,0
107,user_0050,0
107,user_0058,0
107,user_0036,0
107,user_0015,0
107,user_0004,0
107,user_0052,0
107,user_0049,0
107,user_0026,0
107,user_0027,0
107,user_0035,0
107,user_0012,0
107,user_0006,0
107,user_0024,0
107,user_0033,0
107,user_0013,0
107,user_0043,0
107,user_0053,0
107,user_0002,0
107,user_0045,0
107,user_0037,0
107,user_0056,0
107,user_0051,0
107,user_0022,0
107,user_0046,0
107,user_0074,1
107,user_0096,1
107,user_0077,1
107,user_0087,1
107,user_0069,1
107,user_0094,1
107,user_0109,1
107,user_0073,1
107,user_0092,1
107,user_0086,1
107,user_0076,1
107,user_0081,1
107,user_0118,1
107,user_0083,1
107,user_0088,1
107,user_0102,1
107,user_0104,1
107,user_0103,1
107,user_0079,1
107,user_0091,1
107,user_0116,1
107,user_0098,1
107,user_0072,1
107,user_0113,1
107,user_0075,1
107,user_0068,1
107,user_0090,1
107,user_0117,1
107,user_0093,1
107,user_0111,1
107,user_0089,1
107,user_0115,1
107,user_0100,1
107,user_0107,1
107,user_0110,1
107,user_0084,1
107,user_0078,1
107,user_0114,1
107,user_0106,1
107,user_0080,1
107,user_0099,1
107,user_0071,1
107,user_0095,1
107,user_0070,1
107,user_0082,1
107,user_0108,1
107,user_0105,1
107,user_0119,1
107,user_0112,1
107,user_0085,1
107,user_0097,1
107,user_0101,1
107,user_0318,3
107,user_0328,3
107,user_0306,3
107,user_0316,3
107,user_0302,3
107,user_0329,3
107,user_0303,3
107,user_0312,3
107,user_0305,3
107,user_0315,3
107,user_0313,3
107,user_0323,3
107,user_0326,3
107,user_0319,3
107,user_0304,3
107,user_0327,3
107,user_0309,3
107,user_0311,3
107,user_0322,3
107,user_0310,3
107,user_0301,3
107,user_0317,3
107,user_0324,3
107,user_0320,3
107,user_0300,3
107,user_0325,3
107,user_0307,3
107,user_0308,3
107,user_0321,3
107,user_0314,3
107,user_0335,6
107,user_0340,6
107,user_0349,6
107,user_0347,6
107,user_0353,6
107,user_0357,6
107,user_0354,6
107,user_0330,6
107,user_0348,6
107,user_0332,6
107,user_0338,6
107,user_0341,6
107,user_0358,6
107,user_0346,6
107,user_0356,6
107,user_0355,6
107,user_0345,6
107,user_0350,6
107,user_0343,6
107,user_0342,6
107,user_0339,6
107,user_0337,6
107,user_0334,6
107,user_0336,6
107,user_0359,6
107,user_0331,6
107,user_0344,6
107,user_0333,6
107,user_0351,6
107,user_0352,6
108,user_0263,5
108,user_0274,5
108,user_0262,5
108,user_0194,5
108,user_0281,5
108,user_0187,5
108,user_0280,5
108,user_0181,5
108,user_0228,5
108,user_0265,5
108,user_0200,5
108,user_0249,5
108,user_0288,5
108,user_0272,5
108,user_0188,5
108,user_0255,5
108,user_0279,5
108,user_0252,5
108,user_0296,5
108,user_0216,5
108,user_0299,5
108,user_0268,5
108,user_0185,5
108,user_0190,5
108,user_0206,5
108,user_0286,5
108,user_0282,5
108,user_0270,5
108,user_0246,5
108,user_0236,5
108,user_0273,5
108,user_0232,5
108,user_0266,5
108,user_0276,5
108,user_0283,5
108,user_0245,5
108,user_0215,5
108,user_0226,5
108,user_0294,5
108,user_0250,5
108,user_0253,5
108,user_0198,5
108,user_0184,5
108,user_0292,5
108,user_0193,5
108,user_0242,5
108,user_0214,5
108,user_0199,5
108,user_0210,5
108,user_0259,5
108,user_0260,5
108,user_0264,5
108,user_0201,5
108,user_0225,5
108,user_0298,5
108,user_0207,5
108,user_0209,5
108,user_0219,5
108,user_0202,5
108,user_0221,5
108,user_0275,5
108,user_0230,5
108,user_0222,5
108,user_0251,5
108,user_0257,5
108,user_0247,5
108,user_0278,5
108,user_0180,5
108,user_0291,5
108,user_0267,5
108,user_0213,5
108,user_0223,5
108,user_0205,5
108,user_0234,5
108,user_0189,5
108,user_0287,5
108,user_0229,5
108,user_0203,5
108,user_0224,5
108,user_0218,5
108,user_0220,5
108,user_0297,5
108,user_0244,5
108,user_0269,5
108,user_0241,5
108,user_0191,5
108,user_0197,5
108,user_0239,5
108,user_0192,5
108,user_0277,5
108,user_0183,5
108,user_0233,5
108,user_0211,5
108,user_0258,5
108,user_0295,5
108,user_0186,5
108,user_0231,5
108,user_0208,5
108,user_0248,5
108,user_0217,5
108,user_0243,5
108,user_0212,5
108,user_0237,5
108,user_0254,5
108,user_0290,5
108,user_0261,5
108,user_0196,5
108,user_0285,5
108,user_0240,5
108,user_0227,5
108,user_0293,5
108,user_0195,5
108,user_0271,5
108,user_0204,5
108,user_0235,5
108,user_0182,5
108,user_0256,5
108,user_0284,5
108,user_0289,5
108,user_0238,5
108,user_0179,2
108,user_0141,2
108,user_0128,2
108,user_0162,2
108,user_0134,2
108,user_0177,2
108,user_0174,2
108,user_0157,2
108,user_0158,2
108,user_0176,2
108,user_0147,2
108,user_0122,2
108,user_0124,2
108,user_0168,2
108,user_0175,2
108,user_0145,2
108,user_0164,2
108,user_0065,2
108,user_0172,2
108,user_0062,2
108,user_0129,2
108,user_0133,2
108,user_0150,2
108,user_0142,2
108,user_0153,2
108,user_0130,2
108,user_0169,2
108,user_0138,2
108,user_0120,2
108,user_0136,2
108,user_0123,2
108,user_0137,2
108,user_0178,2
108,user_0132,2
108,user_0171,2
108,user_0139,2
108,user_0121,2
108,user_0149,2
108,user_0155,2
108,user_0148,2
108,user_0151,2
108,user_0163,2
108,user_0152,2
108,user_0064,2
108,user_0144,2
108,user_0143,2
108,user_0159,2
108,user_0160,2
108,user_0131,2
108,user_0067,2
108,user_0146,2
108,user_0166,2
108,user_0170,2
108,user_0063,2
108,user_0165,2
108,user_0135,2
108,user_0126,2
108,user_0156,2
108,user_0125,2
108,user_0167,2
108,user_0061,2
108,user_0060,2
108,user_0154,2
108,user_0173,2
108,user_0127,2
108,user_0161,2
108,user_0066,2
108,user_0140,2
108,user_0018,0
108,user_0032,0
108,user_0010,0
108,user_0041,0
108,user_0030,0
108,user_0031,0
108,user_0059,0
108,user_0042,0
108,user_0003,0
108,user_0025,0
108,user_0054,0
108,user_0014,0
108,user_0007,0
108,user_0023,0
108,user_0039,0
108,user_0057,0
108,user_0000,0
108,user_0021,0
108,user_0020,0
108,user_0001,0
108,user_0011,0
108,user_0034,0
108,user_0016,0
108,user_0040,0
108,user_0005,0
108,user_0017,0
108,user_0048,0
108,user_0008,0
108,user_0029,0
108,user_0044,0
108,user_0028,0
108,user_0038,0
108,user_0009,0
108,user_0019,0
108,user_0055,0
108,user_0047,0
108,user_0050,0
108,user_0058,0
108,user_0036,0
108,user_0015,0
108,user_0037,0
108,user_0052,0
108,user_0004,0
108,user_0049,0
108,user_0026,0
108,user_0027,0
108,user_0035,0
108,user_0012,0
108,user_0006,0
108,user_0024,0
108,user_0033,0
108,user_0013,0
108,user_0043,0
108,user_0053,0
108,user_0002,0
108,user_0045,0
108,user_0056,0
108,user_0051,0
108,user_0022,0
108,user_0046,0
108,user_0074,1
108,user_0096,1
108,user_0077,1
108,user_0087,1
108,user_0069,1
108,user_0094,1
108,user_0109,1
108,user_0073,1
108,user_0092,1
108,user_0086,1
108,user_0076,1
108,user_0088,1
108,user_0081,1
108,user_0118,1
108,user_0083,1
108,user_0102,1
108,user_0103,1
108,user_0079,1
108,user_0104,1
108,user_0091,1
108,user_0116,1
108,user_0098,1
108,user_0072,1
108,user_0113,1
108,user_0075,1
108,user_0068,1
108,user_0117,1
108,user_0090,1
108,user_0093,1
108,user_0111,1
108,user_0089,1
108,user_0115,1
108,user_0100,1
108,user_0107,1
108,user_0078,1
108,user_0084,1
108,user_0110,1
108,user_0114,1
108,user_0106,1
108,user_0080,1
108,user_0099,1
108,user_0071,1
108,user_0095,1
108,user_0105,1
108,user_0070,1
108,user_0082,1
108,user_0108,1
108,user_0112,1
108,user_0119,1
108,user_0085,1
108,user_0097,1
108,user_0101,1
108,user_0318,3
108,user_0328,3
108,user_0306,3
108,user_0316,3
108,user_0302,3
108,user_0329,3
108,user_0312,3
108,user_0303,3
108,user_0305,3
108,user_0315,3
108,user_0313,3
108,user_0326,3
108,user_0323,3
108,user_0319,3
108,user_0304,3
108,user_0327,3
108,user_0324,3
108,user_0311,3
108,user_0322,3
108,user_0309,3
108,user_0301,3
108,user_0310,3
108,user_0317,3
108,user_0320,3
108,user_0300,3
108,user_0325,3
108,user_0307,3
108,user_0308,3
108,user_0321,3
108,user_0314,3
108,user_0335,6
108,user_0340,6
108,user_0347,6
108,user_0349,6
108,user_0353,6
108,user_0357,6
108,user_0354,6
108,user_0330,6
108,user_0348,6
108,user_0332,6
108,user_0338,6
108,user_0341,6
108,user_0358,6
108,user_0346,6
108,user_0356,6
108,user_0355,6
108,user_0345,6
108,user_0350,6
108,user_0343,6
108,user_0342,6
108,user_0339,6
108,user_0337,6
108,user_0334,6
108,user_0336,6
108,user_0359,6
108,user_0331,6
108,user_0344,6
108,user_0333,6
108,user_0351,6
108,user_0352,6
109,user_0263,5
109,user_0274,5
109,user_0262,5
109,user_0187,5
109,user_0194,5
109,user_0281,5
109,user_0280,5
109,user_0181,5
109,user_0228,5
109,user_0249,5
109,user_0265,5
109,user_0200,5
109,user_0288,5
109,user_0272,5
109,user_0188,5
109,user_0255,5
109,user_0279,5
109,user_0252,5
109,user_0296,5
109,user_0216,5
109,user_0190,5
109,user_0299,5
109,user_0206,5
109,user_0185,5
109,user_0268,5
109,user_0286,5
109,user_0282,5
109,user_0270,5
109,user_0273,5
109,user_0246,5
109,user_0236,5
109,user_0232,5
109,user_0266,5
109,user_0276,5
109,user_0283,5
109,user_0245,5
109,user_0215,5
109,user_0250,5
109,user_0294,5
109,user_0226,5
109,user_0253,5
109,user_0198,5
109,user_0184,5
109,user_0292,5
109,user_0193,5
109,user_0242,5
109,user_0214,5
109,user_0199,5
109,user_0210,5
109,user_0259,5
109,user_0264,5
109,user_0260,5
109,user_0201,5
109,user_0225,5
109,user_0298,5
109,user_0207,5
109,user_0209,5
109,user_0219,5
109,user_0202,5
109,user_0221,5
109,user_0275,5
109,user_0230,5
109,user_0222,5
109,user_0278,5
109,user_0257,5
109,user_0251,5
109,user_0247,5
109,user_0180,5
109,user_0291,5
109,user_0267,5
109,user_0223,5
109,user_0213,5
109,user_0205,5
109,user_0234,5
109,user_0189,5
109,user_0203,5
109,user_0287,5
109,user_0229,5
109,user_0224,5
109,user_0218,5
109,user_0220,5
109,user_0297,5
109,user_0244,5
109,user_0269,5
109,user_0241,5
109,user_0197,5
109,user_0191,5
109,user_0239,5
109,user_0192,5
109,user_0277,5
109,user_0183,5
109,user_0233,5
109,user_0211,5
109,user_0258,5
109,user_0295,5
109,user_0186,5
109,user_0208,5
109,user_0231,5
109,user_0248,5
109,user_0217,5
109,user_0243,5
109,user_0212,5
109,user_0237,5
109,user_0290,5
109,user_0254,5
109,user_0261,5
109,user_0196,5
109,user_0285,5
109,user_0227,5
109,user_0195,5
109,user_0240,5
109,user_0293,5
109,user_0271,5
109,user_0204,5
109,user_0235,5
109,user_0182,5
109,user_0256,5
109,user_0284,5
109,user_0289,5
109,user_0238,5
109,user_0179,2
109,user_0141,2
109,user_0128,2
109,user_0162,2
109,user_0134,2
109,user_0177,2
109,user_0174,2
109,user_0157,2
109,user_0158,2
109,user_0176,2
109,user_0122,2
109,user_0147,2
109,user_0124,2
109,user_0168,2
109,user_0175,2
109,user_0145,2
109,user_0164,2
109,user_0065,2
109,user_0172,2
109,user_0062,2
109,user_0129,2
109,user_0133,2
109,user_0150,2
109,user_0142,2
109,user_0153,2
109,user_0130,2
109,user_0169,2
109,user_0138,2
109,user_0120,2
109,user_0123,2
109,user_0136,2
109,user_0137,2
109,user_0178,2
109,user_0132,2
109,user_0171,2
109,user_0139,2
109,user_0121,2
109,user_0149,2
109,user_0155,2
109,user_0148,2
109,user_0151,2
109,user_0163,2
109,user_0152,2
109,user_0064,2
109,user_0144,2
109,user_0143,2
109,user_0159,2
109,user_0160,2
109,user_0131,2
109,user_0067,2
109,user_0146,2
109,user_0166,2
109,user_0170,2
109,user_0063,2
109,user_0165,2
109,user_0135,2
109,user_0126,2
109,user_0156,2
109,user_0125,2
109,user_0060,2
109,user_0167,2
109,user_0061,2
109,user_0154,2
109,user_0173,2
109,user_0127,2
109,user_0161,2
109,user_0066,2
109,user_0140,2
109,user_0018,0
109,user_0032,0
109,user_0010,0
109,user_0041,0
109,user_0030,0
109,user_0031,0
109,user_0059,0
109,user_0042,0
109,user_0003,0
109,user_0025,0
109,user_0054,0
109,user_0014,0
109,user_0023,0
109,user_0007,0
109,user_0039,0
109,user_0057,0
109,user_0021,0
109,user_0020,0
109,user_0001,0
109,user_0011,0
109,user_0034,0
109,user_0016,0
109,user_0040,0
109,user_0005,0
109,user_0017,0
109,user_0048,0
109,user_0008,0
109,user_0029,0
109,user_0046,0
109,user_0044,0
109,user_0028,0
109,user_0038,0
109,user_0019,0
109,user_0055,0
109,user_0009,0
109,user_0047,0
109,user_0050,0
109,user_0058,0
109,user_0036,0
109,user_0015,0
109,user_0037,0
109,user_0052,0
109,user_0004,0
109,user_0049,0
109,user_0026,0
109,user_0027,0
109,user_0035,0
109,user_0012,0
109,user_0006,0
109,user_0024,0
109,user_0033,0
109,user_0013,0
109,user_0053,0
109,user_0043,0
109,user_0002,0
109,user_0045,0
109,user_0056,0
109,user_0051,0
109,user_0022,0
109,user_0000,0
109,user_0074,1
109,user_0096,1
109,user_0077,1
109,user_0087,1
109,user_0069,1
109,user_0094,1
109,user_0109,1
109,user_0073,1
109,user_0092,1
109,user_0086,1
109,user_0111,1
109,user_0076,1
109,user_0083,1
109,user_0118,1
109,user_0088,1
109,user_0102,1
109,user_0104,1
109,user_0103,1
109,user_0081,1
109,user_0091,1
109,user_0079,1
109,user_0116,1
109,user_0098,1
109,user_0072,1
109,user_0113,1
109,user_0075,1
109,user_0068,1
109,user_0090,1
109,user_0117,1
109,user_0093,1
109,user_0089,1
109,user_0115,1
109,user_0100,1
109,user_0107,1
109,user_0084,1
109,user_0110,1
109,user_0078,1
109,user_0114,1
109,user_0106,1
109,user_0080,1
109,user_0099,1
109,user_0071,1
109,user_0095,1
109,user_0070,1
109,user_0082,1
109,user_0108,1
109,user_0105,1
109,user_0112,1
109,user_0119,1
109,user_0085,1
109,user_0097,1
109,user_0101,1
109,user_0318,3
109,user_0328,3
109,user_0306,3
109,user_0316,3
109,user_0302,3
109,user_0329,3
109,user_0312,3
109,user_0303,3
109,user_0305,3
109,user_0315,3
109,user_0313,3
109,user_0323,3
109,user_0326,3
109,user_0319,3
109,user_0304,3
109,user_0327,3
109,user_0309,3
109,user_0311,3
109,user_0324,3
109,user_0310,3
109,user_0322,3
109,user_0301,3
109,user_0317,3
109,user_0320,3
109,user_0300,3
109,user_0325,3
109,user_0307,3
109,user_0308,3
109,user_0321,3
109,user_0314,3
109,user_0335,6
109,user_0349,6
109,user_0340,6
109,user_0347,6
109,user_0353,6
109,user_0357,6
109,user_0354,6
109,user_0330,6
109,user_0348,6
109,user_0332,6
109,user_0338,6
109,user_0341,6
109,user_0358,6
109,user_0346,6
109,user_0356,6
109,user_0355,6
109,user_0345,6
109,user_0350,6
109,user_0334,6
109,user_0342,6
109,user_0339,6
109,user_0337,6
109,user_0343,6
109,user_0336,6
109,user_0359,6
109,user_0331,6
109,user_0344,6
109,user_0333,6
109,user_0351,6
109,user_0352,6
110,user_0263,5
110,user_0274,5
110,user_0262,5
110,user_0187,5
110,user_0194,5
110,user_0281,5
110,user_0249,5
110,user_0200,5
110,user_0228,5
110,user_0181,5
110,user_0265,5
110,user_0280,5
110,user_0288,5
110,user_0272,5
110,user_0255,5
110,user_0188,5
110,user_0279,5
110,user_0252,5
110,user_0296,5
110,user_0216,5
110,user_0190,5
110,user_0268,5
110,user_0206,5
110,user_0185,5
110,user_0299,5
110,user_0273,5
110,user_0282,5
110,user_0270,5
110,user_0246,5
110,user_0236,5
110,user_0286,5
110,user_0232,5
110,user_0266,5
110,user_0276,5
110,user_0283,5
110,user_0245,5
110,user_0215,5
110,user_0226,5
110,user_0250,5
110,user_0294,5
110,user_0253,5
110,user_0198,5
110,user_0184,5
110,user_0292,5
110,user_0193,5
110,user_0242,5
110,user_0214,5
110,user_0199,5
110,user_0210,5
110,user_0259,5
110,user_0264,5
110,user_0260,5
110,user_0201,5
110,user_0225,5
110,user_0298,5
110,user_0207,5
110,user_0209,5
110,user_0221,5
110,user_0219,5
110,user_0202,5
110,user_0275,5
110,user_0257,5
110,user_0230,5
110,user_0222,5
110,user_0247,5
110,user_0278,5
110,user_0251,5
110,user_0180,5
110,user_0291,5
110,user_0267,5
110,user_0223,5
110,user_0205,5
110,user_0213,5
110,user_0234,5
110,user_0189,5
110,user_0229,5
110,user_0287,5
110,user_0203,5
110,user_0224,5
110,user_0218,5
110,user_0220,5
110,user_0297,5
110,user_0244,5
110,user_0269,5
110,user_0241,5
110,user_0197,5
110,user_0191,5
110,user_0239,5
110,user_0192,5
110,user_0277,5
110,user_0233,5
110,user_0183,5
110,user_0211,5
110,user_0258,5
110,user_0295,5
110,user_0186,5
110,user_0208,5
110,user_0231,5
110,user_0248,5
110,user_0217,5
110,user_0243,5
110,user_0212,5
110,user_0237,5
110,user_0290,5
110,user_0254,5
110,user_0261,5
110,user_0196,5
110,user_0285,5
110,user_0227,5
110,user_0240,5
110,user_0293,5
110,user_0195,5
110,user_0271,5
110,user_0204,5
110,user_0235,5
110,user_0182,5
110,user_0256,5
110,user_0284,5
110,user_0289,5
110,user_0238,5
110,user_0179,2
110,user_0141,2
110,user_0128,2
110,user_0162,2
110,user_0134,2
110,user_0177,2
110,user_0174,2
110,user_0157,2
110,user_0158,2
110,user_0176,2
110,user_0147,2
110,user_0122,2
110,user_0124,2
110,user_0168,2
110,user_0175,2
110,user_0145,2
110,user_0164,2
110,user_0065,2
110,user_0172,2
110,user_0062,2
110,user_0129,2
110,user_0133,2
110,user_0150,2
110,user_0142,2
110,user_0153,2
110,user_0130,2
110,user_0169,2
110,user_0138,2
110,user_0123,2
110,user_0120,2
110,user_0136,2
110,user_0137,2
110,user_0178,2
110,user_0132,2
110,user_0171,2
110,user_0139,2
110,user_0121,2
110,user_0149,2
110,user_0155,2
110,user_0148,2
110,user_0151,2
110,user_0163,2
110,user_0152,2
110,user_0064,2
110,user_0144,2
110,user_0143,2
110,user_0159,2
110,user_0160,2
110,user_0131,2
110,user_0067,2
110,user_0146,2
110,user_0166,2
110,user_0170,2
110,user_0063,2
110,user_0165,2
110,user_0135,2
110,user_0126,2
110,user_0156,2
110,user_0125,2
110,user_0061,2
110,user_0060,2
110,user_0167,2
110,user_0154,2
110,user_0173,2
110,user_0127,2
110,user_0161,2
110,user_0066,2
110,user_0140,2
110,user_0018,0
110,user_0032,0
110,user_0010,0
110,user_0041,0
110,user_0030,0
110,user_0031,0
110,user_0059,0
110,user_0042,0
110,user_0003,0
110,user_0025,0
110,user_0054,0
110,user_0014,0
110,user_0023,0
110,user_0007,0
110,user_0039,0
110,user_0057,0
110,user_0021,0
110,user_0020,0
110,user_0001,0
110,user_0011,0
110,user_0034,0
110,user_0017,0
110,user_0040,0
110,user_0005,0
110,user_0016,0
110,user_0048,0
110,user_0008,0
110,user_0046,0
110,user_0029,0
110,user_0044,0
110,user_0028,0
110,user_0038,0
110,user_0009,0
110,user_0055,0
110,user_0019,0
110,user_0047,0
110,user_0050,0
110,user_0058,0
110,user_0036,0
110,user_0015,0
110,user_0004,0
110,user_0052,0
110,user_0049,0
110,user_0026,0
110,user_0027,0
110,user_0035,0
110,user_0012,0
110,user_0006,0
110,user_0024,0
110,user_0033,0
110,user_0013,0
110,user_0053,0
110,user_0043,0
110,user_0002,0
110,user_0045,0
110,user_0037,0
110,user_0056,0
110,user_0051,0
110,user_0022,0
110,user_0000,0
110,user_0074,1
110,user_0096,1
110,user_0077,1
110,user_0087,1
110,user_0069,1
110,user_0094,1
110,user_0109,1
110,user_0073,1
110,user_0092,1
110,user_0086,1
110,user_0111,1
110,user_0076,1
110,user_0083,1
110,user_0081,1
110,user_0088,1
110,user_0102,1
110,user_0079,1
110,user_0118,1
110,user_0104,1
110,user_0091,1
110,user_0103,1
110,user_0116,1
110,user_0098,1
110,user_0072,1
110,user_0113,1
110,user_0075,1
110,user_0068,1
110,user_0117,1
110,user_0090,1
110,user_0093,1
110,user_0089,1
110,user_0115,1
110,user_0100,1
110,user_0114,1
110,user_0084,1
110,user_0110,1
110,user_0078,1
110,user_0107,1
110,user_0106,1
110,user_0080,1
110,user_0099,1
110,user_0071,1
110,user_0095,1
110,user_0105,1
110,user_0070,1
110,user_0108,1
110,user_0082,1
110,user_0112,1
110,user_0119,1
110,user_0085,1
110,user_0097,1
110,user_0101,1
110,user_0318,3
110,user_0328,3
110,user_0306,3
110,user_0316,3
110,user_0302,3
110,user_0329,3
110,user_0303,3
110,user_0312,3
110,user_0305,3
110,user_0315,3
110,user_0313,3
110,user_0323,3
110,user_0326,3
110,user_0319,3
110,user_0304,3
110,user_0327,3
110,user_0324,3
110,user_0309,3
110,user_0322,3
110,user_0310,3
110,user_0301,3
110,user_0311,3
110,user_0317,3
110,user_0320,3
110,user_0300,3
110,user_0325,3
110,user_0307,3
110,user_0308,3
110,user_0321,3
110,user_0314,3
110,user_0335,6
110,user_0340,6
110,user_0347,6
110,user_0349,6
110,user_0353,6
110,user_0357,6
110,user_0354,6
110,user_0330,6
110,user_0348,6
110,user_0332,6
110,user_0338,6
110,user_0341,6
110,user_0358,6
110,user_0346,6
110,user_0356,6
110,user_0355,6
110,user_0345,6
110,user_0350,6
110,user_0343,6
110,user_0342,6
110,user_0339,6
110,user_0337,6
110,user_0331,6
110,user_0336,6
110,user_0359,6
110,user_0334,6
110,user_0344,6
110,user_0333,6
110,user_0351,6
110,user_0352,6
111,user_0263,5
111,user_0274,5
111,user_0262,5
111,user_0194,5
111,user_0281,5
111,user_0187,5
111,user_0181,5
111,user_0200,5
111,user_0280,5
111,user_0265,5
111,user_0249,5
111,user_0228,5
111,user_0288,5
111,user_0272,5
111,user_0188,5
111,user_0255,5
111,user_0279,5
111,user_0252,5
111,user_0296,5
111,user_0216,5
111,user_0299,5
111,user_0190,5
111,user_0206,5
111,user_0185,5
111,user_0268,5
111,user_0273,5
111,user_0282,5
111,user_0270,5
111,user_0286,5
111,user_0246,5
111,user_0236,5
111,user_0232,5
111,user_0266,5
111,user_0276,5
111,user_0245,5
111,user_0283,5
111,user_0215,5
111,user_0226,5
111,user_0250,5
111,user_0294,5
111,user_0253,5
111,user_0198,5
111,user_0184,5
111,user_0292,5
111,user_0193,5
111,user_0242,5
111,user_0214,5
111,user_0210,5
111,user_0199,5
111,user_0260,5
111,user_0264,5
111,user_0259,5
111,user_0201,5
111,user_0225,5
111,user_0298,5
111,user_0207,5
111,user_0221,5
111,user_0209,5
111,user_0202,5
111,user_0219,5
111,user_0275,5
111,user_0257,5
111,user_0222,5
111,user_0251,5
111,user_0247,5
111,user_0230,5
111,user_0278,5
111,user_0180,5
111,user_0291,5
111,user_0267,5
111,user_0213,5
111,user_0223,5
111,user_0205,5
111,user_0234,5
111,user_0189,5
111,user_0287,5
111,user_0203,5
111,user_0229,5
111,user_0224,5
111,user_0218,5
111,user_0220,5
111,user_0297,5
111,user_0244,5
111,user_0269,5
111,user_0241,5
111,user_0191,5
111,user_0197,5
111,user_0239,5
111,user_0192,5
111,user_0277,5
111,user_0183,5
111,user_0233,5
111,user_0211,5
111,user_0258,5
111,user_0295,5
111,user_0186,5
111,user_0231,5
111,user_0208,5
111,user_0248,5
111,user_0217,5
111,user_0243,5
111,user_0212,5
111,user_0237,5
111,user_0254,5
111,user_0290,5
111,user_0261,5
111,user_0196,5
111,user_0285,5
111,user_0227,5
111,user_0240,5
111,user_0293,5
111,user_0195,5
111,user_0271,5
111,user_0204,5
111,user_0235,5
111,user_0182,5
111,user_0256,5
111,user_0284,5
111,user_0289,5
111,user_0238,5
111,user_0179,2
111,user_0141,2
111,user_0128,2
111,user_0162,2
111,user_0134,2
111,user_0177,2
111,user_0174,2
111,user_0157,2
111,user_0158,2
111,user_0176,2
111,user_0122,2
111,user_0147,2
111,user_0124,2
111,user_0168,2
111,user_0175,2
111,user_0145,2
111,user_0164,2
111,user_0065,2
111,user_0172,2
111,user_0062,2
111,user_0129,2
111,user_0133,2
111,user_0117,2
111,user_0150,2
111,user_0142,2
111,user_0153,2
111,user_0130,2
111,user_0169,2
111,user_0123,2
111,user_0138,2
111,user_0120,2
111,user_0136,2
111,user_0137,2
111,user_0178,2
111,user_0132,2
111,user_0171,2
111,user_0139,2
111,user_0121,2
111,user_0149,2
111,user_0155,2
111,user_0148,2
111,user_0151,2
111,user_0163,2
111,user_0152,2
111,user_0064,2
111,user_0144,2
111,user_0143,2
111,user_0159,2
111,user_0160,2
111,user_0131,2
111,user_0067,2
111,user_0146,2
111,user_0166,2
111,user_0170,2
111,user_0063,2
111,user_0165,2
111,user_0135,2
111,user_0126,2
111,user_0156,2
111,user_0125,2
111,user_0061,2
111,user_0060,2
111,user_0167,2
111,user_0154,2
111,user_0173,2
111,user_0127,2
111,user_0161,2
111,user_0066,2
111,user_0140,2
111,user_0018,0
111,user_0032,0
111,user_0010,0
111,user_0041,0
111,user_0030,0
111,user_0031,0
111,user_0059,0
111,user_0042,0
111,user_0003,0
111,user_0025,0
111,user_0054,0
111,user_0014,0
111,user_0007,0
111,user_0023,0
111,user_0039,0
111,user_0057,0
111,user_0000,0
111,user_0021,0
111,user_0020,0
111,user_0001,0
111,user_0011,0
111,user_0034,0
111,user_0017,0
111,user_0040,0
111,user_0005,0
111,user_0016,0
111,user_0048,0
111,user_0008,0
111,user_0029,0
111,user_0044,0
111,user_0028,0
111,user_0038,0
111,user_0019,0
111,user_0055,0
111,user_0009,0
111,user_0047,0
111,user_0050,0
111,user_0058,0
111,user_0036,0
111,user_0015,0
111,user_0037,0
111,user_0052,0
111,user_0004,0
111,user_0049,0
111,user_0026,0
111,user_0027,0
111,user_0035,0
111,user_0012,0
111,user_0006,0
111,user_0024,0
111,user_0043,0
111,user_0013,0
111,user_0053,0
111,user_0033,0
111,user_0002,0
111,user_0045,0
111,user_0056,0
111,user_0051,0
111,user_0022,0
111,user_0046,0
111,user_0074,1
111,user_0096,1
111,user_0077,1
111,user_0087,1
111,user_0069,1
111,user_0094,1
111,user_0109,1
111,user_0073,1
111,user_0092,1
111,user_0086,1
111,user_0111,1
111,user_0076,1
111,user_0083,1
111,user_0118,1
111,user_0081,1
111,user_0102,1
111,user_0079,1
111,user_0103,1
111,user_0088,1
111,user_0091,1
111,user_0104,1
111,user_0116,1
111,user_0098,1
111,user_0072,1
111,user_0113,1
111,user_0075,1
111,user_0068,1
111,user_0090,1
111,user_0093,1
111,user_0089,1
111,user_0115,1
111,user_0100,1
111,user_0107,1
111,user_0084,1
111,user_0110,1
111,user_0114,1
111,user_0078,1
111,user_0106,1
111,user_0080,1
111,user_0099,1
111,user_0071,1
111,user_0095,1
111,user_0105,1
111,user_0070,1
111,user_0108,1
111,user_0082,1
111,user_0112,1
111,user_0119,1
111,user_0085,1
111,user_0097,1
111,user_0101,1
111,user_0335,6
111,user_0349,6
111,user_0347,6
111,user_0340,6
111,user_0353,6
111,user_0357,6
111,user_0354,6
111,user_0330,6
111,user_0348,6
111,user_0332,6
111,user_0338,6
111,user_0341,6
111,user_0358,6
111,user_0346,6
111,user_0356,6
111,user_0355,6
111,user_0345,6
111,user_0343,6
111,user_0334,6
111,user_0342,6
111,user_0339,6
111,user_0337,6
111,user_0350,6
111,user_0336,6
111,user_0359,6
111,user_0331,6
111,user_0344,6
111,user_0333,6
111,user_0351,6
111,user_0352,6
111,user_0318,3
111,user_0328,3
111,user_0306,3
111,user_0316,3
111,user_0302,3
111,user_0329,3
111,user_0303,3
111,user_0312,3
111,user_0305,3
111,user_0315,3
111,user_0313,3
111,user_0326,3
111,user_0323,3
111,user_0319,3
111,user_0304,3
111,user_0327,3
111,user_0309,3
111,user_0311,3
111,user_0322,3
111,user_0310,3
111,user_0301,3
111,user_0317,3
111,user_0324,3
111,user_0320,3
111,user_0300,3
111,user_0325,3
111,user_0307,3
111,user_0308,3
111,user_0321,3
111,user_0314,3
112,user_0263,5
112,user_0274,5
112,user_0262,5
112,user_0187,5
112,user_0281,5
112,user_0194,5
112,user_0280,5
112,user_0181,5
112,user_0228,5
112,user_0200,5
112,user_0249,5
112,user_0265,5
112,user_0288,5
112,user_0272,5
112,user_0188,5
112,user_0255,5
112,user_0279,5
112,user_0252,5
112,user_0296,5
112,user_0216,5
112,user_0299,5
112,user_0268,5
112,user_0185,5
112,user_0190,5
112,user_0206,5
112,user_0273,5
112,user_0286,5
112,user_0270,5
112,user_0246,5
112,user_0236,5
112,user_0282,5
112,user_0232,5
112,user_0266,5
112,user_0276,5
112,user_0283,5
112,user_0245,5
112,user_0215,5
112,user_0226,5
112,user_0250,5
112,user_0294,5
112,user_0253,5
112,user_0198,5
112,user_0184,5
112,user_0292,5
112,user_0193,5
112,user_0242,5
112,user_0214,5
112,user_0210,5
112,user_0199,5
112,user_0260,5
112,user_0264,5
112,user_0259,5
112,user_0201,5
112,user_0225,5
112,user_0298,5
112,user_0207,5
112,user_0209,5
112,user_0221,5
112,user_0219,5
112,user_0202,5
112,user_0278,5
112,user_0230,5
112,user_0257,5
112,user_0251,5
112,user_0247,5
112,user_0222,5
112,user_0275,5
112,user_0180,5
112,user_0291,5
112,user_0267,5
112,user_0213,5
112,user_0205,5
112,user_0223,5
112,user_0234,5
112,user_0189,5
112,user_0203,5
112,user_0229,5
112,user_0287,5
112,user_0224,5
112,user_0218,5
112,user_0220,5
112,user_0297,5
112,user_0269,5
112,user_0244,5
112,user_0241,5
112,user_0191,5
112,user_0197,5
112,user_0239,5
112,user_0192,5
112,user_0277,5
112,user_0233,5
112,user_0183,5
112,user_0211,5
112,user_0258,5
112,user_0295,5
112,user_0231,5
112,user_0208,5
112,user_0186,5
112,user_0248,5
112,user_0217,5
112,user_0243,5
112,user_0212,5
112,user_0237,5
112,user_0254,5
112,user_0290,5
112,user_0261,5
112,user_0196,5
112,user_0285,5
112,user_0240,5
112,user_0227,5
112,user_0293,5
112,user_0195,5
112,user_0271,5
112,user_0204,5
112,user_0235,5
112,user_0182,5
112,user_0256,5
112,user_0284,5
112,user_0289,5
112,user_0238,5
112,user_0179,2
112,user_0141,2
112,user_0128,2
112,user_0162,2
112,user_0134,2
112,user_0177,2
112,user_0174,2
112,user_0157,2
112,user_0158,2
112,user_0176,2
112,user_0147,2
112,user_0122,2
112,user_0124,2
112,user_0168,2
112,user_0175,2
112,user_0145,2
112,user_0164,2
112,user_0065,2
112,user_0172,2
112,user_0062,2
112,user_0129,2
112,user_0133,2
112,user_0150,2
112,user_0142,2
112,user_0153,2
112,user_0130,2
112,user_0169,2
112,user_0123,2
112,user_0138,2
112,user_0120,2
112,user_0136,2
112,user_0137,2
112,user_0178,2
112,user_0132,2
112,user_0171,2
112,user_0139,2
112,user_0121,2
112,user_0149,2
112,user_0155,2
112,user_0148,2
112,user_0151,2
112,user_0163,2
112,user_0152,2
112,user_0064,2
112,user_0144,2
112,user_0143,2
112,user_0159,2
112,user_0160,2
112,user_0131,2
112,user_0067,2
112,user_0146,2
112,user_0166,2
112,user_0170,2
112,user_0063,2
112,user_0165,2
112,user_0135,2
112,user_0126,2
112,user_0156,2
112,user_0125,2
112,user_0060,2
112,user_0061,2
112,user_0167,2
112,user_0154,2
112,user_0173,2
112,user_0127,2
112,user_0161,2
112,user_0066,2
112,user_0140,2
112,user_0018,0
112,user_0032,0
112,user_0010,0
112,user_0041,0
112,user_0030,0
112,user_0031,0
112,user_0059,0
112,user_0042,0
112,user_0003,0
112,user_0025,0
112,user_0054,0
112,user_0014,0
112,user_0023,0
112,user_0007,0
112,user_0039,0
112,user_0057,0
112,user_0000,0
112,user_0021,0
112,user_0020,0
112,user_0001,0
112,user_0011,0
112,user_0034,0
112,user_0017,0
112,user_0040,0
112,user_0005,0
112,user_0016,0
112,user_0048,0
112,user_0008,0
112,user_0029,0
112,user_0046,0
112,user_0044,0
112,user_0038,0
112,user_0019,0
112,user_0055,0
112,user_0009,0
112,user_0047,0
112,user_0050,0
112,user_0058,0
112,user_0036,0
112,user_0015,0
112,user_0052,0
112,user_0004,0
112,user_0049,0
112,user_0026,0
112,user_0027,0
112,user_0035,0
112,user_0012,0
112,user_0006,0
112,user_0024,0
112,user_0033,0
112,user_0013,0
112,user_0053,0
112,user_0043,0
112,user_0045,0
112,user_0002,0
112,user_0037,0
112,user_0056,0
112,user_0051,0
112,user_0022,0
112,user_0028,0
112,user_0074,1
112,user_0096,1
112,user_0077,1
112,user_0087,1
112,user_0069,1
112,user_0094,1
112,user_0109,1
112,user_0073,1
112,user_0092,1
112,user_0086,1
112,user_0076,1
112,user_0088,1
112,user_0118,1
112,user_0081,1
112,user_0083,1
112,user_0102,1
112,user_0079,1
112,user_0104,1
112,user_0103,1
112,user_0111,1
112,user_0091,1
112,user_0116,1
112,user_0098,1
112,user_0072,1
112,user_0113,1
112,user_0075,1
112,user_0117,1
112,user_0090,1
112,user_0068,1
112,user_0093,1
112,user_0089,1
112,user_0115,1
112,user_0100,1
112,user_0114,1
112,user_0078,1
112,user_0107,1
112,user_0110,1
112,user_0084,1
112,user_0106,1
112,user_0080,1
112,user_0099,1
112,user_0071,1
112,user_0095,1
112,user_0108,1
112,user_0082,1
112,user_0070,1
112,user_0105,1
112,user_0119,1
112,user_0112,1
112,user_0085,1
112,user_0097,1
112,user_0101,1
112,user_0335,6
112,user_0349,6
112,user_0340,6
112,user_0347,6
112,user_0353,6
112,user_0357,6
112,user_0354,6
112,user_0330,6
112,user_0348,6
112,user_0332,6
112,user_0338,6
112,user_0341,6
112,user_0358,6
112,user_0346,6
112,user_0356,6
112,user_0355,6
112,user_0345,6
112,user_0343,6
112,user_0350,6
112,user_0342,6
112,user_0339,6
112,user_0337,6
112,user_0331,6
112,user_0336,6
112,user_0359,6
112,user_0334,6
112,user_0344,6
112,user_0333,6
112,user_0351,6
112,user_0352,6
112,user_0318,3
112,user_0328,3
112,user_0306,3
112,user_0316,3
112,user_0302,3
112,user_0329,3
112,user_0303,3
112,user_0312,3
112,user_0305,3
112,user_0315,3
112,user_0313,3
112,user_0323,3
112,user_0326,3
112,user_0319,3
112,user_0304,3
112,user_0327,3
112,user_0324,3
112,user_0311,3
112,user_0322,3
112,user_0309,3
112,user_0301,3
112,user_0317,3
112,user_0310,3
112,user_0320,3
112,user_0300,3
112,user_0325,3
112,user_0307,3
112,user_0308,3
112,user_0321,3
112,user_0314,3
113,user_0263,5
113,user_0274,5
113,user_0262,5
113,user_0194,5
113,user_0187,5
113,user_0281,5
113,user_0181,5
113,user_0249,5
113,user_0228,5
113,user_0280,5
113,user_0200,5
113,user_0265,5
113,user_0288,5
113,user_0272,5
113,user_0188,5
113,user_0255,5
113,user_0279,5
113,user_0252,5
113,user_0296,5
113,user_0216,5
113,user_0299,5
113,user_0190,5
113,user_0185,5
113,user_0206,5
113,user_0268,5
113,user_0286,5
113,user_0282,5
113,user_0273,5
113,user_0246,5
113,user_0270,5
113,user_0236,5
113,user_0232,5
113,user_0266,5
113,user_0276,5
113,user_0283,5
113,user_0245,5
113,user_0250,5
113,user_0226,5
113,user_0294,5
113,user_0215,5
113,user_0253,5
113,user_0198,5
113,user_0184,5
113,user_0292,5
113,user_0193,5
113,user_0242,5
113,user_0214,5
113,user_0210,5
113,user_0199,5
113,user_0260,5
113,user_0264,5
113,user_0259,5
113,user_0201,5
113,user_0225,5
113,user_0298,5
113,user_0207,5
113,user_0209,5
113,user_0219,5
113,user_0202,5
113,user_0221,5
113,user_0275,5
113,user_0230,5
113,user_0278,5
113,user_0257,5
113,user_0251,5
113,user_0247,5
113,user_0222,5
113,user_0180,5
113,user_0291,5
113,user_0267,5
113,user_0213,5
113,user_0223,5
113,user_0205,5
113,user_0234,5
113,user_0189,5
113,user_0203,5
113,user_0229,5
113,user_0287,5
113,user_0224,5
113,user_0218,5
113,user_0220,5
113,user_0297,5
113,user_0244,5
113,user_0269,5
113,user_0241,5
113,user_0197,5
113,user_0191,5
113,user_0239,5
113,user_0192,5
113,user_0277,5
113,user_0183,5
113,user_0233,5
113,user_0211,5
113,user_0258,5
113,user_0295,5
113,user_0231,5
113,user_0208,5
113,user_0186,5
113,user_0248,5
113,user_0217,5
113,user_0243,5
113,user_0212,5
113,user_0237,5
113,user_0254,5
113,user_0290,5
113,user_0261,5
113,user_0196,5
113,user_0285,5
113,user_0227,5
113,user_0240,5
113,user_0195,5
113,user_0293,5
113,user_0271,5
113,user_0204,5
113,user_0235,5
113,user_0182,5
113,user_0256,5
113,user_0284,5
113,user_0289,5
113,user_0238,5
113,user_0179,2
113,user_0141,2
113,user_0128,2
113,user_0162,2
113,user_0134,2
113,user_0177,2
113,user_0174,2
113,user_0157,2
113,user_0158,2
113,user_0176,2
113,user_0147,2
113,user_0122,2
113,user_0124,2
113,user_0168,2
113,user_0175,2
113,user_0145,2
113,user_0164,2
113,user_0065,2
113,user_0172,2
113,user_0062,2
113,user_0129,2
113,user_0133,2
113,user_0150,2
113,user_0142,2
113,user_0153,2
113,user_0130,2
113,user_0169,2
113,user_0123,2
113,user_0120,2
113,user_0138,2
113,user_0136,2
113,user_0137,2
113,user_0178,2
113,user_0132,2
113,user_0171,2
113,user_0139,2
113,user_0121,2
113,user_0149,2
113,user_0155,2
113,user_0148,2
113,user_0151,2
113,user_0163,2
113,user_0152,2
113,user_0064,2
113,user_0144,2
113,user_0143,2
113,user_0159,2
113,user_0160,2
113,user_0131,2
113,user_0067,2
113,user_0146,2
113,user_0166,2
113,user_0170,2
113,user_0063,2
113,user_0165,2
113,user_0135,2
113,user_0126,2
113,user_0156,2
113,user_0125,2
113,user_0060,2
113,user_0061,2
113,user_0167,2
113,user_0154,2
113,user_0173,2
113,user_0127,2
113,user_0161,2
113,user_0066,2
113,user_0140,2
113,user_0018,0
113,user_0032,0
113,user_0010,0
113,user_0041,0
113,user_0030,0
113,user_0031,0
113,user_0059,0
113,user_0042,0
113,user_0003,0
113,user_0025,0
113,user_0054,0
113,user_0014,0
113,user_0007,0
113,user_0023,0
113,user_0039,0
113,user_0057,0
113,user_0021,0
113,user_0020,0
113,user_0001,0
113,user_0011,0
113,user_0034,0
113,user_0016,0
113,user_0017,0
113,user_0005,0
113,user_0040,0
113,user_0048,0
113,user_0046,0
113,user_0029,0
113,user_0008,0
113,user_0044,0
113,user_0028,0
113,user_0038,0
113,user_0019,0
113,user_0055,0
113,user_0009,0
113,user_0047,0
113,user_0050,0
113,user_0058,0
113,user_0036,0
113,user_0015,0
113,user_0052,0
113,user_0004,0
113,user_0049,0
113,user_0026,0
113,user_0027,0
113,user_0035,0
113,user_0006,0
113,user_0012,0
113,user_0024,0
113,user_0033,0
113,user_0043,0
113,user_0053,0
113,user_0013,0
113,user_0002,0
113,user_0045,0
113,user_0037,0
113,user_0056,0
113,user_0051,0
113,user_0022,0
113,user_0000,0
113,user_0074,1
113,user_0096,1
113,user_0077,1
113,user_0087,1
113,user_0069,1
113,user_0094,1
113,user_0109,1
113,user_0073,1
113,user_0092,1
113,user_0086,1
113,user_0111,1
113,user_0081,1
113,user_0083,1
113,user_0118,1
113,user_0088,1
113,user_0102,1
113,user_0103,1
113,user_0079,1
113,user_0104,1
113,user_0091,1
113,user_0116,1
113,user_0098,1
113,user_0072,1
113,user_0113,1
113,user_0075,1
113,user_0068,1
113,user_0117,1
113,user_0090,1
113,user_0093,1
113,user_0089,1
113,user_0076,1
113,user_0115,1
113,user_0100,1
113,user_0114,1
113,user_0084,1
113,user_0078,1
113,user_0110,1
113,user_0107,1
113,user_0106,1
113,user_0080,1
113,user_0099,1
113,user_0071,1
113,user_0095,1
113,user_0105,1
113,user_0108,1
113,user_0082,1
113,user_0070,1
113,user_0112,1
113,user_0119,1
113,user_0085,1
113,user_0097,1
113,user_0101,1
113,user_0318,3
113,user_0328,3
113,user_0306,3
113,user_0316,3
113,user_0302,3
113,user_0329,3
113,user_0303,3
113,user_0312,3
113,user_0305,3
113,user_0315,3
113,user_0313,3
113,user_0326,3
113,user_0323,3
113,user_0319,3
113,user_0304,3
113,user_0327,3
113,user_0309,3
113,user_0311,3
113,user_0322,3
113,user_0310,3
113,user_0301,3
113,user_0317,3
113,user_0324,3
113,user_0320,3
113,user_0300,3
113,user_0325,3
113,user_0307,3
113,user_0308,3
113,user_0321,3
113,user_0314,3
113,user_0335,6
113,user_0349,6
113,user_0347,6
113,user_0340,6
113,user_0353,6
113,user_0357,6
113,user_0354,6
113,user_0330,6
113,user_0348,6
113,user_0332,6
113,user_0338,6
113,user_0341,6
113,user_0358,6
113,user_0346,6
113,user_0356,6
113,user_0355,6
113,user_0345,6
113,user_0343,6
113,user_0350,6
113,user_0342,6
113,user_0339,6
113,user_0337,6
113,user_0331,6
113,user_0336,6
113,user_0359,6
113,user_0334,6
113,user_0344,6
113,user_0333,6
113,user_0351,6
113,user_0352,6
114,user_0263,5
114,user_0274,5
114,user_0262,5
114,user_0194,5
114,user_0281,5
114,user_0187,5
114,user_0249,5
114,user_0200,5
114,user_0280,5
114,user_0228,5
114,user_0265,5
114,user_0181,5
114,user_0288,5
114,user_0272,5
114,user_0255,5
114,user_0188,5
114,user_0279,5
114,user_0252,5
114,user_0296,5
114,user_0216,5
114,user_0268,5
114,user_0190,5
114,user_0185,5
114,user_0206,5
114,user_0299,5
114,user_0273,5
114,user_0282,5
114,user_0270,5
114,user_0246,5
114,user_0236,5
114,user_0286,5
114,user_0232,5
114,user_0266,5
114,user_0276,5
114,user_0245,5
114,user_0283,5
114,user_0215,5
114,user_0226,5
114,user_0294,5
114,user_0250,5
114,user_0253,5
114,user_0198,5
114,user_0184,5
114,user_0292,5
114,user_0193,5
114,user_0242,5
114,user_0214,5
114,user_0199,5
114,user_0210,5
114,user_0260,5
114,user_0264,5
114,user_0259,5
114,user_0201,5
114,user_0225,5
114,user_0298,5
114,user_0207,5
114,user_0209,5
114,user_0221,5
114,user_0202,5
114,user_0219,5
114,user_0275,5
114,user_0230,5
114,user_0222,5
114,user_0251,5
114,user_0247,5
114,user_0278,5
114,user_0257,5
114,user_0180,5
114,user_0291,5
114,user_0267,5
114,user_0223,5
114,user_0205,5
114,user_0213,5
114,user_0234,5
114,user_0189,5
114,user_0287,5
114,user_0229,5
114,user_0203,5
114,user_0224,5
114,user_0218,5
114,user_0220,5
114,user_0297,5
114,user_0269,5
114,user_0244,5
114,user_0241,5
114,user_0191,5
114,user_0197,5
114,user_0239,5
114,user_0192,5
114,user_0277,5
114,user_0233,5
114,user_0183,5
114,user_0211,5
114,user_0258,5
114,user_0295,5
114,user_0231,5
114,user_0186,5
114,user_0208,5
114,user_0248,5
114,user_0217,5
114,user_0243,5
114,user_0212,5
114,user_0237,5
114,user_0290,5
114,user_0254,5
114,user_0261,5
114,user_0196,5
114,user_0285,5
114,user_0240,5
114,user_0195,5
114,user_0293,5
114,user_0227,5
114,user_0271,5
114,user_0204,5
114,user_0235,5
114,user_0182,5
114,user_0256,5
114,user_0284,5
114,user_0289,5
114,user_0238,5
114,user_0179,2
114,user_0141,2
114,user_0128,2
114,user_0162,2
114,user_0134,2
114,user_0177,2
114,user_0174,2
114,user_0157,2
114,user_0158,2
114,user_0176,2
114,user_0147,2
114,user_0122,2
114,user_0124,2
114,user_0168,2
114,user_0175,2
114,user_0145,2
114,user_0164,2
114,user_0065,2
114,user_0172,2
114,user_0062,2
114,user_0129,2
114,user_0133,2
114,user_0150,2
114,user_0142,2
114,user_0153,2
114,user_0130,2
114,user_0169,2
114,user_0138,2
114,user_0136,2
114,user_0123,2
114,user_0120,2
114,user_0137,2
114,user_0178,2
114,user_0132,2
114,user_0171,2
114,user_0139,2
114,user_0121,2
114,user_0149,2
114,user_0155,2
114,user_0148,2
114,user_0151,2
114,user_0163,2
114,user_0152,2
114,user_0064,2
114,user_0144,2
114,user_0143,2
114,user_0159,2
114,user_0160,2
114,user_0131,2
114,user_0067,2
114,user_0146,2
114,user_0166,2
114,user_0170,2
114,user_0063,2
114,user_0165,2
114,user_0135,2
114,user_0126,2
114,user_0156,2
114,user_0125,2
114,user_0060,2
114,user_0167,2
114,user_0061,2
114,user_0154,2
114,user_0173,2
114,user_0127,2
114,user_0161,2
114,user_0066,2
114,user_0140,2
114,user_0018,0
114,user_0032,0
114,user_0010,0
114,user_0041,0
114,user_0030,0
114,user_0031,0
114,user_0059,0
114,user_0042,0
114,user_0003,0
114,user_0025,0
114,user_0054,0
114,user_0014,0
114,user_0007,0
114,user_0023,0
114,user_0039,0
114,user_0057,0
114,user_0021,0
114,user_0020,0
114,user_0001,0
114,user_0011,0
114,user_0034,0
114,user_0016,0
114,user_0017,0
114,user_0005,0
114,user_0040,0
114,user_0048,0
114,user_0046,0
114,user_0029,0
114,user_0008,0
114,user_0044,0
114,user_0028,0
114,user_0038,0
114,user_0009,0
114,user_0055,0
114,user_0019,0
114,user_0047,0
114,user_0050,0
114,user_0058,0
114,user_0036,0
114,user_0015,0
114,user_0037,0
114,user_0004,0
114,user_0052,0
114,user_0049,0
114,user_0026,0
114,user_0027,0
114,user_0035,0
114,user_0006,0
114,user_0012,0
114,user_0024,0
114,user_0043,0
114,user_0013,0
114,user_0053,0
114,user_0033,0
114,user_0002,0
114,user_0045,0
114,user_0056,0
114,user_0051,0
114,user_0022,0
114,user_0000,0
114,user_0074,1
114,user_0096,1
114,user_0077,1
114,user_0087,1
114,user_0069,1
114,user_0094,1
114,user_0109,1
114,user_0073,1
114,user_0092,1
114,user_0086,1
114,user_0076,1
114,user_0081,1
114,user_0118,1
114,user_0088,1
114,user_0111,1
114,user_0102,1
114,user_0104,1
114,user_0079,1
114,user_0103,1
114,user_0091,1
114,user_0083,1
114,user_0116,1
114,user_0098,1
114,user_0072,1
114,user_0113,1
114,user_0075,1
114,user_0068,1
114,user_0090,1
114,user_0117,1
114,user_0093,1
114,user_0089,1
114,user_0115,1
114,user_0100,1
114,user_0107,1
114,user_0084,1
114,user_0078,1
114,user_0114,1
114,user_0110,1
114,user_0106,1
114,user_0080,1
114,user_0099,1
114,user_0071,1
114,user_0095,1
114,user_0105,1
114,user_0082,1
114,user_0070,1
114,user_0108,1
114,user_0119,1
114,user_0112,1
114,user_0085,1
114,user_0097,1
114,user_0101,1
114,user_0318,3
114,user_0328,3
114,user_0306,3
114,user_0316,3
114,user_0302,3
114,user_0329,3
114,user_0303,3
114,user_0312,3
114,user_0305,3
114,user_0315,3
114,user_0313,3
114,user_0326,3
114,user_0323,3
114,user_0319,3
114,user_0304,3
114,user_0327,3
114,user_0324,3
114,user_0311,3
114,user_0322,3
114,user_0310,3
114,user_0301,3
114,user_0317,3
114,user_0309,3
114,user_0320,3
114,user_0300,3
114,user_0325,3
114,user_0307,3
114,user_0308,3
114,user_0321,3
114,user_0314,3
114,user_0335,6
114,user_0340,6
114,user_0347,6
114,user_0349,6
114,user_0353,6
114,user_0357,6
114,user_0354,6
114,user_0330,6
114,user_0348,6
114,user_0332,6
114,user_0338,6
114,user_0341,6
114,user_0358,6
114,user_0346,6
114,user_0356,6
114,user_0355,6
114,user_0345,6
114,user_0350,6
114,user_0343,6
114,user_0331,6
114,user_0339,6
114,user_0342,6
114,user_0337,6
114,user_0336,6
114,user_0359,6
114,user_0334,6
114,user_0344,6
114,user_0333,6
114,user_0351,6
114,user_0352,6
115,user_0263,5
115,user_0274,5
115,user_0262,5
115,user_0194,5
115,user_0281,5
115,user_0187,5
115,user_0249,5
115,user_0181,5
115,user_0228,5
115,user_0280,5
115,user_0265,5
115,user_0200,5
115,user_0288,5
115,user_0272,5
115,user_0188,5
115,user_0255,5
115,user_0279,5
115,user_0252,5
115,user_0296,5
115,user_0216,5
115,user_0190,5
115,user_0268,5
115,user_0206,5
115,user_0185,5
115,user_0299,5
115,user_0273,5
115,user_0282,5
115,user_0286,5
115,user_0246,5
115,user_0236,5
115,user_0270,5
115,user_0232,5
115,user_0266,5
115,user_0276,5
115,user_0283,5
115,user_0245,5
115,user_0250,5
115,user_0226,5
115,user_0294,5
115,user_0215,5
115,user_0253,5
115,user_0198,5
115,user_0184,5
115,user_0292,5
115,user_0193,5
115,user_0242,5
115,user_0214,5
115,user_0210,5
115,user_0199,5
115,user_0259,5
115,user_0264,5
115,user_0260,5
115,user_0201,5
115,user_0225,5
115,user_0298,5
115,user_0207,5
115,user_0209,5
115,user_0219,5
115,user_0221,5
115,user_0202,5
115,user_0275,5
115,user_0230,5
115,user_0251,5
115,user_0222,5
115,user_0247,5
115,user_0257,5
115,user_0278,5
115,user_0180,5
115,user_0291,5
115,user_0267,5
115,user_0213,5
115,user_0205,5
115,user_0223,5
115,user_0234,5
115,user_0189,5
115,user_0203,5
115,user_0229,5
115,user_0287,5
115,user_0224,5
115,user_0218,5
115,user_0220,5
115,user_0297,5
115,user_0244,5
115,user_0269,5
115,user_0241,5
115,user_0197,5
115,user_0191,5
115,user_0239,5
115,user_0192,5
115,user_0277,5
115,user_0233,5
115,user_0183,5
115,user_0211,5
115,user_0258,5
115,user_0295,5
115,user_0231,5
115,user_0186,5
115,user_0208,5
115,user_0248,5
115,user_0217,5
115,user_0243,5
115,user_0212,5
115,user_0237,5
115,user_0254,5
115,user_0290,5
115,user_0261,5
115,user_0196,5
115,user_0285,5
115,user_0227,5
115,user_0195,5
115,user_0293,5
115,user_0240,5
115,user_0271,5
115,user_0204,5
115,user_0235,5
115,user_0182,5
115,user_0256,5
115,user_0284,5
115,user_0289,5
115,user_0238,5
115,user_0179,2
115,user_0141,2
115,user_0128,2
115,user_0162,2
115,user_0134,2
115,user_0177,2
115,user_0174,2
115,user_0157,2
115,user_0158,2
115,user_0176,2
115,user_0122,2
115,user_0147,2
115,user_0124,2
115,user_0168,2
115,user_0175,2
115,user_0145,2
115,user_0164,2
115,user_0065,2
115,user_0172,2
115,user_0062,2
115,user_0129,2
115,user_0133,2
115,user_0150,2
115,user_0142,2
115,user_0153,2
115,user_0130,2
115,user_0169,2
115,user_0138,2
115,user_0136,2
115,user_0120,2
115,user_0123,2
115,user_0137,2
115,user_0178,2
115,user_0132,2
115,user_0171,2
115,user_0139,2
115,user_0121,2
115,user_0149,2
115,user_0155,2
115,user_0148,2
115,user_0151,2
115,user_0163,2
115,user_0152,2
115,user_0144,2
115,user_0064,2
115,user_0143,2
115,user_0159,2
115,user_0160,2
115,user_0131,2
115,user_0067,2
115,user_0146,2
115,user_0166,2
115,user_0170,2
115,user_0063,2
115,user_0165,2
115,user_0135,2
115,user_0126,2
115,user_0156,2
115,user_0125,2
115,user_0060,2
115,user_0061,2
115,user_0167,2
115,user_0154,2
115,user_0173,2
115,user_0127,2
115,user_0161,2
115,user_0066,2
115,user_0140,2
115,user_0018,0
115,user_0032,0
115,user_0010,0
115,user_0041,0
115,user_0030,0
115,user_0031,0
115,user_0059,0
115,user_0042,0
115,user_0003,0
115,user_0025,0
115,user_0054,0
115,user_0014,0
115,user_0023,0
115,user_0007,0
115,user_0039,0
115,user_0057,0
115,user_0000,0
115,user_0021,0
115,user_0020,0
115,user_0001,0
115,user_0011,0
115,user_0034,0
115,user_0017,0
115,user_0040,0
115,user_0016,0
115,user_0005,0
115,user_0048,0
115,user_0008,0
115,user_0029,0
115,user_0046,0
115,user_0044,0
115,user_0038,0
115,user_0009,0
115,user_0055,0
115,user_0019,0
115,user_0047,0
115,user_0050,0
115,user_0058,0
115,user_0036,0
115,user_0015,0
115,user_0037,0
115,user_0004,0
115,user_0052,0
115,user_0049,0
115,user_0026,0
115,user_0027,0
115,user_0035,0
115,user_0012,0
115,user_0006,0
115,user_0024,0
115,user_0043,0
115,user_0033,0
115,user_0053,0
115,user_0013,0
115,user_0002,0
115,user_0045,0
115,user_0056,0
115,user_0051,0
115,user_0022,0
115,user_0028,0
115,user_0074,1
115,user_0096,1
115,user_0077,1
115,user_0087,1
115,user_0069,1
115,user_0094,1
115,user_0109,1
115,user_0073,1
115,user_0092,1
115,user_0086,1
115,user_0076,1
115,user_0081,1
115,user_0118,1
115,user_0083,1
115,user_0088,1
115,user_0102,1
115,user_0104,1
115,user_0111,1
115,user_0079,1
115,user_0091,1
115,user_0103,1
115,user_0116,1
115,user_0098,1
115,user_0072,1
115,user_0113,1
115,user_0075,1
115,user_0068,1
115,user_0090,1
115,user_0093,1
115,user_0089,1
115,user_0115,1
115,user_0100,1
115,user_0114,1
115,user_0078,1
115,user_0107,1
115,user_0084,1
115,user_0110,1
115,user_0106,1
115,user_0080,1
115,user_0099,1
115,user_0071,1
115,user_0095,1
115,user_0105,1
115,user_0070,1
115,user_0082,1
115,user_0108,1
115,user_0119,1
115,user_0112,1
115,user_0085,1
115,user_0097,1
115,user_0101,1
115,user_0335,6
115,user_0349,6
115,user_0340,6
115,user_0117,6
115,user_0347,6
115,user_0357,6
115,user_0353,6
115,user_0354,6
115,user_0330,6
115,user_0348,6
115,user_0332,6
115,user_0338,6
115,user_0341,6
115,user_0358,6
115,user_0346,6
115,user_0356,6
115,user_0355,6
115,user_0345,6
115,user_0343,6
115,user_0350,6
115,user_0342,6
115,user_0339,6
115,user_0337,6
115,user_0331,6
115,user_0336,6
115,user_0359,6
115,user_0334,6
115,user_0344,6
115,user_0333,6
115,user_0351,6
115,user_0352,6
115,user_0318,3
115,user_0328,3
115,user_0306,3
115,user_0316,3
115,user_0302,3
115,user_0329,3
115,user_0303,3
115,user_0312,3
115,user_0305,3
115,user_0315,3
115,user_0313,3
115,user_0326,3
115,user_0323,3
115,user_0319,3
115,user_0304,3
115,user_0327,3
115,user_0309,3
115,user_0311,3
115,user_0322,3
115,user_0310,3
115,user_0301,3
115,user_0317,3
115,user_0324,3
115,user_0320,3
115,user_0300,3
115,user_0325,3
115,user_0307,3
115,user_0308,3
115,user_0321,3
115,user_0314,3
116,user_0263,5
116,user_0274,5
116,user_0262,5
116,user_0187,5
116,user_0194,5
116,user_0281,5
116,user_0181,5
116,user_0249,5
116,user_0228,5
116,user_0280,5
116,user_0265,5
116,user_0200,5
116,user_0288,5
116,user_0272,5
116,user_0188,5
116,user_0255,5
116,user_0279,5
116,user_0252,5
116,user_0296,5
116,user_0216,5
116,user_0299,5
116,user_0268,5
116,user_0185,5
116,user_0206,5
116,user_0190,5
116,user_0273,5
116,user_0282,5
116,user_0270,5
116,user_0286,5
116,user_0236,5
116,user_0246,5
116,user_0232,5
116,user_0266,5
116,user_0276,5
116,user_0245,5
116,user_0283,5
116,user_0250,5
116,user_0215,5
116,user_0294,5
116,user_0226,5
116,user_0253,5
116,user_0198,5
116,user_0184,5
116,user_0292,5
116,user_0193,5
116,user_0242,5
116,user_0214,5
116,user_0199,5
116,user_0210,5
116,user_0260,5
116,user_0264,5
116,user_0259,5
116,user_0201,5
116,user_0225,5
116,user_0298,5
116,user_0207,5
116,user_0209,5
116,user_0221,5
116,user_0202,5
116,user_0219,5
116,user_0275,5
116,user_0230,5
116,user_0257,5
116,user_0222,5
116,user_0247,5
116,user_0251,5
116,user_0278,5
116,user_0180,5
116,user_0291,5
116,user_0267,5
116,user_0223,5
116,user_0205,5
116,user_0213,5
116,user_0234,5
116,user_0189,5
116,user_0203,5
116,user_0229,5
116,user_0287,5
116,user_0224,5
116,user_0218,5
116,user_0220,5
116,user_0297,5
116,user_0244,5
116,user_0269,5
116,user_0241,5
116,user_0191,5
116,user_0197,5
116,user_0239,5
116,user_0192,5
116,user_0277,5
116,user_0183,5
116,user_0233,5
116,user_0211,5
116,user_0258,5
116,user_0295,5
116,user_0231,5
116,user_0208,5
116,user_0186,5
116,user_0248,5
116,user_0217,5
116,user_0243,5
116,user_0212,5
116,user_0237,5
116,user_0254,5
116,user_0290,5
116,user_0261,5
116,user_0196,5
116,user_0285,5
116,user_0240,5
116,user_0195,5
116,user_0293,5
116,user_0227,5
116,user_0271,5
116,user_0204,5
116,user_0235,5
116,user_0182,5
116,user_0256,5
116,user_0284,5
116,user_0289,5
116,user_0238,5
116,user_0179,2
116,user_0141,2
116,user_0128,2
116,user_0162,2
116,user_0134,2
116,user_0177,2
116,user_0174,2
116,user_0157,2
116,user_0158,2
116,user_0176,2
116,user_0147,2
116,user_0122,2
116,user_0124,2
116,user_0168,2
116,user_0175,2
116,user_0145,2
116,user_0164,2
116,user_0065,2
116,user_0172,2
116,user_0062,2
116,user_0129,2
116,user_0133,2
116,user_0150,2
116,user_0142,2
116,user_0153,2
116,user_0130,2
116,user_0169,2
116,user_0123,2
116,user_0138,2
116,user_0120,2
116,user_0136,2
116,user_0137,2
116,user_0178,2
116,user_0132,2
116,user_0171,2
116,user_0139,2
116,user_0121,2
116,user_0149,2
116,user_0155,2
116,user_0148,2
116,user_0151,2
116,user_0163,2
116,user_0152,2
116,user_0144,2
116,user_0064,2
116,user_0143,2
116,user_0159,2
116,user_0160,2
116,user_0131,2
116,user_0067,2
116,user_0146,2
116,user_0166,2
116,user_0170,2
116,user_0063,2
116,user_0165,2
116,user_0135,2
116,user_0126,2
116,user_0156,2
116,user_0125,2
116,user_0167,2
116,user_0061,2
116,user_0060,2
116,user_0154,2
116,user_0173,2
116,user_0127,2
116,user_0161,2
116,user_0066,2
116,user_0140,2
116,user_0018,0
116,user_0032,0
116,user_0010,0
116,user_0041,0
116,user_0030,0
116,user_0031,0
116,user_0059,0
116,user_0042,0
116,user_0003,0
116,user_0025,0
116,user_0054,0
116,user_0014,0
116,user_0023,0
116,user_0007,0
116,user_0039,0
116,user_0057,0
116,user_0000,0
116,user_0021,0
116,user_0020,0
116,user_0001,0
116,user_0011,0
116,user_0034,0
116,user_0016,0
116,user_0040,0
116,user_0005,0
116,user_0017,0
116,user_0048,0
116,user_0008,0
116,user_0029,0
116,user_0044,0
116,user_0028,0
116,user_0038,0
116,user_0019,0
116,user_0009,0
116,user_0055,0
116,user_0047,0
116,user_0050,0
116,user_0058,0
116,user_0036,0
116,user_0015,0
116,user_0037,0
116,user_0052,0
116,user_0004,0
116,user_0049,0
116,user_0026,0
116,user_0027,0
116,user_0035,0
116,user_0006,0
116,user_0012,0
116,user_0024,0
116,user_0033,0
116,user_0013,0
116,user_0053,0
116,user_0043,0
116,user_0002,0
116,user_0045,0
116,user_0056,0
116,user_0051,0
116,user_0022,0
116,user_0046,0
116,user_0074,1
116,user_0096,1
116,user_0077,1
116,user_0087,1
116,user_0069,1
116,user_0094,1
116,user_0109,1
116,user_0073,1
116,user_0092,1
116,user_0086,1
116,user_0076,1
116,user_0111,1
116,user_0081,1
116,user_0118,1
116,user_0083,1
116,user_0088,1
116,user_0104,1
116,user_0079,1
116,user_0102,1
116,user_0091,1
116,user_0103,1
116,user_0116,1
116,user_0098,1
116,user_0072,1
116,user_0113,1
116,user_0075,1
116,user_0068,1
116,user_0090,1
116,user_0093,1
116,user_0089,1
116,user_0115,1
116,user_0100,1
116,user_0107,1
116,user_0078,1
116,user_0114,1
116,user_0084,1
116,user_0110,1
116,user_0106,1
116,user_0080,1
116,user_0099,1
116,user_0071,1
116,user_0095,1
116,user_0105,1
116,user_0070,1
116,user_0108,1
116,user_0082,1
116,user_0119,1
116,user_0112,1
116,user_0085,1
116,user_0097,1
116,user_0101,1
116,user_0335,6
116,user_0349,6
116,user_0347,6
116,user_0340,6
116,user_0353,6
116,user_0357,6
116,user_0117,6
116,user_0354,6
116,user_0330,6
116,user_0348,6
116,user_0332,6
116,user_0338,6
116,user_0341,6
116,user_0358,6
116,user_0346,6
116,user_0356,6
116,user_0355,6
116,user_0345,6
116,user_0331,6
116,user_0350,6
116,user_0342,6
116,user_0339,6
116,user_0337,6
116,user_0343,6
116,user_0336,6
116,user_0359,6
116,user_0334,6
116,user_0344,6
116,user_0333,6
116,user_0351,6
116,user_0352,6
116,user_0318,3
116,user_0328,3
116,user_0306,3
116,user_0316,3
116,user_0302,3
116,user_0329,3
116,user_0303,3
116,user_0312,3
116,user_0305,3
116,user_0315,3
116,user_0313,3
116,user_0323,3
116,user_0326,3
116,user_0319,3
116,user_0304,3
116,user_0327,3
116,user_0324,3
116,user_0311,3
116,user_0309,3
116,user_0310,3
116,user_0301,3
116,user_0317,3
116,user_0322,3
116,user_0320,3
116,user_0300,3
116,user_0325,3
116,user_0307,3
116,user_0308,3
116,user_0321,3
116,user_0314,3
117,user_0263,5
117,user_0274,5
117,user_0262,5
117,user_0187,5
117,user_0194,5
117,user_0281,5
117,user_0249,5
117,user_0181,5
117,user_0280,5
117,user_0228,5
117,user_0265,5
117,user_0200,5
117,user_0288,5
117,user_0272,5
117,user_0255,5
117,user_0188,5
117,user_0279,5
117,user_0252,5
117,user_0296,5
117,user_0216,5
117,user_0268,5
117,user_0190,5
117,user_0206,5
117,user_0185,5
117,user_0299,5
117,user_0286,5
117,user_0282,5
117,user_0270,5
117,user_0273,5
117,user_0236,5
117,user_0246,5
117,user_0232,5
117,user_0266,5
117,user_0276,5
117,user_0245,5
117,user_0283,5
117,user_0250,5
117,user_0226,5
117,user_0215,5
117,user_0294,5
117,user_0253,5
117,user_0198,5
117,user_0184,5
117,user_0292,5
117,user_0193,5
117,user_0242,5
117,user_0214,5
117,user_0199,5
117,user_0210,5
117,user_0099,5
117,user_0259,5
117,user_0260,5
117,user_0264,5
117,user_0201,5
117,user_0225,5
117,user_0298,5
117,user_0112,5
117,user_0207,5
117,user_0209,5
117,user_0219,5
117,user_0221,5
117,user_0202,5
117,user_0275,5
117,user_0257,5
117,user_0230,5
117,user_0222,5
117,user_0247,5
117,user_0278,5
117,user_0251,5
117,user_0180,5
117,user_0291,5
117,user_0267,5
117,user_0223,5
117,user_0213,5
117,user_0205,5
117,user_0096,5
117,user_0234,5
117,user_0189,5
117,user_0203,5
117,user_0287,5
117,user_0229,5
117,user_0224,5
117,user_0218,5
117,user_0220,5
117,user_0297,5
117,user_0244,5
117,user_0269,5
117,user_0241,5
117,user_0197,5
117,user_0191,5
117,user_0239,5
117,user_0192,5
117,user_0277,5
117,user_0183,5
117,user_0233,5
117,user_0211,5
117,user_0258,5
117,user_0295,5
117,user_0186,5
117,user_0231,5
117,user_0208,5
117,user_0248,5
117,user_0217,5
117,user_0243,5
117,user_0212,5
117,user_0237,5
117,user_0290,5
117,user_0254,5
117,user_0261,5
117,user_0196,5
117,user_0285,5
117,user_0240,5
117,user_0195,5
117,user_0293,5
117,user_0227,5
117,user_0271,5
117,user_0204,5
117,user_0235,5
117,user_0182,5
117,user_0256,5
117,user_0284,5
117,user_0289,5
117,user_0238,5
117,user_0179,2
117,user_0141,2
117,user_0128,2
117,user_0162,2
117,user_0134,2
117,user_0177,2
117,user_0174,2
117,user_0157,2
117,user_0158,2
117,user_0176,2
117,user_0122,2
117,user_0147,2
117,user_0124,2
117,user_0168,2
117,user_0175,2
117,user_0145,2
117,user_0164,2
117,user_0065,2
117,user_0172,2
117,user_0062,2
117,user_0129,2
117,user_0133,2
117,user_0150,2
117,user_0142,2
117,user_0153,2
117,user_0130,2
117,user_0169,2
117,user_0123,2
117,user_0136,2
117,user_0120,2
117,user_0138,2
117,user_0137,2
117,user_0178,2
117,user_0132,2
117,user_0171,2
117,user_0139,2
117,user_0121,2
117,user_0149,2
117,user_0155,2
117,user_0148,2
117,user_0151,2
117,user_0163,2
117,user_0152,2
117,user_0144,2
117,user_0064,2
117,user_0143,2
117,user_0159,2
117,user_0160,2
117,user_0131,2
117,user_0067,2
117,user_0146,2
117,user_0166,2
117,user_0170,2
117,user_0063,2
117,user_0165,2
117,user_0135,2
117,user_0126,2
117,user_0156,2
117,user_0125,2
117,user_0060,2
117,user_0061,2
117,user_0167,2
117,user_0154,2
117,user_0173,2
117,user_0127,2
117,user_0161,2
117,user_0066,2
117,user_0140,2
117,user_0018,0
117,user_0032,0
117,user_0010,0
117,user_0041,0
117,user_0030,0
117,user_0031,0
117,user_0059,0
117,user_0042,0
117,user_0003,0
117,user_0025,0
117,user_0054,0
117,user_0014,0
117,user_0023,0
117,user_0007,0
117,user_0039,0
117,user_0057,0
117,user_0000,0
117,user_0021,0
117,user_0020,0
117,user_0001,0
117,user_0011,0
117,user_0034,0
117,user_0017,0
117,user_0040,0
117,user_0016,0
117,user_0005,0
117,user_0048,0
117,user_0046,0
117,user_0029,0
117,user_0008,0
117,user_0044,0
117,user_0038,0
117,user_0019,0
117,user_0055,0
117,user_0009,0
117,user_0047,0
117,user_0090,0
117,user_0050,0
117,user_0058,0
117,user_0036,0
117,user_0015,0
117,user_0004,0
117,user_0052,0
117,user_0049,0
117,user_0026,0
117,user_0027,0
117,user_0035,0
117,user_0012,0
117,user_0006,0
117,user_0024,0
117,user_0043,0
117,user_0033,0
117,user_0053,0
117,user_0013,0
117,user_0002,0
117,user_0045,0
117,user_0037,0
117,user_0056,0
117,user_0051,0
117,user_0022,0
117,user_0028,0
117,user_0074,1
117,user_0077,1
117,user_0087,1
117,user_0069,1
117,user_0094,1
117,user_0109,1
117,user_0073,1
117,user_0092,1
117,user_0086,1
117,user_0076,1
117,user_0081,1
117,user_0083,1
117,user_0088,1
117,user_0118,1
117,user_0102,1
117,user_0079,1
117,user_0103,1
117,user_0104,1
117,user_0091,1
117,user_0116,1
117,user_0098,1
117,user_0072,1
117,user_0113,1
117,user_0075,1
117,user_0068,1
117,user_0117,1
117,user_0093,1
117,user_0111,1
117,user_0089,1
117,user_0115,1
117,user_0100,1
117,user_0107,1
117,user_0078,1
117,user_0114,1
117,user_0084,1
117,user_0110,1
117,user_0106,1
117,user_0080,1
117,user_0071,1
117,user_0095,1
117,user_0070,1
117,user_0108,1
117,user_0105,1
117,user_0119,1
117,user_0085,1
117,user_0097,1
117,user_0101,1
117,user_0318,3
117,user_0328,3
117,user_0306,3
117,user_0316,3
117,user_0302,3
117,user_0329,3
117,user_0312,3
117,user_0303,3
117,user_0305,3
117,user_0315,3
117,user_0313,3
117,user_0323,3
117,user_0326,3
117,user_0319,3
117,user_0304,3
117,user_0327,3
117,user_0324,3
117,user_0311,3
117,user_0309,3
117,user_0310,3
117,user_0322,3
117,user_0082,3
117,user_0301,3
117,user_0317,3
117,user_0300,3
117,user_0320,3
117,user_0325,3
117,user_0307,3
117,user_0308,3
117,user_0321,3
117,user_0314,3
117,user_0335,6
117,user_0340,6
117,user_0347,6
117,user_0349,6
117,user_0353,6
117,user_0357,6
117,user_0354,6
117,user_0330,6
117,user_0348,6
117,user_0332,6
117,user_0338,6
117,user_0341,6
117,user_0358,6
117,user_0346,6
117,user_0356,6
117,user_0355,6
117,user_0345,6
117,user_0350,6
117,user_0343,6
117,user_0342,6
117,user_0334,6
117,user_0337,6
117,user_0339,6
117,user_0336,6
117,user_0359,6
117,user_0331,6
117,user_0344,6
117,user_0333,6
117,user_0351,6
117,user_0352,6
118,user_0263,5
118,user_0274,5
118,user_0262,5
118,user_0194,5
118,user_0187,5
118,user_0281,5
118,user_0181,5
118,user_0249,5
118,user_0200,5
118,user_0265,5
118,user_0280,5
118,user_0228,5
118,user_0288,5
118,user_0272,5
118,user_0188,5
118,user_0255,5
118,user_0279,5
118,user_0252,5
118,user_0296,5
118,user_0216,5
118,user_0190,5
118,user_0299,5
118,user_0206,5
118,user_0185,5
118,user_0268,5
118,user_0273,5
118,user_0286,5
118,user_0270,5
118,user_0246,5
118,user_0236,5
118,user_0282,5
118,user_0232,5
118,user_0266,5
118,user_0276,5
118,user_0245,5
118,user_0283,5
118,user_0215,5
118,user_0250,5
118,user_0294,5
118,user_0226,5
118,user_0253,5
118,user_0198,5
118,user_0184,5
118,user_0292,5
118,user_0193,5
118,user_0242,5
118,user_0214,5
118,user_0199,5
118,user_0210,5
118,user_0260,5
118,user_0264,5
118,user_0259,5
118,user_0201,5
118,user_0225,5
118,user_0298,5
118,user_0112,5
118,user_0207,5
118,user_0221,5
118,user_0219,5
118,user_0202,5
118,user_0209,5
118,user_0275,5
118,user_0230,5
118,user_0222,5
118,user_0251,5
118,user_0278,5
118,user_0247,5
118,user_0257,5
118,user_0180,5
118,user_0291,5
118,user_0267,5
118,user_0223,5
118,user_0205,5
118,user_0213,5
118,user_0234,5
118,user_0189,5
118,user_0287,5
118,user_0229,5
118,user_0203,5
118,user_0224,5
118,user_0218,5
118,user_0220,5
118,user_0297,5
118,user_0244,5
118,user_0269,5
118,user_0241,5
118,user_0197,5
118,user_0191,5
118,user_0239,5
118,user_0192,5
118,user_0277,5
118,user_0183,5
118,user_0233,5
118,user_0211,5
118,user_0258,5
118,user_0295,5
118,user_0231,5
118,user_0208,5
118,user_0186,5
118,user_0248,5
118,user_0217,5
118,user_0243,5
118,user_0212,5
118,user_0237,5
118,user_0290,5
118,user_0254,5
118,user_0261,5
118,user_0196,5
118,user_0285,5
118,user_0227,5
118,user_0195,5
118,user_0240,5
118,user_0293,5
118,user_0271,5
118,user_0204,5
118,user_0235,5
118,user_0182,5
118,user_0256,5
118,user_0284,5
118,user_0289,5
118,user_0238,5
118,user_0179,2
118,user_0141,2
118,user_0128,2
118,user_0162,2
118,user_0134,2
118,user_0177,2
118,user_0174,2
118,user_0157,2
118,user_0158,2
118,user_0176,2
118,user_0147,2
118,user_0122,2
118,user_0124,2
118,user_0168,2
118,user_0175,2
118,user_0145,2
118,user_0164,2
118,user_0065,2
118,user_0172,2
118,user_0062,2
118,user_0129,2
118,user_0133,2
118,user_0150,2
118,user_0142,2
118,user_0153,2
118,user_0130,2
118,user_0169,2
118,user_0123,2
118,user_0136,2
118,user_0120,2
118,user_0138,2
118,user_0137,2
118,user_0178,2
118,user_0132,2
118,user_0171,2
118,user_0139,2
118,user_0121,2
118,user_0149,2
118,user_0155,2
118,user_0148,2
118,user_0151,2
118,user_0163,2
118,user_0152,2
118,user_0064,2
118,user_0144,2
118,user_0143,2
118,user_0159,2
118,user_0160,2
118,user_0131,2
118,user_0067,2
118,user_0146,2
118,user_0166,2
118,user_0170,2
118,user_0063,2
118,user_0165,2
118,user_0135,2
118,user_0126,2
118,user_0156,2
118,user_0125,2
118,user_0061,2
118,user_0167,2
118,user_0060,2
118,user_0154,2
118,user_0173,2
118,user_0127,2
118,user_0161,2
118,user_0066,2
118,user_0140,2
118,user_0018,0
118,user_0032,0
118,user_0010,0
118,user_0041,0
118,user_0030,0
118,user_0031,0
118,user_0059,0
118,user_0042,0
118,user_0003,0
118,user_0025,0
118,user_0054,0
118,user_0014,0
118,user_0023,0
118,user_0007,0
118,user_0039,0
118,user_0057,0
118,user_0000,0
118,user_0021,0
118,user_0020,0
118,user_0001,0
118,user_0011,0
118,user_0034,0
118,user_0016,0
118,user_0040,0
118,user_0005,0
118,user_0017,0
118,user_0048,0
118,user_0008,0
118,user_0029,0
118,user_0044,0
118,user_0028,0
118,user_0038,0
118,user_0019,0
118,user_0055,0
118,user_0009,0
118,user_0047,0
118,user_0050,0
118,user_0058,0
118,user_0036,0
118,user_0015,0
118,user_0052,0
118,user_0004,0
118,user_0049,0
118,user_0026,0
118,user_0027,0
118,user_0035,0
118,user_0006,0
118,user_0012,0
118,user_0024,0
118,user_0033,0
118,user_0013,0
118,user_0043,0
118,user_0053,0
118,user_0002,0
118,user_0045,0
118,user_0037,0
118,user_0056,0
118,user_0051,0
118,user_0022,0
118,user_0046,0
118,user_0074,1
118,user_0096,1
118,user_0077,1
118,user_0087,1
118,user_0069,1
118,user_0094,1
118,user_0109,1
118,user_0073,1
118,user_0092,1
118,user_0086,1
118,user_0111,1
118,user_0088,1
118,user_0083,1
118,user_0118,1
118,user_0081,1
118,user_0102,1
118,user_0079,1
118,user_0103,1
118,user_0104,1
118,user_0091,1
118,user_0116,1
118,user_0098,1
118,user_0072,1
118,user_0113,1
118,user_0075,1
118,user_0068,1
118,user_0090,1
118,user_0117,1
118,user_0093,1
118,user_0089,1
118,user_0076,1
118,user_0115,1
118,user_0100,1
118,user_0114,1
118,user_0078,1
118,user_0107,1
118,user_0084,1
118,user_0106,1
118,user_0080,1
118,user_0099,1
118,user_0071,1
118,user_0095,1
118,user_0070,1
118,user_0082,1
118,user_0108,1
118,user_0105,1
118,user_0119,1
118,user_0085,1
118,user_0097,1
118,user_0101,1
118,user_0335,6
118,user_0349,6
118,user_0347,6
118,user_0340,6
118,user_0353,6
118,user_0357,6
118,user_0354,6
118,user_0330,6
118,user_0348,6
118,user_0332,6
118,user_0338,6
118,user_0341,6
118,user_0358,6
118,user_0346,6
118,user_0356,6
118,user_0355,6
118,user_0345,6
118,user_0350,6
118,user_0343,6
118,user_0342,6
118,user_0339,6
118,user_0337,6
118,user_0334,6
118,user_0336,6
118,user_0359,6
118,user_0331,6
118,user_0344,6
118,user_0333,6
118,user_0351,6
118,user_0352,6
118,user_0318,3
118,user_0328,3
118,user_0306,3
118,user_0316,3
118,user_0302,3
118,user_0329,3
118,user_0303,3
118,user_0312,3
118,user_0305,3
118,user_0315,3
118,user_0313,3
118,user_0323,3
118,user_0326,3
118,user_0319,3
118,user_0304,3
118,user_0327,3
118,user_0309,3
118,user_0311,3
118,user_0322,3
118,user_0324,3
118,user_0301,3
118,user_0317,3
118,user_0310,3
118,user_0320,3
118,user_0300,3
118,user_0325,3
118,user_0307,3
118,user_0308,3
118,user_0321,3
118,user_0314,3
119,user_0263,5
119,user_0274,5
119,user_0262,5
119,user_0194,5
119,user_0187,5
119,user_0281,5
119,user_0181,5
119,user_0249,5
119,user_0228,5
119,user_0280,5
119,user_0200,5
119,user_0265,5
119,user_0288,5
119,user_0272,5
119,user_0188,5
119,user_0255,5
119,user_0279,5
119,user_0252,5
119,user_0296,5
119,user_0216,5
119,user_0299,5
119,user_0190,5
119,user_0206,5
119,user_0185,5
119,user_0268,5
119,user_0286,5
119,user_0282,5
119,user_0270,5
119,user_0246,5
119,user_0236,5
119,user_0273,5
119,user_0232,5
119,user_0266,5
119,user_0276,5
119,user_0283,5
119,user_0245,5
119,user_0215,5
119,user_0226,5
119,user_0294,5
119,user_0250,5
119,user_0253,5
119,user_0198,5
119,user_0184,5
119,user_0292,5
119,user_0193,5
119,user_0242,5
119,user_0214,5
119,user_0210,5
119,user_0199,5
119,user_0260,5
119,user_0264,5
119,user_0259,5
119,user_0201,5
119,user_0225,5
119,user_0298,5
119,user_0207,5
119,user_0221,5
119,user_0219,5
119,user_0202,5
119,user_0209,5
119,user_0275,5
119,user_0257,5
119,user_0230,5
119,user_0251,5
119,user_0247,5
119,user_0222,5
119,user_0278,5
119,user_0180,5
119,user_0291,5
119,user_0267,5
119,user_0223,5
119,user_0205,5
119,user_0213,5
119,user_0234,5
119,user_0189,5
119,user_0287,5
119,user_0203,5
119,user_0229,5
119,user_0224,5
119,user_0218,5
119,user_0220,5
119,user_0297,5
119,user_0244,5
119,user_0269,5
119,user_0241,5
119,user_0191,5
119,user_0197,5
119,user_0239,5
119,user_0192,5
119,user_0277,5
119,user_0233,5
119,user_0183,5
119,user_0211,5
119,user_0258,5
119,user_0295,5
119,user_0231,5
119,user_0208,5
119,user_0186,5
119,user_0248,5
119,user_0217,5
119,user_0243,5
119,user_0212,5
119,user_0237,5
119,user_0290,5
119,user_0254,5
119,user_0261,5
119,user_0196,5
119,user_0285,5
119,user_0227,5
119,user_0195,5
119,user_0293,5
119,user_0240,5
119,user_0271,5
119,user_0204,5
119,user_0235,5
119,user_0182,5
119,user_0256,5
119,user_0284,5
119,user_0289,5
119,user_0238,5
119,user_0179,2
119,user_0141,2
119,user_0128,2
119,user_0162,2
119,user_0134,2
119,user_0177,2
119,user_0174,2
119,user_0157,2
119,user_0158,2
119,user_0176,2
119,user_0122,2
119,user_0147,2
119,user_0124,2
119,user_0168,2
119,user_0175,2
119,user_0145,2
119,user_0164,2
119,user_0065,2
119,user_0172,2
119,user_0062,2
119,user_0129,2
119,user_0133,2
119,user_0150,2
119,user_0142,2
119,user_0153,2
119,user_0130,2
119,user_0169,2
119,user_0123,2
119,user_0120,2
119,user_0138,2
119,user_0136,2
119,user_0137,2
119,user_0178,2
119,user_0132,2
119,user_0171,2
119,user_0139,2
119,user_0121,2
119,user_0149,2
119,user_0155,2
119,user_0148,2
119,user_0151,2
119,user_0163,2
119,user_0152,2
119,user_0144,2
119,user_0064,2
119,user_0143,2
119,user_0159,2
119,user_0160,2
119,user_0131,2
119,user_0067,2
119,user_0146,2
119,user_0166,2
119,user_0170,2
119,user_0063,2
119,user_0165,2
119,user_0135,2
119,user_0126,2
119,user_0156,2
119,user_0125,2
119,user_0060,2
119,user_0167,2
119,user_0061,2
119,user_0154,2
119,user_0173,2
119,user_0127,2
119,user_0161,2
119,user_0066,2
119,user_0140,2
119,user_0018,0
119,user_0032,0
119,user_0010,0
119,user_0041,0
119,user_0030,0
119,user_0031,0
119,user_0059,0
119,user_0042,0
119,user_0003,0
119,user_0025,0
119,user_0054,0
119,user_0014,0
119,user_0023,0
119,user_0007,0
119,user_0039,0
119,user_0057,0
119,user_0021,0
119,user_0020,0
119,user_0001,0
119,user_0011,0
119,user_0034,0
119,user_0016,0
119,user_0040,0
119,user_0005,0
119,user_0017,0
119,user_0048,0
119,user_0008,0
119,user_0029,0
119,user_0046,0
119,user_0044,0
119,user_0028,0
119,user_0038,0
119,user_0019,0
119,user_0055,0
119,user_0009,0
119,user_0047,0
119,user_0050,0
119,user_0058,0
119,user_0036,0
119,user_0015,0
119,user_0052,0
119,user_0004,0
119,user_0049,0
119,user_0026,0
119,user_0027,0
119,user_0035,0
119,user_0006,0
119,user_0012,0
119,user_0024,0
119,user_0033,0
119,user_0013,0
119,user_0053,0
119,user_0043,0
119,user_0002,0
119,user_0045,0
119,user_0037,0
119,user_0056,0
119,user_0051,0
119,user_0022,0
119,user_0000,0
119,user_0074,1
119,user_0096,1
119,user_0077,1
119,user_0087,1
119,user_0069,1
119,user_0094,1
119,user_0109,1
119,user_0073,1
119,user_0092,1
119,user_0086,1
119,user_0076,1
119,user_0081,1
119,user_0088,1
119,user_0111,1
119,user_0083,1
119,user_0118,1
119,user_0103,1
119,user_0104,1
119,user_0079,1
119,user_0091,1
119,user_0102,1
119,user_0116,1
119,user_0098,1
119,user_0072,1
119,user_0113,1
119,user_0075,1
119,user_0068,1
119,user_0117,1
119,user_0090,1
119,user_0093,1
119,user_0089,1
119,user_0115,1
119,user_0100,1
119,user_0114,1
119,user_0078,1
119,user_0084,1
119,user_0107,1
119,user_0110,1
119,user_0106,1
119,user_0080,1
119,user_0099,1
119,user_0071,1
119,user_0095,1
119,user_0108,1
119,user_0070,1
119,user_0105,1
119,user_0082,1
119,user_0112,1
119,user_0119,1
119,user_0085,1
119,user_0097,1
119,user_0101,1
119,user_0318,3
119,user_0328,3
119,user_0306,3
119,user_0316,3
119,user_0302,3
119,user_0329,3
119,user_0303,3
119,user_0312,3
119,user_0305,3
119,user_0315,3
119,user_0313,3
119,user_0326,3
119,user_0323,3
119,user_0319,3
119,user_0304,3
119,user_0327,3
119,user_0324,3
119,user_0309,3
119,user_0322,3
119,user_0311,3
119,user_0310,3
119,user_0317,3
119,user_0301,3
119,user_0320,3
119,user_0300,3
119,user_0325,3
119,user_0307,3
119,user_0308,3
119,user_0321,3
119,user_0314,3
119,user_0335,6
119,user_0340,6
119,user_0347,6
119,user_0349,6
119,user_0353,6
119,user_0357,6
119,user_0354,6
119,user_0330,6
119,user_0348,6
119,user_0332,6
119,user_0338,6
119,user_0341,6
119,user_0358,6
119,user_0346,6
119,user_0356,6
119,user_0355,6
119,user_0345,6
119,user_0343,6
119,user_0350,6
119,user_0342,6
119,user_0339,6
119,user_0337,6
119,user_0334,6
119,user_0336,6
119,user_0359,6
119,user_0331,6
119,user_0344,6
119,user_0333,6
119,user_0351,6
119,user_0352,6
